index;step_length;step_width
1;0.7205982324949014;0.1920462270564242
2;0.8140720598232495;0.09177430319510538
3;0.7188987083616588;0.17845003399048268
4;0.8123725356900068;0.32460910944935417
mean;0.7664853840924541;0.19671991842284162
standard_deviation;0.04674463813553726;0.0832539179334885
