index;step_length;step_width
1;0.7307953772943576;0.20394289598912305
2;0.8259687287559484;0.30931339225016996
3;0.7817811012916384;0.13936097892590074
4;0.7290958531611149;0.24473147518694766
mean;0.7669102651257649;0.22433718558803534
standard_deviation;0.04013495599205682;0.06179353828245358
