index;step_length;step_width
1;0.844663494221618;0.3484024473147519
2;0.7494901427600272;0.08327668252889191
3;0.6934058463630184;0.1274643099932019
4;0.7698844323589396;0.23963290278721958
mean;0.7643609789259008;0.19969408565601635
standard_deviation;0.05416358349004965;0.10305270275959394
