index;step_length;step_width
1;0.4452753229095853;0.13596193065941536
2;0.48606390210740996;0.21923861318830729
3;0.5149558123725357;0.33820530251529574
4;0.44867437117607073;0.13596193065941536
5;0.4112848402447315;0.22773623385452074
6;0.446974847042828;0.3484024473147519
7;0.3874915023793338;0.11556764106050306
8;0.41978246091094495;0.20904146838885113
mean;0.44506288239293;0.21626444595513256
standard_deviation;0.03820564177600241;0.08333627461738104
