index;step_length;step_width
1;0.5166553365057784;0.16655336505778381
2;0.4537729435757988;0.3297076818490823
3;0.3925900747790619;0.1070700203942896
4;0.4299796057104011;0.16315431679129844
5;0.4928619986403807;0.29061862678450034
6;0.4571719918422842;0.10537049626104691
7;0.4316791298436438;0.16315431679129844
mean;0.4535301544139069;0.1893755462756143
standard_deviation;0.03834224346168726;0.0807732941642119
