index;step_length;step_width
1;0.4282800815771584;0.24303195105370498
2;0.3891910265125765;0.11216859279401768
3;0.43847722637661457;0.21074099252209383
4;0.4962610469068661;0.09007477906186268
5;0.424881033310673;0.16655336505778381
6;0.4571719918422842;0.3280081577158396
7;0.3959891230455473;0.1291638341264446
8;0.44867437117607073;0.24813052345343306
mean;0.43486573759347386;0.19098402447314752
standard_deviation;0.03203769220145346;0.07579066649219708
