index;step_length;step_width
1;0.3925900747790619;0.11726716519374576
2;0.44867437117607073;0.17675050985723997
3;0.5047586675730795;0.27362338545207343
4;0.43847722637661457;0.06968048946295037
5;0.48606390210740996;0.14106050305914344
6;0.4520734194425561;0.2583276682528892
7;0.3857919782460911;0.09857239972807615
8;0.4265805574439157;0.1495581237253569
mean;0.4418762746431;0.16060503059143438
standard_deviation;0.0385308771201721;0.0680817997925027
