index;step_length;step_width
1;0.4095853161114888;0.11896668932698845
2;0.46566961250849764;0.20224337185588037
3;0.39768864717878993;0.33650577838205303
4;0.43507817811012917;0.10027192386131883
5;0.3908905506458192;0.1512576478585996
6;0.4401767505098573;0.07307953772943576
7;0.48096532970768185;0.12406526172671653
8;0.4282800815771584;0.22433718558803536
mean;0.4310418082936778;0.16634092454112848
standard_deviation;0.029546038871530608;0.07978916255214881
