index;step_length;step_width
1;0.48266485384092456;0.07817811012916384
2;0.41638341264445955;0.1291638341264446
3;0.3891910265125765;0.21753908905506458
4;0.43507817811012917;0.3501019714479946
5;0.4554724677090415;0.14615907545887152
6;0.3925900747790619;0.24303195105370498
7;0.41978246091094495;0.07307953772943576
8;0.3942895989123046;0.14106050305914344
mean;0.42318150917743036;0.17228925900747794
standard_deviation;0.031036679754843092;0.08724014084950646
