index;step_length;step_width
1;0.4265805574439157;0.22943575798776344
2;0.40108769544527534;0.09687287559483344
3;0.4588715159755269;0.1495581237253569
4;0.39768864717878993;0.2685248130523454
5;0.43847722637661457;0.10876954452753229
6;0.46566961250849764;0.18014955812372535
7;0.4112848402447315;0.331407205982325
8;0.46566961250849764;0.14445955132562882
mean;0.4331662134602311;0.1886471787899388
standard_deviation;0.026485292430974024;0.07646914361228174
