index;step_length;step_width
1;0.7987763426240653;0.19884432358939497
2;0.7273963290278722;0.3433038749150238
3;0.7902787219578519;0.09007477906186268
4;0.8922501699524134;0.15805574439157036
mean;0.8021753908905507;0.19756968048946294
standard_deviation;0.058860976412470865;0.09267764714155352
