index;step_length;step_width
1;0.7800815771583957;0.3484024473147519
2;0.8208701563562203;0.14106050305914344
3;0.7222977566281441;0.2787219578518015
4;0.7681849082256968;0.07477906186267845
mean;0.7728585995921142;0.21074099252209383
standard_deviation;0.035126639534873515;0.10829716637939099
