index;step_length;step_width
1;0.7528891910265126;0.3229095853161115
2;0.7138001359619307;0.11216859279401768
3;0.7800815771583957;0.18524813052345343
4;0.8208701563562203;0.33650577838205303
mean;0.7669102651257648;0.23920802175390893
standard_deviation;0.03905902476048069;0.09423838331551115
