index;step_length;step_width
1;0.9143439836845684;0.10537049626104691
2;0.7936777702243372;0.1937457511896669
3;0.7053025152957172;0.33480625424881033
4;0.756288239292998;0.11216859279401768
mean;0.7924031271244052;0.18652277362338546
standard_deviation;0.07707463739399849;0.09240454312317929
