index;step_length;step_width
1;0.8735554044867437;0.29571719918422845
2;0.7528891910265126;0.10876954452753229
3;0.7087015635622026;0.18014955812372535
4;0.7477906186267845;0.30761386811692726
mean;0.7707341944255609;0.22306254248810334
standard_deviation;0.06177600737143386;0.08266202183453969
