index;step_length;step_width
1;0.7290958531611149;0.18864717878993884
2;0.800475866757308;0.07647858599592114
3;0.756288239292998;0.12236573759347383
4;0.6985044187627465;0.20734194425560845
mean;0.7460910944935418;0.14870836165873558
standard_deviation;0.037466702387914;0.052306979593855864
