index;step_length;step_width
1;0.8106730115567642;0.07817811012916384
2;0.7205982324949014;0.1342624065261727
3;0.7749830047586675;0.2668252889191027
4;0.690006798096533;0.08157715839564922
mean;0.7490652617267166;0.14021074099252212
standard_deviation;0.04681217288973754;0.07640773967594826
