index;step_length;step_width
1;0.6883072739632903;0.09177430319510538
2;0.7324949014276003;0.16145479265805576
3;0.6526172671651937;0.24983004758667574
4;0.579537729435758;0.08157715839564922
5;0.623725356900068;0.12406526172671653
mean;0.6553365057783822;0.14174031271244053
standard_deviation;0.052521620426155546;0.06082872048052456
