index;step_length;step_width
1;0.6118286879673691;0.33480625424881033
2;0.5642420122365738;0.13936097892590074
3;0.6305234534330387;0.2787219578518015
4;0.6951053704962611;0.13596193065941536
5;0.6407205982324949;0.24813052345343306
mean;0.6284840244731476;0.22739632902787216
standard_deviation;0.04241870607198345;0.07837294316432757
