index;step_length;step_width
1;0.6543167912984365;0.11896668932698845
2;0.712100611828688;0.23283480625424882
3;0.6441196464989803;0.11216859279401768
4;0.7358939496940857;0.2158395649218219
5;0.690006798096533;0.07817811012916384
mean;0.6872875594833447;0.15159755268524816
standard_deviation;0.034456358660704796;0.06121496250181657
