index;step_length;step_width
1;0.5812372535690007;0.24303195105370498
2;0.6220258327668253;0.1070700203942896
3;0.6934058463630184;0.1920462270564242
4;0.6441196464989803;0.31271244051665537
5;0.6883072739632903;0.13596193065941536
mean;0.645819170632223;0.1981645139360979
standard_deviation;0.04197514967786699;0.07394473064617975
