index;step_length;step_width
1;0.6492182188987083;0.14445955132562882
2;0.7188987083616588;0.2787219578518015
3;0.6798096532970769;0.09687287559483344
4;0.601631543167913;0.1716519374575119
5;0.6883072739632903;0.331407205982325
mean;0.6675730795377295;0.20462270564242013
standard_deviation;0.039747069974795345;0.08704218663586256
