index;step_length;step_width
1;0.6050305914343984;0.14276002719238615
2;0.667912984364378;0.26172671651937457
3;0.7307953772943576;0.12236573759347383
4;0.6934058463630184;0.22433718558803536
5;0.5931339225016995;0.10876954452753229
mean;0.6580557443915704;0.17199184228416045
standard_deviation;0.05227687612651915;0.060177555340124346
