index;step_length;step_width
1;0.6288239292997961;0.28891910265125764
2;0.6815091774303196;0.10876954452753229
3;0.6067301155676411;0.20054384772263767
4;0.6492182188987083;0.31101291638341266
5;0.7290958531611149;0.11896668932698845
mean;0.6590754588715161;0.20564242012236575
standard_deviation;0.042798323639500604;0.08361935076375229
