index;step_length;step_width
1;0.7002039428959892;0.15465669612508498
2;0.6373215499660095;0.28721957851801494
3;0.6934058463630184;0.13086335825968728
4;0.6033310673011557;0.24133242692046228
5;0.6883072739632903;0.08157715839564922
mean;0.6645139360978926;0.17912984364377973
standard_deviation;0.037834934355797094;0.07483003021701984
