index;step_length;step_width
1;0.7002039428959892;0.1070700203942896
2;0.6271244051665534;0.18184908225696805
3;0.5540448674371177;0.07987763426240653
4;0.6152277362338545;0.13596193065941536
5;0.650917743031951;0.21074099252209383
mean;0.6295037389530933;0.14309993201903465
standard_deviation;0.04766672881922654;0.047797435577371844
