index;step_length;step_width
1;0.7104010876954453;0.10197144799456152
2;0.6254248810333107;0.16485384092454114
3;0.6696125084976207;0.3008157715839565
4;0.5693405846363019;0.11726716519374576
5;0.6407205982324949;0.2158395649218219
mean;0.6430999320190348;0.18014955812372538
standard_deviation;0.04688469313081977;0.07229672587978474
