index;step_length;step_width
1;0.6917063222297757;0.13766145479265807
2;0.5897348742352142;0.27362338545207343
3;0.6339225016995241;0.11726716519374576
4;0.5744391570360299;0.23113528212100612
5;0.6373215499660095;0.07987763426240653
mean;0.6254248810333107;0.167912984364378
standard_deviation;0.04118322564476128;0.07266653251699698
