index;step_length;step_width
1;0.6645139360978927;0.2685248130523454
2;0.712100611828688;0.11896668932698845
3;0.6220258327668253;0.18694765465669613
4;0.5829367777022434;0.2974167233174711
5;0.650917743031951;0.13086335825968728
mean;0.64649898028552;0.20054384772263764
standard_deviation;0.04309692960053152;0.07169494476288064
