index;step_length;step_width
1;0.6050305914343984;0.1070700203942896
2;0.5591434398368457;0.18354860639021076
3;0.5897348742352142;0.28721957851801494
4;0.6475186947654656;0.11726716519374576
5;0.6866077498300476;0.20054384772263767
mean;0.6176070700203942;0.17912984364377976
standard_deviation;0.044741082407189076;0.06508622731706164
