index;step_length;step_width
1;0.7358939496940857;0.2787219578518015
2;0.6577158395649219;0.1342624065261727
3;0.5812372535690007;0.2362338545207342
4;0.6101291638341265;0.11556764106050306
5;0.6730115567641061;0.19884432358939497
mean;0.6515975526852482;0.19272603670972127
standard_deviation;0.05342672462230589;0.0611507582479452
