index;step_length;step_width
1;0.5829367777022434;0.07817811012916384
2;0.6339225016995241;0.11896668932698845
3;0.6968048946295038;0.18694765465669613
4;0.623725356900068;0.07307953772943576
5;0.6883072739632903;0.12066621346023114
mean;0.6451393609789259;0.11556764106050306
standard_deviation;0.04239418579923553;0.0408310451949565
