index;step_length;step_width
1;0.6645139360978927;0.1495581237253569
2;0.5659415363698165;0.2583276682528892
3;0.6186267845003399;0.07138001359619307
4;0.6883072739632903;0.10876954452753229
5;0.5931339225016995;0.21074099252209383
mean;0.6261046906866077;0.15975526852481306
standard_deviation;0.044960042865496826;0.06757184848287792
