index;step_length;step_width
1;0.6475186947654656;0.20054384772263767
2;0.5642420122365738;0.3042148198504419
3;0.6152277362338545;0.09517335146159075
4;0.5710401087695446;0.14445955132562882
5;0.6407205982324949;0.21923861318830729
mean;0.6077498300475868;0.19272603670972127
standard_deviation;0.03454008420247515;0.07076717269641174
