index;step_length;step_width
1;0.6577158395649219;0.30761386811692726
2;0.5829367777022434;0.13596193065941536
3;0.6526172671651937;0.24303195105370498
4;0.7443915703602991;0.10367097212780423
5;0.690006798096533;0.20054384772263767
mean;0.6655336505778383;0.19816451393609788
standard_deviation;0.05266441113353898;0.07320669379659102
