index;step_length;step_width
1;0.7154996600951734;0.07647858599592114
2;0.6118286879673691;0.1342624065261727
3;0.6781101291638342;0.2362338545207342
4;0.579537729435758;0.09517335146159075
5;0.6424201223657376;0.15975526852481306
mean;0.6454792658055745;0.14038069340584636
standard_deviation;0.04786989623180472;0.05608532640217687
