index;step_length;step_width
1;0.48436437797416726;0.16315431679129844
2;0.5506458191706323;0.3042148198504419
3;0.5217539089055064;0.13936097892590074
4;0.4435757987763426;0.23453433038749152
5;0.4962610469068661;0.11216859279401768
6;0.43677770224337187;0.16995241332426922
7;0.5013596193065941;0.26172671651937457
mean;0.49067689618335436;0.19787316694182772
standard_deviation;0.037551564789696734;0.06489968198996934
