index;step_length;step_width
1;0.5064581917063222;0.14106050305914344
2;0.4452753229095853;0.22603670972127804
3;0.491162474507138;0.07817811012916384
4;0.557443915703603;0.1342624065261727
5;0.53025152957172;0.2532290958531611
6;0.5710401087695446;0.09517335146159075
7;0.4894629503738953;0.18864717878993884
mean;0.5130134990774012;0.15951247936292126
standard_deviation;0.04018142291717673;0.06069826162183172
