index;step_length;step_width
1;0.5047586675730795;0.1937457511896669
2;0.557443915703603;0.07307953772943576
3;0.4928619986403807;0.1291638341264446
4;0.46057104010876954;0.23963290278721958
5;0.5064581917063222;0.09007477906186268
6;0.540448674371176;0.1342624065261727
7;0.5081577158395649;0.24303195105370498
mean;0.5101000291346994;0.15757016606778676
standard_deviation;0.02917513622569641;0.0636857769533612
