index;step_length;step_width
1;0.5047586675730795;0.14276002719238615
2;0.4316791298436438;0.270224337185588
3;0.4877634262406526;0.110469068660775
4;0.4316791298436438;0.1903467029231815
5;0.4758667573079538;0.29061862678450034
6;0.5030591434398368;0.12406526172671653
7;0.5353501019714481;0.20904146838885113
mean;0.48145090803146545;0.19107507040885693
standard_deviation;0.03573869658086277;0.06526739877634498
