index;step_length;step_width
1;0.5353501019714481;0.11386811692726037
2;0.46057104010876954;0.22093813732155
3;0.424881033310673;0.10197144799456152
4;0.45037389530931343;0.1750509857239973
5;0.4758667573079538;0.2668252889191027
6;0.5455472467709042;0.08837525492861999
7;0.4775662814411965;0.1495581237253569
mean;0.48145090803146556;0.15951247936292123
standard_deviation;0.04081602825984214;0.06104397447729523
