index;step_length;step_width
1;0.4724677090414684;0.15465669612508498
2;0.5387491502379333;0.2549286199864038
3;0.4962610469068661;0.1070700203942896
4;0.4588715159755269;0.16315431679129844
5;0.4877634262406526;0.2515295717199184
6;0.5353501019714481;0.12406526172671653
7;0.4588715159755269;0.20224337185588037
mean;0.492619209478489;0.17966397979994175
standard_deviation;0.030879116433106035;0.054245858186924116
