index;step_length;step_width
1;0.4877634262406526;0.2821210061182869
2;0.5370496261046908;0.11726716519374576
3;0.5744391570360299;0.21753908905506458
4;0.5200543847722637;0.08497620666213461
5;0.446974847042828;0.15465669612508498
6;0.4707681849082257;0.3025152957171992
7;0.5285520054384772;0.11216859279401768
mean;0.5093716616490239;0.18160629309507623
standard_deviation;0.040235665700430405;0.08021233629543455
