index;step_length;step_width
1;0.5200543847722637;0.1070700203942896
2;0.4588715159755269;0.16995241332426922
3;0.5149558123725357;0.3161114887831407
4;0.44867437117607073;0.10876954452753229
5;0.4741672331747111;0.1750509857239973
6;0.446974847042828;0.07647858599592114
7;0.4877634262406526;0.1512576478585996
mean;0.47878022725065555;0.15781295522967856
standard_deviation;0.027847821615887468;0.07284160418893312
