index;step_length;step_width
1;0.4418762746431;0.33820530251529574
2;0.48436437797416726;0.10367097212780423
3;0.5557443915703604;0.1716519374575119
4;0.491162474507138;0.07138001359619307
5;0.5557443915703604;0.13086335825968728
6;0.4894629503738953;0.24303195105370498
7;0.5183548606390211;0.09687287559483344
mean;0.5052442458968632;0.16509663008643294
standard_deviation;0.038118671623063975;0.08820901477902796
