index;step_length;step_width
1;0.5030591434398368;0.09177430319510538
2;0.5540448674371177;0.16655336505778381
3;0.48606390210740996;0.3178110129163834
4;0.4418762746431;0.14785859959211423
5;0.48606390210740996;0.24473147518694766
6;0.4537729435757988;0.09517335146159075
7;0.5149558123725357;0.16995241332426922
mean;0.49140526366902976;0.17626493153345632
standard_deviation;0.03492958994149241;0.07500338420383179
