index;step_length;step_width
1;0.5183548606390211;0.14615907545887152
2;0.46397008837525494;0.2804214819850442
3;0.5030591434398368;0.08157715839564922
4;0.5557443915703604;0.13086335825968728
5;0.5251529571719918;0.1954452753229096
6;0.4537729435757988;0.07647858599592114
7;0.48436437797416726;0.12406526172671653
mean;0.5006312518209187;0.14785859959211423
standard_deviation;0.0333019654399538;0.06566537989850695
