index;step_length;step_width
1;0.46736913664174035;0.3501019714479946
2;0.4928619986403807;0.13936097892590074
3;0.4537729435757988;0.26342624065261727
4;0.48436437797416726;0.11896668932698845
5;0.557443915703603;0.1971447994561523
6;0.5098572399728076;0.08837525492861999
7;0.4537729435757988;0.17675050985723997
mean;0.48849179372632806;0.19058949208507334
standard_deviation;0.03402514915286947;0.08382451841379138
