index;step_length;step_width
1;0.424881033310673;0.16145479265805576
2;0.4877634262406526;0.07647858599592114
3;0.557443915703603;0.14615907545887152
4;0.5285520054384772;0.22943575798776344
5;0.4554724677090415;0.10197144799456152
6;0.5030591434398368;0.15635622025832768
7;0.5659415363698165;0.26342624065261727
mean;0.5033019326017286;0.1621831601437312
standard_deviation;0.04806489624416557;0.06098600848333014
