index;step_length;step_width
1;0.5659415363698165;0.1512576478585996
2;0.4894629503738953;0.27532290958531613
3;0.5421481985044188;0.08837525492861999
4;0.4724677090414684;0.15975526852481306
5;0.4401767505098573;0.27192386131883073
6;0.4707681849082257;0.10876954452753229
7;0.4452753229095853;0.20224337185588037
mean;0.48946295037389526;0.17966397979994175
standard_deviation;0.04415025948514055;0.06838470406604336
