index;step_length;step_width
1;0.4571719918422842;0.12406526172671653
2;0.5217539089055064;0.2124405166553365
3;0.48606390210740996;0.3297076818490823
4;0.5336505778382054;0.1342624065261727
5;0.4877634262406526;0.2158395649218219
6;0.552345343303875;0.08157715839564922
7;0.4962610469068661;0.15975526852481306
mean;0.5050014567349714;0.17966397979994178
standard_deviation;0.030148900798825658;0.07565522215637023
