index;step_length;step_width
1;0.5931339225016995;0.12236573759347383
2;0.5489462950373896;0.20564242012236575
3;0.5183548606390211;0.09857239972807615
4;0.5863358259687288;0.1903467029231815
5;0.5336505778382054;0.07477906186267845
6;0.5863358259687288;0.12406526172671653
mean;0.5611262179922956;0.13596193065941536
standard_deviation;0.028948782793980048;0.047047461357340954
