index;step_length;step_width
1;0.6033310673011557;0.18864717878993884
2;0.5659415363698165;0.3501019714479946
3;0.5999320190346703;0.13086335825968728
4;0.5319510537049627;0.23453433038749152
5;0.5591434398368457;0.08497620666213461
6;0.5200543847722637;0.16825288919102652
mean;0.5633922501699524;0.19289598912304554
standard_deviation;0.031148928510946954;0.08422938307953352
