index;step_length;step_width
1;0.5166553365057784;0.1274643099932019
2;0.5812372535690007;0.24983004758667574
3;0.6271244051665534;0.10537049626104691
4;0.6713120326308634;0.1937457511896669
5;0.5846363018354861;0.33820530251529574
6;0.5149558123725357;0.14615907545887152
mean;0.5826535236800363;0.19346249716745978
standard_deviation;0.05595037766684413;0.08008478394009463
