index;step_length;step_width
1;0.5149558123725357;0.10367097212780423
2;0.5761386811692726;0.1920462270564242
3;0.6101291638341265;0.31101291638341266
4;0.5251529571719918;0.15295717199184228
5;0.5999320190346703;0.26512576478586
6;0.667912984364378;0.10027192386131883
mean;0.5823702696578291;0.18751416270111035
standard_deviation;0.05204787840808239;0.07866714370978478
