index;step_length;step_width
1;0.5455472467709042;0.08497620666213461
2;0.5183548606390211;0.14445955132562882
3;0.5642420122365738;0.24643099932019036
4;0.6203263086335826;0.12066621346023114
5;0.5812372535690007;0.21074099252209383
6;0.540448674371176;0.3433038749150238
mean;0.5616927260367097;0.1917629730342171
standard_deviation;0.032702041816610905;0.08661137306382055
