index;step_length;step_width
1;0.6560163154316792;0.10537049626104691
2;0.6152277362338545;0.1920462270564242
3;0.5251529571719918;0.3008157715839565
4;0.5557443915703604;0.10367097212780423
5;0.5149558123725357;0.20054384772263767
6;0.5489462950373896;0.33820530251529574
mean;0.5693405846363019;0.2067754362111942
standard_deviation;0.05021511455708414;0.0887756245555495
