index;step_length;step_width
1;0.5234534330387491;0.2362338545207342
2;0.5727396329027873;0.1070700203942896
3;0.5285520054384772;0.1750509857239973
4;0.5676410605030592;0.3008157715839565
5;0.5251529571719918;0.14106050305914344
6;0.5676410605030592;0.2549286199864038
mean;0.5475300249263539;0.20252662587808748
standard_deviation;0.02192795970197363;0.06731500699403914
