index;step_length;step_width
1;0.6050305914343984;0.2838205302515296
2;0.650917743031951;0.12236573759347383
3;0.690006798096533;0.24473147518694766
4;0.6492182188987083;0.10027192386131883
5;0.5982324949014276;0.18524813052345343
mean;0.6386811692726037;0.18728755948334466
standard_deviation;0.0336557275172986;0.06987008081773144
