index;step_length;step_width
1;0.4894629503738953;0.1291638341264446
2;0.4554724677090415;0.24133242692046228
3;0.513256288239293;0.08157715839564922
4;0.4758667573079538;0.1291638341264446
5;0.446974847042828;0.21923861318830729
6;0.48266485384092456;0.33480625424881033
7;0.5438477226376615;0.13766145479265807
mean;0.48679226959308536;0.18184908225696805
standard_deviation;0.030858110878542334;0.08096791044807111
