index;step_length;step_width
1;0.5455472467709042;0.10537049626104691
2;0.4758667573079538;0.18694765465669613
3;0.43847722637661457;0.3450033990482665
4;0.48606390210740996;0.08837525492861999
5;0.4418762746431;0.15465669612508498
6;0.46906866077498305;0.2532290958531611
7;0.4962610469068661;0.08157715839564922
mean;0.4790230164125474;0.17359425075264642
standard_deviation;0.033605037192321746;0.08995526845266011
