index;step_length;step_width
1;0.48436437797416726;0.24303195105370498
2;0.5438477226376615;0.07647858599592114
3;0.48096532970768185;0.11726716519374576
4;0.4401767505098573;0.20734194425560845
5;0.49796057104010877;0.3433038749150238
6;0.4418762746431;0.15295717199184228
7;0.48606390210740996;0.07477906186267845
mean;0.48217927551714096;0.17359425075264642
standard_deviation;0.03264950077501065;0.09067712032815345
