index;step_length;step_width
1;0.4571719918422842;0.07477906186267845
2;0.43337865397688646;0.12406526172671653
3;0.46057104010876954;0.2158395649218219
4;0.5098572399728076;0.07138001359619307
5;0.5642420122365738;0.13596193065941536
6;0.4928619986403807;0.24983004758667574
7;0.5183548606390211;0.07817811012916384
mean;0.4909196853452462;0.13571914149752357
standard_deviation;0.04116547338965564;0.06626854454674265
