index;step_length;step_width
1;0.46566961250849764;0.2583276682528892
2;0.5234534330387491;0.07987763426240653
3;0.5642420122365738;0.13086335825968728
4;0.5217539089055064;0.21074099252209383
5;0.4877634262406526;0.3433038749150238
6;0.46227056424201224;0.14615907545887152
7;0.5098572399728076;0.27532290958531613
mean;0.5050014567349714;0.20637078760804117
standard_deviation;0.033432693513676566;0.0858162669161588
