index;step_length;step_width
1;0.5693405846363019;0.14276002719238615
2;0.4962610469068661;0.2804214819850442
3;0.4418762746431;0.09517335146159075
4;0.48096532970768185;0.18694765465669613
5;0.44867437117607073;0.33820530251529574
6;0.48606390210740996;0.11556764106050306
7;0.45037389530931343;0.18184908225696805
mean;0.4819364863552491;0.19156064873264061
standard_deviation;0.040655405824870317;0.08190887389575321
