index;step_length;step_width
1;0.46227056424201224;0.16995241332426922
2;0.43677770224337187;0.31101291638341266
3;0.4877634262406526;0.13596193065941536
4;0.5217539089055064;0.270224337185588
5;0.46397008837525494;0.0866757307953773
6;0.53025152957172;0.14615907545887152
7;0.5659415363698165;0.24303195105370498
mean;0.49553267942119067;0.19471690783723414
standard_deviation;0.042199242826875684;0.07526777288464605
