index;step_length;step_width
1;0.5047586675730795;0.09517335146159075
2;0.4588715159755269;0.1733514615907546
3;0.5064581917063222;0.07647858599592114
4;0.4741672331747111;0.13766145479265807
5;0.5081577158395649;0.23113528212100612
6;0.5387491502379333;0.09177430319510538
7;0.46227056424201224;0.14785859959211423
mean;0.4933475769641643;0.1362047198213072
standard_deviation;0.027005315259753956;0.0503622211666766
