index;step_length;step_width
1;0.8259687287559484;0.2668252889191027
2;0.739292997960571;0.110469068660775
3;0.8242692046227057;0.20054384772263767
4;0.7070020394289599;0.3467029231815092
mean;0.7741332426920462;0.23113528212100612
standard_deviation;0.05225173059022167;0.08678396622492716
