index;step_length;step_width
1;0.822569680489463;0.07817811012916384
2;0.7324949014276003;0.14445955132562882
3;0.667912984364378;0.2838205302515296
4;0.7375934738273284;0.10876954452753229
mean;0.7401427600271924;0.15380693405846363
standard_deviation;0.05494616981756362;0.0786431723414334
