index;step_length;step_width
1;0.7766825288919103;0.1070700203942896
2;0.6645139360978927;0.1733514615907546
3;0.7545887151597553;0.33650577838205303
4;0.8599592114208022;0.09177430319510538
mean;0.7639360978925901;0.17717539089055065
standard_deviation;0.06956121342881648;0.09696507562708506
