index;step_length;step_width
1;0.761386811692726;0.11386811692726037
2;0.7053025152957172;0.1716519374575119
3;0.7545887151597553;0.2838205302515296
4;0.8157715839564922;0.11216859279401768
mean;0.7592624065261727;0.17037729435757987
standard_deviation;0.039151352095917843;0.0697361680849502
