index;step_length;step_width
1;0.7358939496940857;0.15295717199184228
2;0.8344663494221618;0.3008157715839565
3;0.761386811692726;0.11896668932698845
4;0.8174711080897349;0.1954452753229096
mean;0.7873045547246771;0.19204622705642418
standard_deviation;0.04015294364830644;0.06839396977518315
