index;step_length;step_width
1;0.7851801495581238;0.10197144799456152
2;0.844663494221618;0.17675050985723997
3;0.7426920462270564;0.08327668252889191
4;0.8140720598232495;0.16655336505778381
mean;0.7966519374575118;0.1321380013596193
standard_deviation;0.037589366931891084;0.040224813836524126
