index;step_length;step_width
1;0.7138001359619307;0.2583276682528892
2;0.8038749150237934;0.09687287559483344
3;0.8548606390210741;0.17675050985723997
4;0.7443915703602991;0.2974167233174711
mean;0.7792318150917744;0.20734194425560842
standard_deviation;0.05436485231721044;0.07722088587924086
