index;step_length;step_width
1;0.46566961250849764;0.07647858599592114
2;0.49966009517335147;0.12236573759347383
3;0.5591434398368457;0.22603670972127804
4;0.5319510537049627;0.09687287559483344
5;0.4707681849082257;0.17845003399048268
6;0.4265805574439157;0.3229095853161115
7;0.4571719918422842;0.14785859959211423
mean;0.487277847916869;0.16728173254345927
standard_deviation;0.042499894311429746;0.07873484445070991
