index;step_length;step_width
1;0.5030591434398368;0.22093813732155
2;0.4537729435757988;0.10197144799456152
3;0.48266485384092456;0.19884432358939497
4;0.44867437117607073;0.3212100611828688
5;0.48436437797416726;0.09347382732834807
6;0.5234534330387491;0.1733514615907546
7;0.4452753229095853;0.27702243371855884
mean;0.47732349227930465;0.19811595610371954
standard_deviation;0.027440546209684235;0.07810871099419935
