index;step_length;step_width
1;0.5285520054384772;0.29401767505098575
2;0.4928619986403807;0.09007477906186268
3;0.43847722637661457;0.13766145479265807
4;0.46906866077498305;0.22943575798776344
5;0.5081577158395649;0.09347382732834807
6;0.4520734194425561;0.15635622025832768
7;0.5064581917063222;0.2379333786539769
mean;0.4850927454598427;0.17699329901913183
standard_deviation;0.030372914448860838;0.07236990657856114
