index;step_length;step_width
1;0.46906866077498305;0.3484024473147519
2;0.5013596193065941;0.07307953772943576
3;0.5659415363698165;0.11556764106050306
4;0.4945615227736234;0.18184908225696805
5;0.557443915703603;0.3008157715839565
6;0.4758667573079538;0.14276002719238615
7;0.4520734194425561;0.2821210061182869
mean;0.5023307759541614;0.20637078760804117
standard_deviation;0.04049269056888294;0.09672520321045076
