index;step_length;step_width
1;0.5387491502379333;0.2362338545207342
2;0.4758667573079538;0.1070700203942896
3;0.5234534330387491;0.1750509857239973
4;0.4775662814411965;0.27362338545207343
5;0.5285520054384772;0.07307953772943576
6;0.4571719918422842;0.11556764106050306
7;0.5115567641060503;0.22433718558803536
mean;0.5018451976303778;0.17213751578129552
standard_deviation;0.02902320773481324;0.07008915640123921
