index;step_length;step_width
1;0.552345343303875;0.3297076818490823
2;0.5081577158395649;0.09177430319510538
3;0.46227056424201224;0.1716519374575119
4;0.424881033310673;0.2991162474507138
5;0.48436437797416726;0.11386811692726037
6;0.552345343303875;0.18694765465669613
7;0.4928619986403807;0.32460910944935417
mean;0.4967466252306497;0.21681072156938916
standard_deviation;0.042819088443330315;0.09281534662111579
