index;step_length;step_width
1;0.48436437797416726;0.2515295717199184
2;0.5506458191706323;0.07817811012916384
3;0.4945615227736234;0.12066621346023114
4;0.5472467709041469;0.1954452753229096
5;0.46736913664174035;0.3433038749150238
6;0.4418762746431;0.13256288239293
7;0.5030591434398368;0.24133242692046228
mean;0.49844614936389237;0.19471690783723414
standard_deviation;0.03685280365351126;0.08485889320286441
