index;step_length;step_width
1;0.4775662814411965;0.07307953772943576
2;0.513256288239293;0.11896668932698845
3;0.4452753229095853;0.21923861318830729
4;0.4962610469068661;0.09347382732834807
5;0.5268524813052345;0.16825288919102652
6;0.46736913664174035;0.26342624065261727
7;0.5047586675730795;0.11896668932698845
mean;0.4901913178595708;0.15077206953481598
standard_deviation;0.02624819219527936;0.06439453326903419
