index;step_length;step_width
1;0.46227056424201224;0.1070700203942896
2;0.513256288239293;0.1920462270564242
3;0.5710401087695446;0.08497620666213461
4;0.5115567641060503;0.13256288239293
5;0.4418762746431;0.2141400407885792
6;0.4741672331747111;0.07987763426240653
7;0.5370496261046908;0.1274643099932019
mean;0.501602408468486;0.13401961736428086
standard_deviation;0.04171312819468454;0.04765104564571077
