index;step_length;step_width
1;0.5030591434398368;0.17845003399048268
2;0.43677770224337187;0.32460910944935417
3;0.4707681849082257;0.13596193065941536
4;0.513256288239293;0.2685248130523454
5;0.4758667573079538;0.10537049626104691
6;0.5353501019714481;0.1716519374575119
7;0.4877634262406526;0.07138001359619307
mean;0.4889773720501117;0.1794211906380499
standard_deviation;0.029683891843406682;0.08291596459111161
