index;step_length;step_width
1;0.5030591434398368;0.1937457511896669
2;0.5489462950373896;0.33650577838205303
3;0.48266485384092456;0.14276002719238615
4;0.5285520054384772;0.22773623385452074
5;0.46566961250849764;0.07987763426240653
6;0.5081577158395649;0.1257647858599592
7;0.46566961250849764;0.2158395649218219
mean;0.500388462659027;0.1888899679518306
standard_deviation;0.029138745632082158;0.07750186008483724
