index;step_length;step_width
1;0.4707681849082257;0.27362338545207343
2;0.53025152957172;0.07477906186267845
3;0.49966009517335147;0.12406526172671653
4;0.46057104010876954;0.18864717878993884
5;0.5115567641060503;0.29231815091774305
6;0.4554724677090415;0.12236573759347383
7;0.513256288239293;0.2379333786539769
mean;0.4916480528309216;0.1876760221423716
standard_deviation;0.027066364007714457;0.07738692686956747
