index;step_length;step_width
1;0.5217539089055064;0.22093813732155
2;0.48096532970768185;0.3484024473147519
3;0.5200543847722637;0.15465669612508498
4;0.5710401087695446;0.2804214819850442
5;0.4877634262406526;0.10876954452753229
6;0.4537729435757988;0.2124405166553365
7;0.5115567641060503;0.3450033990482665
mean;0.506700980868214;0.2386617461396523
standard_deviation;0.03462108749598592;0.08453735930548731
