index;step_length;step_width
1;0.48436437797416726;0.1274643099932019
2;0.5472467709041469;0.24643099932019036
3;0.4894629503738953;0.10027192386131883
4;0.4554724677090415;0.15295717199184228
5;0.49966009517335147;0.27532290958531613
6;0.5540448674371177;0.08157715839564922
7;0.5149558123725357;0.14106050305914344
mean;0.5064581917063223;0.1607264251723803
standard_deviation;0.032564534736535124;0.06755998342580478
