index;step_length;step_width
1;0.46057104010876954;0.11726716519374576
2;0.4962610469068661;0.2141400407885792
3;0.44867437117607073;0.08327668252889191
4;0.513256288239293;0.1274643099932019
5;0.4554724677090415;0.19884432358939497
6;0.5234534330387491;0.31271244051665537
7;0.5710401087695446;0.1070700203942896
mean;0.49553267942119067;0.1658249975721084
standard_deviation;0.04108951036722683;0.07473411659522865
