index;step_length;step_width
1;0.579537729435758;0.2515295717199184
2;0.6203263086335826;0.10537049626104691
3;0.5591434398368457;0.16995241332426922
4;0.6033310673011557;0.29401767505098575
5;0.5353501019714481;0.11216859279401768
6;0.6152277362338545;0.1903467029231815
mean;0.5854860639021074;0.18723090867890324
standard_deviation;0.030713148857967262;0.06853401163386492
