index;step_length;step_width
1;0.5914343983684569;0.27532290958531613
2;0.5353501019714481;0.1257647858599592
3;0.5846363018354861;0.23283480625424882
4;0.5268524813052345;0.09177430319510538
5;0.5625424881033311;0.14615907545887152
6;0.49966009517335147;0.06968048946295037
mean;0.550079311126218;0.1569227283027419
standard_deviation;0.03255326965456299;0.0738505762088306
