index;step_length;step_width
1;0.5812372535690007;0.07307953772943576
2;0.5064581917063222;0.12236573759347383
3;0.48096532970768185;0.2158395649218219
4;0.552345343303875;0.08327668252889191
5;0.513256288239293;0.13086335825968728
6;0.579537729435758;0.2549286199864038
mean;0.5356333559936551;0.14672558350328577
standard_deviation;0.037919028802047894;0.06680712899471584
