index;step_length;step_width
1;0.4877634262406526;0.10537049626104691
2;0.5149558123725357;0.16825288919102652
3;0.5472467709041469;0.33480625424881033
4;0.5829367777022434;0.11556764106050306
5;0.6220258327668253;0.18014955812372535
6;0.5778382053025153;0.3229095853161115
mean;0.5554611375481532;0.20450940403353726
standard_deviation;0.04467967456598403;0.09187216598814217
