index;step_length;step_width
1;0.5625424881033311;0.13936097892590074
2;0.5149558123725357;0.23453433038749152
3;0.5846363018354861;0.08327668252889191
4;0.5472467709041469;0.1257647858599592
5;0.5982324949014276;0.1920462270564242
6;0.53025152957172;0.3161114887831407
mean;0.5563108996147746;0.18184908225696805
standard_deviation;0.029069094970921125;0.07699925990337589
