index;step_length;step_width
1;0.7630863358259687;0.08837525492861999
2;0.8344663494221618;0.16315431679129844
3;0.773283480625425;0.2821210061182869
4;0.7307953772943576;0.12236573759347383
mean;0.7754078857919783;0.16400407885791976
standard_deviation;0.03753169238018895;0.07315360734985017
