index;step_length;step_width
1;0.7885791978246092;0.33480625424881033
2;0.7138001359619307;0.11556764106050306
3;0.8106730115567642;0.18354860639021076
4;0.739292997960571;0.32460910944935417
mean;0.7630863358259687;0.23963290278721958
standard_deviation;0.038437059408221105;0.0932959806165082
