index;step_length;step_width
1;0.7460910944935418;0.1291638341264446
2;0.8157715839564922;0.22433718558803536
3;0.6968048946295038;0.08157715839564922
4;0.7324949014276003;0.14276002719238615
mean;0.7477906186267844;0.14445955132562885
standard_deviation;0.04317928625395138;0.051408849293861913
