index;step_length;step_width
1;0.7987763426240653;0.33990482664853844
2;0.6985044187627465;0.13256288239293
3;0.7715839564921823;0.2532290958531611
4;0.8429639700883753;0.07307953772943576
mean;0.7779571719918423;0.19969408565601632
standard_deviation;0.05247065736215272;0.10375800138384834
