index;step_length;step_width
1;0.6951053704962611;0.24303195105370498
2;0.7715839564921823;0.1070700203942896
3;0.7205982324949014;0.18694765465669613
4;0.8174711080897349;0.0866757307953773
mean;0.7511896668932698;0.155931339225017
standard_deviation;0.04714456664405234;0.062714225221888
