index;step_length;step_width
1;0.6951053704962611;0.16485384092454114
2;0.7868796736913665;0.26002719238613187
3;0.7053025152957172;0.11726716519374576
4;0.7528891910265126;0.23453433038749152
mean;0.7350441876274644;0.19417063222297756
standard_deviation;0.03703052102226535;0.056435653932579204
