index;step_length;step_width
1;0.761386811692726;0.08837525492861999
2;0.6951053704962611;0.15805574439157036
3;0.7715839564921823;0.24303195105370498
4;0.7324949014276003;0.08837525492861999
mean;0.7401427600271924;0.14445955132562882
standard_deviation;0.02969307479547272;0.06362442742126066
