index;step_length;step_width
1;0.7596872875594833;0.07647858599592114
2;0.8565601631543168;0.13596193065941536
3;0.7426920462270564;0.270224337185588
4;0.6407205982324949;0.1257647858599592
mean;0.7499150237933379;0.15210740992522093
standard_deviation;0.07655762023946933;0.0718086656639123
