index;step_length;step_width
1;0.7596872875594833;0.12236573759347383
2;0.7036029911624745;0.2362338545207342
3;0.8106730115567642;0.10027192386131883
4;0.8565601631543168;0.1750509857239973
mean;0.7826308633582597;0.15848062542488103
standard_deviation;0.057060747668931176;0.05247065736215273
