index;step_length;step_width
1;0.7970768184908226;0.18524813052345343
2;0.7239972807613868;0.3178110129163834
3;0.8106730115567642;0.09007477906186268
4;0.8531611148878314;0.15295717199184228
mean;0.7962270564242012;0.18652277362338543
standard_deviation;0.046551141824617066;0.083167138581766
