index;step_length;step_width
1;0.773283480625425;0.1342624065261727
2;0.6866077498300476;0.2566281441196465
3;0.7664853840924541;0.11386811692726037
4;0.8514615907545887;0.21074099252209383
mean;0.7694595513256288;0.17887491502379338
standard_deviation;0.05833571716279963;0.057613304112794986
