index;step_length;step_width
1;0.756288239292998;0.13256288239293
2;0.6662134602311353;0.2515295717199184
3;0.7138001359619307;0.06968048946295037
4;0.7545887151597553;0.13256288239293
mean;0.7227226376614548;0.1465839564921822
standard_deviation;0.03679332370975916;0.0658044573612564
