index;step_length;step_width
1;0.7715839564921823;0.3195105370496261
2;0.8310673011556764;0.14615907545887152
3;0.7511896668932699;0.22603670972127804
4;0.690006798096533;0.08497620666213461
mean;0.7609619306594153;0.19417063222297756
standard_deviation;0.050392753401013235;0.0879688450440786
