index;step_length;step_width
1;0.8395649218218899;0.24133242692046228
2;0.7154996600951734;0.07307953772943576
3;0.7902787219578519;0.11726716519374576
4;0.7070020394289599;0.22603670972127804
mean;0.7630863358259687;0.16442895989123046
standard_deviation;0.054768467179884504;0.07120149206410523
