index;step_length;step_width
1;0.7596872875594833;0.07647858599592114
2;0.8123725356900068;0.11726716519374576
3;0.7138001359619307;0.17675050985723997
4;0.8140720598232495;0.3297076818490823
mean;0.7749830047586675;0.1750509857239973
standard_deviation;0.0415428503112859;0.09614711376561219
