index;step_length;step_width
1;0.5608429639700884;0.0866757307953773
2;0.6152277362338545;0.15635622025832768
3;0.5489462950373896;0.27192386131883073
4;0.5183548606390211;0.09517335146159075
5;0.5812372535690007;0.15805574439157036
6;0.5438477226376615;0.07307953772943576
mean;0.5614094720145028;0.1402107409925221
standard_deviation;0.030570445418608733;0.06748880022794684
