index;step_length;step_width
1;0.5727396329027873;0.13596193065941536
2;0.5455472467709042;0.24643099932019036
3;0.6152277362338545;0.11896668932698845
4;0.5676410605030592;0.20394289598912305
5;0.6356220258327668;0.10027192386131883
6;0.5812372535690007;0.16655336505778381
mean;0.5863358259687288;0.16202130070246998
standard_deviation;0.030243253603079844;0.05041285029209337
