index;step_length;step_width
1;0.6883072739632903;0.2158395649218219
2;0.6492182188987083;0.331407205982325
3;0.6883072739632903;0.1257647858599592
4;0.623725356900068;0.22773623385452074
5;0.6645139360978927;0.09007477906186268
mean;0.66281441196465;0.19816451393609788
standard_deviation;0.024557976707258237;0.08469429784901529
