index;step_length;step_width
1;0.5319510537049627;0.1070700203942896
2;0.6101291638341265;0.1903467029231815
3;0.5642420122365738;0.28891910265125764
4;0.5319510537049627;0.13596193065941536
5;0.5812372535690007;0.24983004758667574
6;0.5387491502379333;0.07477906186267845
mean;0.5597099478812599;0.17448447767958306
standard_deviation;0.028886355730754515;0.07636940280627728
