index;step_length;step_width
1;0.5591434398368457;0.07647858599592114
2;0.6305234534330387;0.11726716519374576
3;0.6645139360978927;0.20564242012236575
4;0.5642420122365738;0.3433038749150238
5;0.5149558123725357;0.1070700203942896
6;0.5506458191706323;0.1750509857239973
mean;0.5806707455245864;0.17080217539089057
standard_deviation;0.05077441924939199;0.08833030415678425
