index;step_length;step_width
1;0.6203263086335826;0.2549286199864038
2;0.6798096532970769;0.07307953772943576
3;0.579537729435758;0.11216859279401768
4;0.623725356900068;0.2124405166553365
5;0.6662134602311353;0.0866757307953773
mean;0.6339225016995242;0.1478585995921142
standard_deviation;0.03576276937474545;0.07244838354484344
