index;step_length;step_width
1;0.6883072739632903;0.3263086335825969
2;0.6475186947654656;0.13596193065941536
3;0.6101291638341265;0.23963290278721958
4;0.6475186947654656;0.08157715839564922
5;0.5829367777022434;0.15635622025832768
mean;0.6352821210061184;0.18796736913664175
standard_deviation;0.03601066658912038;0.08582580045887483
