index;step_length;step_width
1;0.5557443915703604;0.15805574439157036
2;0.6118286879673691;0.29401767505098575
3;0.552345343303875;0.10197144799456152
4;0.5183548606390211;0.15975526852481306
5;0.5489462950373896;0.29401767505098575
6;0.5999320190346703;0.11896668932698845
mean;0.5645252662587809;0.18779741672331748
standard_deviation;0.031861985788618485;0.0778247835945232
