index;step_length;step_width
1;0.5948334466349422;0.3484024473147519
2;0.6271244051665534;0.07987763426240653
3;0.6832087015635623;0.1512576478585996
4;0.5948334466349422;0.2821210061182869
5;0.6798096532970769;0.10537049626104691
mean;0.6359619306594155;0.19340584636301833
standard_deviation;0.0390284163002239;0.10422060671911272
