index;step_length;step_width
1;0.5251529571719918;0.1903467029231815
2;0.5863358259687288;0.29571719918422845
3;0.6730115567641061;0.12066621346023114
4;0.579537729435758;0.20564242012236575
5;0.5234534330387491;0.07138001359619307
6;0.5812372535690007;0.13596193065941536
mean;0.5781214593247225;0.16995241332426922
standard_deviation;0.04979554150812712;0.071655989971615
