index;step_length;step_width
1;0.5999320190346703;0.1274643099932019
2;0.5370496261046908;0.22773623385452074
3;0.579537729435758;0.3450033990482665
4;0.6254248810333107;0.15805574439157036
5;0.5659415363698165;0.29401767505098575
6;0.5268524813052345;0.1257647858599592
mean;0.5724563788805802;0.21300702469975072
standard_deviation;0.03412358748481225;0.08381639199112742
