index;step_length;step_width
1;0.6118286879673691;0.13086335825968728
2;0.557443915703603;0.2379333786539769
3;0.513256288239293;0.11216859279401768
4;0.5506458191706323;0.22263766145479266
5;0.5115567641060503;0.1070700203942896
6;0.5659415363698165;0.19884432358939497
mean;0.5517788352594607;0.16825288919102652
standard_deviation;0.03401407897638356;0.053284892612477514
