index;step_length;step_width
1;0.5948334466349422;0.22433718558803536
2;0.5149558123725357;0.07307953772943576
3;0.5829367777022434;0.10876954452753229
4;0.5353501019714481;0.20564242012236575
5;0.5914343983684569;0.08327668252889191
6;0.6305234534330387;0.1342624065261727
mean;0.5750056650804442;0.1382279628370723
standard_deviation;0.038701249044308994;0.05788925035720353
