index;step_length;step_width
1;0.5336505778382054;0.09177430319510538
2;0.5778382053025153;0.15805574439157036
3;0.6101291638341265;0.24303195105370498
4;0.5744391570360299;0.1070700203942896
5;0.5217539089055064;0.16315431679129844
6;0.557443915703603;0.3008157715839565
mean;0.5625424881033311;0.17731701790165422
standard_deviation;0.029338335318885245;0.07347808069803051
