index;step_length;step_width
1;0.5166553365057784;0.32460910944935417
2;0.5608429639700884;0.15975526852481306
3;0.5183548606390211;0.28891910265125764
4;0.5744391570360299;0.13256288239293
5;0.5336505778382054;0.2583276682528892
6;0.5659415363698165;0.09517335146159075
mean;0.54498073872649;0.20989123045547245
standard_deviation;0.02308824368039293;0.08505406584912172
