index;step_length;step_width
1;0.7817811012916384;0.07307953772943576
2;0.8599592114208022;0.11726716519374576
3;0.800475866757308;0.22773623385452074
4;0.7019034670292318;0.10197144799456152
mean;0.7860299116247451;0.13001359619306593
standard_deviation;0.05650119038028314;0.05860894663671101
