index;step_length;step_width
1;0.7630863358259687;0.15635622025832768
2;0.8463630183548607;0.29231815091774305
3;0.8021753908905507;0.12406526172671653
4;0.739292997960571;0.24303195105370498
mean;0.7877294357579878;0.20394289598912307
standard_deviation;0.040620048955530695;0.06705048111685541
