index;step_length;step_width
1;0.7545887151597553;0.11726716519374576
2;0.8514615907545887;0.18184908225696805
3;0.8055744391570361;0.3195105370496261
4;0.7460910944935418;0.14276002719238615
mean;0.7894289598912305;0.1903467029231815
standard_deviation;0.04242857828966663;0.07803943897973391
