index;step_length;step_width
1;0.8140720598232495;0.2991162474507138
2;0.6917063222297757;0.14615907545887152
3;0.7443915703602991;0.29231815091774305
4;0.690006798096533;0.10876954452753229
mean;0.7350441876274643;0.21159075458871518
standard_deviation;0.050594750668267144;0.08519262041250467
