index;step_length;step_width
1;0.871855880353501;0.26172671651937457
2;0.7749830047586675;0.12236573759347383
3;0.7290958531611149;0.1971447994561523
4;0.6815091774303196;0.3450033990482665
mean;0.7643609789259007;0.2315601631543168
standard_deviation;0.07031363909653449;0.08198662778779325
