index;step_length;step_width
1;0.778382053025153;0.07647858599592114
2;0.8752549286199864;0.14106050305914344
3;0.7868796736913665;0.2124405166553365
4;0.7188987083616588;0.3229095853161115
mean;0.7898538409245413;0.18822229775662813
standard_deviation;0.0558310491682737;0.09143041008590139
