index;step_length;step_width
1;0.7851801495581238;0.10876954452753229
2;0.8514615907545887;0.21074099252209383
3;0.7409925220938137;0.0866757307953773
4;0.800475866757308;0.1342624065261727
mean;0.7945275322909586;0.13511216859279404
standard_deviation;0.03946593650487125;0.046798673735602876
