index;step_length;step_width
1;0.8157715839564922;0.24813052345343306
2;0.7596872875594833;0.10197144799456152
3;0.7154996600951734;0.15465669612508498
4;0.778382053025153;0.2668252889191027
mean;0.7673351461590755;0.19289598912304556
standard_deviation;0.03610238916765464;0.0675387127124868
