index;step_length;step_width
1;0.9092454112848403;0.10537049626104691
2;0.7868796736913665;0.1733514615907546
3;0.6985044187627465;0.30761386811692726
4;0.7647858599592114;0.0866757307953773
mean;0.7898538409245413;0.16825288919102652
standard_deviation;0.07621730994793942;0.08668406139569404
