index;step_length;step_width
1;0.734194425560843;0.15295717199184228
2;0.8191706322229776;0.28891910265125764
3;0.7324949014276003;0.1274643099932019
4;0.7715839564921823;0.2158395649218219
mean;0.7643609789259007;0.1962950373895309
standard_deviation;0.035290711726045344;0.06240401756538802
