index;step_length;step_width
1;0.7647858599592114;0.32460910944935417
2;0.822569680489463;0.13936097892590074
3;0.7664853840924541;0.2362338545207342
4;0.7053025152957172;0.08497620666213461
mean;0.7647858599592114;0.1962950373895309
standard_deviation;0.04147326424851269;0.0917782371944297
