index;step_length;step_width
1;0.7851801495581238;0.07817811012916384
2;0.8701563562202583;0.11896668932698845
3;0.800475866757308;0.21753908905506458
4;0.893949694085656;0.08327668252889191
mean;0.8374405166553366;0.12449014276002719
standard_deviation;0.0457196473179428;0.05597313778740035
