index;step_length;step_width
1;0.7375934738273284;0.16145479265805576
2;0.7817811012916384;0.26342624065261727
3;0.8667573079537729;0.09857239972807615
4;0.7545887151597553;0.17675050985723997
mean;0.7851801495581238;0.1750509857239973
standard_deviation;0.04966566688036182;0.058836435666600136
