index;step_length;step_width
1;0.761386811692726;0.10537049626104691
2;0.8463630183548607;0.1903467029231815
3;0.7902787219578519;0.30931339225016996
4;0.7138001359619307;0.12066621346023114
mean;0.7779571719918423;0.18142420122365738
standard_deviation;0.04801531662603001;0.08048440118059258
