index;step_length;step_width
1;0.7171991842284161;0.12066621346023114
2;0.8157715839564922;0.2379333786539769
3;0.7715839564921823;0.07647858599592114
4;0.8837525492862;0.14785859959211423
mean;0.7970768184908226;0.14573419442556085
standard_deviation;0.06101741356565684;0.05901259534695707
