index;step_length;step_width
1;0.7817811012916384;0.12406526172671653
2;0.6866077498300476;0.23963290278721958
3;0.7290958531611149;0.11216859279401768
4;0.8174711080897349;0.1733514615907546
mean;0.753738953093134;0.16230455472467709
standard_deviation;0.04990498592802864;0.05019353985595635
