index;step_length;step_width
1;0.7443915703602991;0.1903467029231815
2;0.6883072739632903;0.2974167233174711
3;0.7834806254248811;0.12236573759347383
4;0.8327668252889191;0.20564242012236575
mean;0.7622365737593475;0.20394289598912305
standard_deviation;0.0529381989366843;0.062409802946901904
