index;step_length;step_width
1;0.7851801495581238;0.08837525492861999
2;0.8667573079537729;0.1342624065261727
3;0.8038749150237934;0.26172671651937457
4;0.6849082256968049;0.08497620666213461
mean;0.7851801495581238;0.14233514615907547
standard_deviation;0.06530464329313682;0.07162617189284794
