index;step_length;step_width
1;0.8752549286199864;0.33480625424881033
2;0.8242692046227057;0.15465669612508498
3;0.734194425560843;0.24983004758667574
4;0.7885791978246092;0.08837525492861999
mean;0.8055744391570361;0.20691706322229775
standard_deviation;0.051450970439227056;0.0935153405746133
