index;step_length;step_width
1;0.5013596193065941;0.07138001359619307
2;0.5421481985044188;0.10876954452753229
3;0.5013596193065941;0.1733514615907546
4;0.4299796057104011;0.33480625424881033
5;0.48436437797416726;0.14445955132562882
6;0.4282800815771584;0.24983004758667574
7;0.46057104010876954;0.10537049626104691
mean;0.47829464892687185;0.1697096241623774
standard_deviation;0.038411363235599814;0.08606387799834962
