index;step_length;step_width
1;0.46227056424201224;0.09687287559483344
2;0.49966009517335147;0.18694765465669613
3;0.5370496261046908;0.2991162474507138
4;0.4571719918422842;0.1070700203942896
5;0.5217539089055064;0.1954452753229096
6;0.4741672331747111;0.0866757307953773
7;0.5166553365057784;0.15975526852481306
mean;0.49553267942119067;0.16169758181994756
standard_deviation;0.029053656990679997;0.06915699156406692
