index;step_length;step_width
1;0.46057104010876954;0.3280081577158396
2;0.48436437797416726;0.15295717199184228
3;0.45037389530931343;0.3042148198504419
4;0.5115567641060503;0.08837525492861999
5;0.557443915703603;0.14615907545887152
6;0.5030591434398368;0.07138001359619307
7;0.5336505778382054;0.11726716519374576
mean;0.5001456734971351;0.17262309410507917
standard_deviation;0.035530267320436466;0.09483830726625599
