index;step_length;step_width
1;0.5064581917063222;0.1070700203942896
2;0.446974847042828;0.16655336505778381
3;0.4724677090414684;0.2685248130523454
4;0.5251529571719918;0.07987763426240653
5;0.4962610469068661;0.13936097892590074
6;0.5336505778382054;0.26342624065261727
7;0.47926580557443915;0.08837525492861999
mean;0.49431873361173156;0.15902690103913764
standard_deviation;0.028270084767425194;0.07298550734410386
