index;step_length;step_width
1;0.5659415363698165;0.23963290278721958
2;0.5081577158395649;0.0866757307953773
3;0.43677770224337187;0.16655336505778381
4;0.48606390210740996;0.2974167233174711
5;0.53025152957172;0.09857239972807615
6;0.4775662814411965;0.15295717199184228
7;0.5421481985044188;0.2685248130523454
mean;0.506700980868214;0.18719044381858793
standard_deviation;0.04050870047538194;0.07659680616784927
