index;step_length;step_width
1;0.5030591434398368;0.19884432358939497
2;0.5659415363698165;0.33990482664853844
3;0.491162474507138;0.15805574439157036
4;0.4554724677090415;0.07477906186267845
5;0.49966009517335147;0.1342624065261727
6;0.5421481985044188;0.24133242692046228
7;0.46906866077498305;0.07647858599592114
mean;0.5037875109255123;0.17480819656210547
standard_deviation;0.035959033857577184;0.08771646835060416
