index;step_length;step_width
1;0.5013596193065941;0.09517335146159075
2;0.5268524813052345;0.16995241332426922
3;0.46057104010876954;0.2974167233174711
4;0.5217539089055064;0.12236573759347383
5;0.48436437797416726;0.23963290278721958
6;0.45037389530931343;0.11386811692726037
7;0.48436437797416726;0.21753908905506458
mean;0.4899485286976789;0.1794211906380499
standard_deviation;0.026713428510050027;0.06942751259586113
