index;step_length;step_width
1;0.4299796057104011;0.3467029231815092
2;0.4588715159755269;0.16145479265805576
3;0.4877634262406526;0.3229095853161115
4;0.53025152957172;0.16145479265805576
5;0.48266485384092456;0.2549286199864038
6;0.5268524813052345;0.08837525492861999
7;0.5625424881033311;0.13936097892590074
mean;0.4969894143925416;0.21074099252209383
standard_deviation;0.04230666458183588;0.09098408439377413
