index;step_length;step_width
1;0.5251529571719918;0.07307953772943576
2;0.4758667573079538;0.1342624065261727
3;0.5387491502379333;0.2685248130523454
4;0.46057104010876954;0.07477906186267845
5;0.4894629503738953;0.13256288239293
6;0.5591434398368457;0.23963290278721958
7;0.53025152957172;0.09347382732834807
mean;0.5113139749441585;0.14518791881130427
standard_deviation;0.0335927562521666;0.0729402650505017
