index;step_length;step_width
1;0.5285520054384772;0.18864717878993884
2;0.46906866077498305;0.07138001359619307
3;0.5370496261046908;0.11386811692726037
4;0.4877634262406526;0.22093813732155
5;0.5319510537049627;0.08327668252889191
6;0.4741672331747111;0.15635622025832768
7;0.446974847042828;0.2362338545207342
mean;0.4965038360687579;0.15295717199184228
standard_deviation;0.03318493564830939;0.06080402386131311
