index;step_length;step_width
1;0.48096532970768185;0.08497620666213461
2;0.5098572399728076;0.16825288919102652
3;0.5608429639700884;0.28891910265125764
4;0.5047586675730795;0.12236573759347383
5;0.46566961250849764;0.1954452753229096
6;0.5166553365057784;0.31441196464989807
7;0.46397008837525494;0.0866757307953773
mean;0.5003884626590269;0.18014955812372535
standard_deviation;0.0314803090001568;0.0856629528677624
