index;step_length;step_width
1;0.4945615227736234;0.09857239972807615
2;0.53025152957172;0.15635622025832768
3;0.49966009517335147;0.2991162474507138
4;0.4588715159755269;0.10367097212780423
5;0.49796057104010877;0.17675050985723997
6;0.5319510537049627;0.2668252889191027
7;0.46566961250849764;0.1257647858599592
mean;0.4969894143925416;0.1752937748858891
standard_deviation;0.026122128107823186;0.07323142559261589
