index;step_length;step_width
1;0.5166553365057784;0.3263086335825969
2;0.5710401087695446;0.09517335146159075
3;0.491162474507138;0.1512576478585996
4;0.4299796057104011;0.2668252889191027
5;0.48266485384092456;0.08837525492861999
6;0.5200543847722637;0.16825288919102652
7;0.5591434398368457;0.27192386131883073
mean;0.5101000291346994;0.19544527532290962
standard_deviation;0.04438727738963364;0.08642066490510676
