index;step_length;step_width
1;0.5030591434398368;0.1495581237253569
2;0.4724677090414684;0.29571719918422845
3;0.513256288239293;0.0866757307953773
4;0.5506458191706323;0.16825288919102652
5;0.48436437797416726;0.2838205302515296
6;0.540448674371176;0.10197144799456152
7;0.5047586675730795;0.18864717878993884
mean;0.5098572399728075;0.18209187141885988
standard_deviation;0.025997720157679056;0.07566457134868937
