index;step_length;step_width
1;0.4707681849082257;0.14785859959211423
2;0.5217539089055064;0.24473147518694766
3;0.5540448674371177;0.07477906186267845
4;0.4962610469068661;0.12066621346023114
5;0.4707681849082257;0.20394289598912305
6;0.5200543847722637;0.30931339225016996
7;0.5727396329027873;0.13766145479265807
mean;0.5151986015344275;0.1769932990191318
standard_deviation;0.03623989153548665;0.07448841126170597
