index;step_length;step_width
1;0.6611148878314073;0.10027192386131883
2;0.5846363018354861;0.1716519374575119
3;0.53025152957172;0.2838205302515296
4;0.5829367777022434;0.06968048946295037
5;0.5472467709041469;0.110469068660775
6;0.5166553365057784;0.18524813052345343
mean;0.5704736007251304;0.15352368003625652
standard_deviation;0.047654069442132546;0.07074776009856862
