index;step_length;step_width
1;0.5540448674371177;0.3501019714479946
2;0.6203263086335826;0.16315431679129844
3;0.5829367777022434;0.26002719238613187
4;0.5251529571719918;0.07307953772943576
5;0.6033310673011557;0.1257647858599592
6;0.5506458191706323;0.21923861318830729
mean;0.5727396329027873;0.19856106956718786
standard_deviation;0.032676270431497255;0.09080091951031312
