index;step_length;step_width
1;0.5982324949014276;0.09687287559483344
2;0.6815091774303196;0.16825288919102652
3;0.6101291638341265;0.07647858599592114
4;0.6645139360978927;0.13086335825968728
5;0.6101291638341265;0.24133242692046228
mean;0.6329027872195786;0.14276002719238615
standard_deviation;0.03346983990507458;0.05832117087566885
