index;step_length;step_width
1;0.513256288239293;0.27702243371855884
2;0.5693405846363019;0.1342624065261727
3;0.5319510537049627;0.24473147518694766
4;0.5982324949014276;0.11726716519374576
5;0.650917743031951;0.20394289598912305
6;0.6135282121006118;0.33820530251529574
mean;0.579537729435758;0.21923861318830729
standard_deviation;0.04719049414315029;0.0774543090761784
