index;step_length;step_width
1;0.5540448674371177;0.08157715839564922
2;0.5149558123725357;0.14445955132562882
3;0.5778382053025153;0.21753908905506458
4;0.6441196464989803;0.09347382732834807
5;0.5608429639700884;0.15975526852481306
6;0.5914343983684569;0.24303195105370498
mean;0.5738726489916157;0.1566394742805348
standard_deviation;0.03935498398585635;0.05909699941697497
