index;step_length;step_width
1;0.5149558123725357;0.14445955132562882
2;0.579537729435758;0.26342624065261727
3;0.5506458191706323;0.11896668932698845
4;0.5880353501019715;0.20904146838885113
5;0.6560163154316792;0.08837525492861999
6;0.5744391570360299;0.17675050985723997
mean;0.577271697258101;0.16683661907999095
standard_deviation;0.042665239936013434;0.05796196817943747
