index;step_length;step_width
1;0.623725356900068;0.08327668252889191
2;0.6611148878314073;0.14276002719238615
3;0.601631543167913;0.2379333786539769
4;0.6849082256968049;0.07138001359619307
5;0.623725356900068;0.12236573759347383
mean;0.6390210740992522;0.13154316791298437
standard_deviation;0.02986523811895144;0.05912390184951434
