index;step_length;step_width
1;0.5676410605030592;0.16315431679129844
2;0.5251529571719918;0.3161114887831407
3;0.5727396329027873;0.11896668932698845
4;0.6203263086335826;0.22943575798776344
5;0.6526172671651937;0.07987763426240653
6;0.5897348742352142;0.13086335825968728
mean;0.5880353501019715;0.17306820756854746
standard_deviation;0.040456766533780025;0.07866561384069053
