index;step_length;step_width
1;0.6390210740992522;0.31101291638341266
2;0.552345343303875;0.11556764106050306
3;0.6169272603670972;0.20564242012236575
4;0.6883072739632903;0.08497620666213461
5;0.6339225016995241;0.14276002719238615
mean;0.6261046906866078;0.17199184228416042
standard_deviation;0.04386748009490597;0.08008636684548441
