index;step_length;step_width
1;0.5387491502379333;0.11386811692726037
2;0.5727396329027873;0.1971447994561523
3;0.6373215499660095;0.31271244051665537
4;0.5455472467709042;0.10197144799456152
5;0.513256288239293;0.20224337185588037
6;0.5608429639700884;0.08157715839564922
mean;0.5614094720145026;0.16825288919102652
standard_deviation;0.038676363445951246;0.07929089120650899
