index;step_length;step_width
1;0.5557443915703604;0.07647858599592114
2;0.5115567641060503;0.14785859959211423
3;0.5625424881033311;0.22603670972127804
4;0.5319510537049627;0.09687287559483344
5;0.5897348742352142;0.14615907545887152
6;0.5387491502379333;0.22093813732155
mean;0.5483797869929753;0.15239066394742806
standard_deviation;0.02477784696196357;0.0563127233535941
