index;step_length;step_width
1;0.5608429639700884;0.07647858599592114
2;0.5166553365057784;0.13086335825968728
3;0.5540448674371177;0.24473147518694766
4;0.6118286879673691;0.10537049626104691
5;0.5693405846363019;0.18524813052345343
6;0.6067301155676411;0.07987763426240653
mean;0.569907092680716;0.13709494674824382
standard_deviation;0.03236045491014664;0.0604121798629879
