index;step_length;step_width
1;0.5608429639700884;0.1342624065261727
2;0.6424201223657376;0.23963290278721958
3;0.5948334466349422;0.07307953772943576
4;0.5336505778382054;0.14276002719238615
5;0.5999320190346703;0.2549286199864038
6;0.5319510537049627;0.09857239972807615
mean;0.577271697258101;0.15720598232494903
standard_deviation;0.039354983985856344;0.06781612407453697
