index;step_length;step_width
1;0.5863358259687288;0.110469068660775
2;0.6339225016995241;0.1937457511896669
3;0.6798096532970769;0.3042148198504419
4;0.6441196464989803;0.09007477906186268
5;0.557443915703603;0.1512576478585996
mean;0.6203263086335826;0.1699524133242692
standard_deviation;0.043356189725134886;0.07597462173187497
