index;step_length;step_width
1;0.6339225016995241;0.1750509857239973
2;0.6798096532970769;0.07817811012916384
3;0.623725356900068;0.11896668932698845
4;0.6730115567641061;0.21753908905506458
5;0.5948334466349422;0.08157715839564922
mean;0.6410605030591434;0.1342624065261727
standard_deviation;0.03165680204452769;0.05432100272188437
