index;step_length;step_width
1;0.41808293677770225;0.1512576478585996
2;0.46227056424201224;0.24643099932019036
3;0.5047586675730795;0.07138001359619307
4;0.46736913664174035;0.1291638341264446
5;0.41808293677770225;0.23453433038749152
6;0.4775662814411965;0.08157715839564922
7;0.4078857919782461;0.16145479265805576
8;0.4452753229095853;0.2549286199864038
mean;0.45016145479265807;0.16634092454112848
standard_deviation;0.0317091934629199;0.06777584995222016
