index;step_length;step_width
1;0.41808293677770225;0.22603670972127804
2;0.3891910265125765;0.10027192386131883
3;0.41638341264445955;0.15295717199184228
4;0.4741672331747111;0.29571719918422845
5;0.40278721957851804;0.1291638341264446
6;0.424881033310673;0.1937457511896669
7;0.4537729435757988;0.3433038749150238
8;0.5098572399728076;0.09517335146159075
mean;0.4361403806934058;0.1920462270564242
standard_deviation;0.03766792619482316;0.08520109602516182
