index;step_length;step_width
1;0.48436437797416726;0.27192386131883073
2;0.4112848402447315;0.1070700203942896
3;0.44867437117607073;0.1937457511896669
4;0.40108769544527534;0.30761386811692726
5;0.4401767505098573;0.10027192386131883
6;0.40108769544527534;0.1512576478585996
7;0.4571719918422842;0.07307953772943576
8;0.42318150917743036;0.1342624065261727
mean;0.4333786539768865;0.16740312712440517
standard_deviation;0.027666248463799642;0.07880369217790366
