index;step_length;step_width
1;0.4537729435757988;0.08157715839564922
2;0.5013596193065941;0.12406526172671653
3;0.4282800815771584;0.1920462270564242
4;0.4758667573079538;0.29061862678450034
5;0.4146838885112169;0.13086335825968728
6;0.44867437117607073;0.23113528212100612
7;0.3840924541128484;0.09517335146159075
8;0.43507817811012917;0.1750509857239973
mean;0.44272603670972127;0.16506628144119645
standard_deviation;0.03388409591668402;0.06676684708454164
