index;step_length;step_width
1;0.4452753229095853;0.13936097892590074
2;0.42148198504418766;0.27532290958531613
3;0.4435757987763426;0.11386811692726037
4;0.49796057104010877;0.1954452753229096
5;0.46397008837525494;0.08157715839564922
6;0.43677770224337187;0.13256288239293
7;0.3840924541128484;0.24473147518694766
8;0.40278721957851804;0.09687287559483344
mean;0.4369901427600272;0.1599677090414684
standard_deviation;0.03310188659732938;0.06631105369198718
