index;step_length;step_width
1;0.42318150917743036;0.07817811012916384
2;0.39768864717878993;0.15295717199184228
3;0.4316791298436438;0.27702243371855884
4;0.46397008837525494;0.07987763426240653
5;0.40448674371176074;0.14615907545887152
6;0.446974847042828;0.2804214819850442
7;0.4078857919782461;0.1274643099932019
8;0.4554724677090415;0.20054384772263767
mean;0.42891740312712445;0.16782800815771584
standard_deviation;0.023224130978762438;0.07396225735760031
