index;step_length;step_width
1;0.3857919782460911;0.22773623385452074
2;0.43507817811012917;0.09177430319510538
3;0.46227056424201224;0.17845003399048268
4;0.4265805574439157;0.08497620666213461
5;0.4877634262406526;0.16655336505778381
6;0.45037389530931343;0.31101291638341266
7;0.4741672331747111;0.12236573759347383
8;0.43337865397688646;0.1920462270564242
mean;0.444425560842964;0.17186437797416726
standard_deviation;0.029753809313411952;0.07015781724823018
