index;step_length;step_width
1;0.4894629503738953;0.3025152957171992
2;0.4282800815771584;0.10027192386131883
3;0.3840924541128484;0.18014955812372535
4;0.4078857919782461;0.29061862678450034
5;0.43337865397688646;0.11726716519374576
6;0.4078857919782461;0.21753908905506458
7;0.4282800815771584;0.3433038749150238
8;0.4537729435757988;0.11386811692726037
mean;0.42912984364377976;0.20819170632222977
standard_deviation;0.02999551766608224;0.08918454295505707
