index;step_length;step_width
1;0.4418762746431;0.22773623385452074
2;0.49796057104010877;0.09007477906186268
3;0.42318150917743036;0.15635622025832768
4;0.4741672331747111;0.2974167233174711
5;0.4299796057104011;0.10537049626104691
6;0.39938817131203264;0.16485384092454114
7;0.4316791298436438;0.2515295717199184
8;0.40278721957851804;0.1257647858599592
mean;0.4376274643099932;0.177387831407206
standard_deviation;0.03156725972298897;0.0693841915232909
