index;step_length;step_width
1;0.446974847042828;0.1512576478585996
2;0.47926580557443915;0.29231815091774305
3;0.4418762746431;0.12066621346023114
4;0.4707681849082257;0.20224337185588037
5;0.513256288239293;0.33480625424881033
6;0.4537729435757988;0.1257647858599592
7;0.3942895989123046;0.24303195105370498
8;0.41808293677770225;0.11896668932698845
mean;0.45228585995921144;0.19863188307273963
standard_deviation;0.03438584541183602;0.07848893694885084
