index;step_length;step_width
1;0.4452753229095853;0.13766145479265807
2;0.5030591434398368;0.22093813732155
3;0.4299796057104011;0.33650577838205303
4;0.4928619986403807;0.14785859959211423
5;0.4588715159755269;0.07477906186267845
6;0.3891910265125765;0.14106050305914344
7;0.4435757987763426;0.22943575798776344
8;0.41978246091094495;0.08157715839564922
mean;0.4478246091094494;0.17122705642420122
standard_deviation;0.03494372058965344;0.0814697609812348
