index;step_length;step_width
1;0.4928619986403807;0.0866757307953773
2;0.44867437117607073;0.13086335825968728
3;0.48436437797416726;0.21074099252209383
4;0.4299796057104011;0.3433038749150238
5;0.39768864717878993;0.15975526852481306
6;0.43847722637661457;0.28891910265125764
7;0.40448674371176074;0.07647858599592114
8;0.4537729435757988;0.12406526172671653
mean;0.44378823929299793;0.17760027192386132
standard_deviation;0.03175470567251973;0.09000661197020811
