index;step_length;step_width
1;0.48606390210740996;0.10367097212780423
2;0.4537729435757988;0.18694765465669613
3;0.3874915023793338;0.30591434398368456
4;0.4265805574439157;0.10367097212780423
5;0.3823929299796057;0.18014955812372535
6;0.43677770224337187;0.33820530251529574
7;0.3925900747790619;0.1495581237253569
8;0.4316791298436438;0.27532290958531613
mean;0.4246685927940177;0.2054299796057104
standard_deviation;0.03356761841130235;0.0847227589335092
