index;step_length;step_width
1;0.43337865397688646;0.28891910265125764
2;0.47926580557443915;0.1274643099932019
3;0.43847722637661457;0.24643099932019036
4;0.4129843643779742;0.09687287559483344
5;0.4418762746431;0.16995241332426922
6;0.4945615227736234;0.29571719918422845
7;0.4537729435757988;0.13596193065941536
8;0.5013596193065941;0.21753908905506458
mean;0.4569595513256288;0.19735723997280763
standard_deviation;0.029478753151443153;0.07104253553064763
