index;step_length;step_width
1;0.3942895989123046;0.3280081577158396
2;0.41638341264445955;0.16145479265805576
3;0.4571719918422842;0.28891910265125764
4;0.4112848402447315;0.11896668932698845
5;0.4537729435757988;0.1954452753229096
6;0.4095853161114888;0.3433038749150238
7;0.4537729435757988;0.0866757307953773
8;0.4894629503738953;0.1495581237253569
mean;0.43571549966009515;0.20904146838885113
standard_deviation;0.030353728208890454;0.0919472399369407
