index;step_length;step_width
1;0.7019034670292318;0.07307953772943576
2;0.7970768184908226;0.10876954452753229
3;0.6951053704962611;0.16315431679129844
4;0.761386811692726;0.30931339225016996
mean;0.7388681169272604;0.1635791978246091
standard_deviation;0.04235831638805957;0.09004571411323155
