index;step_length;step_width
1;0.739292997960571;0.18184908225696805
2;0.7902787219578519;0.33820530251529574
3;0.8480625424881033;0.08157715839564922
4;0.7749830047586675;0.12236573759347383
mean;0.7881543167912984;0.18099932019034673
standard_deviation;0.03922505749514561;0.09751551958329167
