index;step_length;step_width
1;0.7630863358259687;0.09857239972807615
2;0.6951053704962611;0.18184908225696805
3;0.7953772943575799;0.2974167233174711
4;0.8480625424881033;0.11556764106050306
mean;0.7754078857919783;0.1733514615907546
standard_deviation;0.05540259690320362;0.07809493698768208
