index;step_length;step_width
1;0.6883072739632903;0.14445955132562882
2;0.7834806254248811;0.2838205302515296
3;0.8735554044867437;0.07138001359619307
4;0.7596872875594833;0.11556764106050306
mean;0.7762576478585996;0.15380693405846363
standard_deviation;0.06619831938682395;0.07944707279831817
