index;step_length;step_width
1;0.8021753908905507;0.3433038749150238
2;0.8701563562202583;0.09007477906186268
3;0.7766825288919103;0.14445955132562882
4;0.7053025152957172;0.2532290958531611
mean;0.7885791978246092;0.2077668252889191
standard_deviation;0.058983526985310265;0.09784725155565203
