index;step_length;step_width
1;0.761386811692726;0.10197144799456152
2;0.8276682528891911;0.15465669612508498
3;0.7579877634262406;0.26342624065261727
4;0.8191706322229776;0.1274643099932019
mean;0.791553365057784;0.16187967369136644
standard_deviation;0.032029943504333386;0.06151684613005421
