index;step_length;step_width
1;0.7460910944935418;0.07817811012916384
2;0.8242692046227057;0.13256288239293
3;0.7036029911624745;0.22433718558803536
4;0.7970768184908226;0.3467029231815092
mean;0.7677600271923861;0.1954452753229096
standard_deviation;0.046471575458385955;0.10175878572347181
