index;step_length;step_width
1;0.7749830047586675;0.16655336505778381
2;0.6934058463630184;0.31271244051665537
3;0.773283480625425;0.1274643099932019
4;0.871855880353501;0.21753908905506458
mean;0.7783820530251531;0.20606730115567642
standard_deviation;0.06323737238320548;0.06936239801320229
