index;step_length;step_width
1;0.6934058463630184;0.3025152957171992
2;0.7749830047586675;0.08497620666213461
3;0.8531611148878314;0.16655336505778381
4;0.7307953772943576;0.2685248130523454
mean;0.7630863358259687;0.20564242012236578
standard_deviation;0.05948334466349421;0.08577126363661144
