index;step_length;step_width
1;0.7290958531611149;0.08837525492861999
2;0.6934058463630184;0.16315431679129844
3;0.7511896668932699;0.2838205302515296
4;0.8463630183548607;0.08837525492861999
mean;0.755013596193066;0.15593133922501698
standard_deviation;0.056627254055745126;0.0798991014299639
