index;step_length;step_width
1;0.6968048946295038;0.29231815091774305
2;0.7460910944935418;0.14615907545887152
3;0.7919782460910946;0.29061862678450034
4;0.7511896668932699;0.08837525492861999
mean;0.7465159755268526;0.20436777702243372
standard_deviation;0.0337640101429025;0.0894664678418722
