index;step_length;step_width
1;0.8514615907545887;0.12236573759347383
2;0.8990482664853842;0.24473147518694766
3;0.7681849082256968;0.09177430319510538
4;0.6832087015635623;0.1733514615907546
mean;0.800475866757308;0.15805574439157039
standard_deviation;0.08232611383265033;0.0579086507049654
