index;step_length;step_width
1;0.8616587355540449;0.07647858599592114
2;0.8089734874235215;0.14276002719238615
3;0.6985044187627465;0.2379333786539769
4;0.7800815771583957;0.0866757307953773
mean;0.7873045547246772;0.13596193065941536
standard_deviation;0.059024830374372415;0.06405425066295974
