index;step_length;step_width
1;0.7511896668932699;0.18864717878993884
2;0.6815091774303196;0.33480625424881033
3;0.7800815771583957;0.10876954452753229
4;0.893949694085656;0.16995241332426922
mean;0.7766825288919104;0.20054384772263767
standard_deviation;0.07660123106551282;0.08295523359528063
