index;step_length;step_width
1;0.8055744391570361;0.1954452753229096
2;0.7256968048946295;0.07307953772943576
3;0.8174711080897349;0.1257647858599592
4;0.9007477906186269;0.21074099252209383
mean;0.8123725356900069;0.15125764785859958
standard_deviation;0.06203845087846359;0.055345545506233114
