index;step_length;step_width
1;0.42148198504418766;0.31101291638341266
2;0.3857919782460911;0.08837525492861999
3;0.4435757987763426;0.16485384092454114
4;0.48266485384092456;0.07307953772943576
5;0.446974847042828;0.11556764106050306
6;0.41808293677770225;0.1733514615907546
7;0.4724677090414684;0.3450033990482665
8;0.49966009517335147;0.10027192386131883
mean;0.446337525492862;0.17143949694085658
standard_deviation;0.03524144221227108;0.09644495296431539
