index;step_length;step_width
1;0.4435757987763426;0.09347382732834807
2;0.4095853161114888;0.15805574439157036
3;0.3857919782460911;0.2685248130523454
4;0.41638341264445955;0.11556764106050306
5;0.3857919782460911;0.21753908905506458
6;0.43337865397688646;0.3433038749150238
7;0.48266485384092456;0.11386811692726037
8;0.4316791298436438;0.18524813052345343
mean;0.423606390210741;0.1869476546566961
standard_deviation;0.029908124099894733;0.08066028195162668
