index;step_length;step_width
1;0.4299796057104011;0.13766145479265807
2;0.4724677090414684;0.2379333786539769
3;0.41638341264445955;0.08157715839564922
4;0.44867437117607073;0.13256288239293
5;0.4078857919782461;0.20394289598912305
6;0.46227056424201224;0.08327668252889191
7;0.5115567641060503;0.15975526852481306
8;0.43677770224337187;0.07987763426240653
mean;0.44824949014276005;0.13957341944255608
standard_deviation;0.03142683909793907;0.055198162343391116
