index;step_length;step_width
1;0.43507817811012917;0.12236573759347383
2;0.3891910265125765;0.1937457511896669
3;0.42148198504418766;0.07138001359619307
4;0.46227056424201224;0.12406526172671653
5;0.4282800815771584;0.2379333786539769
6;0.4588715159755269;0.09177430319510538
7;0.4962610469068661;0.16655336505778381
8;0.43847722637661457;0.2838205302515296
mean;0.44123895309313393;0.16145479265805573
standard_deviation;0.029777310637891748;0.06872573842826564
