index;step_length;step_width
1;0.4095853161114888;0.09857239972807615
2;0.46906866077498305;0.18864717878993884
3;0.43847722637661457;0.33310673011556763
4;0.5047586675730795;0.07307953772943576
5;0.43677770224337187;0.11216859279401768
6;0.4129843643779742;0.18864717878993884
7;0.4418762746431;0.33820530251529574
8;0.4146838885112169;0.16655336505778381
mean;0.4410265125764786;0.1873725356900068
standard_deviation;0.030294941315390688;0.09422688896069743
