index;step_length;step_width
1;0.4435757987763426;0.2974167233174711
2;0.48096532970768185;0.12406526172671653
3;0.4129843643779742;0.1971447994561523
4;0.4554724677090415;0.09687287559483344
5;0.513256288239293;0.1937457511896669
6;0.4520734194425561;0.31441196464989807
7;0.4775662814411965;0.08157715839564922
8;0.41638341264445955;0.12406526172671653
mean;0.4565346702923182;0.178662474507138
standard_deviation;0.03153221319121002;0.0830484840597746
