index;step_length;step_width
1;0.46906866077498305;0.09687287559483344
2;0.43507817811012917;0.1903467029231815
3;0.48096532970768185;0.07307953772943576
4;0.4129843643779742;0.11726716519374576
5;0.3874915023793338;0.20054384772263767
6;0.4265805574439157;0.34160435078178114
7;0.4707681849082257;0.1342624065261727
8;0.5098572399728076;0.21753908905506458
mean;0.44909925220938135;0.17143949694085656
standard_deviation;0.03771402588890024;0.08049645622785263
