index;step_length;step_width
1;0.4588715159755269;0.13086335825968728
2;0.4146838885112169;0.23113528212100612
3;0.44867437117607073;0.09347382732834807
4;0.4724677090414684;0.17675050985723997
5;0.43677770224337187;0.31271244051665537
6;0.48266485384092456;0.110469068660775
7;0.4401767505098573;0.16485384092454114
8;0.3823929299796057;0.29571719918422845
mean;0.44208871515975534;0.18949694085656016
standard_deviation;0.03008490760925068;0.077356357124033
