index;step_length;step_width
1;0.3874915023793338;0.08837525492861999
2;0.4146838885112169;0.14106050305914344
3;0.4435757987763426;0.27192386131883073
4;0.47926580557443915;0.12236573759347383
5;0.5064581917063222;0.2379333786539769
6;0.43337865397688646;0.10876954452753229
7;0.40448674371176074;0.21753908905506458
8;0.46057104010876954;0.07477906186267845
mean;0.44123895309313393;0.15784330387491502
standard_deviation;0.03722440419408603;0.06952195024553202
