index;step_length;step_width
1;0.48266485384092456;0.1274643099932019
2;0.4537729435757988;0.22433718558803536
3;0.4061862678450034;0.3450033990482665
4;0.44867437117607073;0.0866757307953773
5;0.4095853161114888;0.14615907545887152
6;0.46227056424201224;0.27362338545207343
7;0.49796057104010877;0.1070700203942896
8;0.4707681849082257;0.20394289598912305
mean;0.4539853840924541;0.18928450033990485
standard_deviation;0.030395331067019693;0.08349723106850929
