index;step_length;step_width
1;0.41978246091094495;0.14445955132562882
2;0.39768864717878993;0.23113528212100612
3;0.4316791298436438;0.09687287559483344
4;0.40278721957851804;0.18864717878993884
5;0.43847722637661457;0.09007477906186268
6;0.5013596193065941;0.16995241332426922
7;0.4452753229095853;0.3178110129163834
8;0.41978246091094495;0.08157715839564922
mean;0.43210401087695444;0.16506628144119648
standard_deviation;0.030327697441779256;0.07578352053036756
