index;step_length;step_width
1;0.4401767505098573;0.13256288239293
2;0.40108769544527534;0.24473147518694766
3;0.4537729435757988;0.07307953772943576
4;0.5115567641060503;0.12406526172671653
5;0.4452753229095853;0.22433718558803536
6;0.41978246091094495;0.3467029231815092
7;0.4741672331747111;0.16145479265805576
8;0.4061862678450034;0.3178110129163834
mean;0.4440006798096533;0.20309313392250172
standard_deviation;0.034357615354425615;0.09070986174971539
