index;step_length;step_width
1;0.3942895989123046;0.1257647858599592
2;0.43337865397688646;0.24133242692046228
3;0.46397008837525494;0.11216859279401768
4;0.4962610469068661;0.1733514615907546
5;0.46397008837525494;0.3433038749150238
6;0.43677770224337187;0.09857239972807615
7;0.3840924541128484;0.1495581237253569
8;0.43677770224337187;0.28891910265125764
mean;0.43868966689326994;0.19162134602311354
standard_deviation;0.03460564074907334;0.08393201925216269
