index;step_length;step_width
1;0.4299796057104011;0.33820530251529574
2;0.46566961250849764;0.10027192386131883
3;0.5064581917063222;0.1903467029231815
4;0.4554724677090415;0.30931339225016996
5;0.3959891230455473;0.14106050305914344
6;0.4418762746431;0.2158395649218219
7;0.4129843643779742;0.3467029231815092
8;0.45037389530931343;0.1342624065261727
mean;0.44485044187627465;0.22200033990482665
standard_deviation;0.03163295648442278;0.09136794707268818
