index;step_length;step_width
1;0.4282800815771584;0.2974167233174711
2;0.4537729435757988;0.0866757307953773
3;0.40108769544527534;0.14785859959211423
4;0.4571719918422842;0.2566281441196465
5;0.5149558123725357;0.12066621346023114
6;0.4758667573079538;0.18864717878993884
7;0.4282800815771584;0.29061862678450034
8;0.44867437117607073;0.1291638341264446
mean;0.4510112168592794;0.18970938137321552
standard_deviation;0.03217825222442059;0.0766998531729117
