index;step_length;step_width
1;0.5098572399728076;0.23963290278721958
2;0.540448674371176;0.07307953772943576
3;0.6186267845003399;0.12406526172671653
4;0.5812372535690007;0.1903467029231815
5;0.5064581917063222;0.31271244051665537
6;0.5455472467709042;0.1070700203942896
mean;0.5503625651484251;0.17448447767958308
standard_deviation;0.03937638447331137;0.08263641794878378
