index;step_length;step_width
1;0.5421481985044188;0.18184908225696805
2;0.6203263086335826;0.30591434398368456
3;0.5727396329027873;0.07817811012916384
4;0.6152277362338545;0.1274643099932019
5;0.5625424881033311;0.20054384772263767
6;0.491162474507138;0.08327668252889191
mean;0.5673578064808521;0.16287106276909133
standard_deviation;0.04395186133806676;0.07853086864974285
