index;step_length;step_width
1;0.5863358259687288;0.1733514615907546
2;0.5285520054384772;0.27192386131883073
3;0.5897348742352142;0.07817811012916384
4;0.557443915703603;0.13936097892590074
5;0.5166553365057784;0.22433718558803536
6;0.5727396329027873;0.08497620666213461
mean;0.5585769317924315;0.16202130070246998
standard_deviation;0.027695233540857282;0.07020129650876805
