index;step_length;step_width
1;0.552345343303875;0.07987763426240653
2;0.4758667573079538;0.14106050305914344
3;0.5285520054384772;0.26002719238613187
4;0.4928619986403807;0.07307953772943576
5;0.5251529571719918;0.14276002719238615
6;0.5659415363698165;0.2838205302515296
mean;0.5234534330387491;0.16343757081350554
standard_deviation;0.03127616982062602;0.08154420378883698
