index;step_length;step_width
1;0.5863358259687288;0.110469068660775
2;0.540448674371176;0.16825288919102652
3;0.5965329707681849;0.07138001359619307
4;0.5098572399728076;0.11896668932698845
5;0.4707681849082257;0.20224337185588037
6;0.513256288239293;0.33990482664853844
mean;0.5361998640380693;0.16853614321323365
standard_deviation;0.04410857245195368;0.08734196450903296
