index;step_length;step_width
1;0.5336505778382054;0.1070700203942896
2;0.5914343983684569;0.17845003399048268
3;0.6271244051665534;0.2787219578518015
4;0.5948334466349422;0.1291638341264446
5;0.557443915703603;0.21074099252209383
6;0.6118286879673691;0.09517335146159075
mean;0.5860525719465217;0.16655336505778381
standard_deviation;0.031680161130843876;0.06417063453354055
