index;step_length;step_width
1;0.5319510537049627;0.18184908225696805
2;0.5642420122365738;0.06968048946295037
3;0.6288239292997961;0.11556764106050306
4;0.5897348742352142;0.21753908905506458
5;0.552345343303875;0.3297076818490823
6;0.5812372535690007;0.12236573759347383
mean;0.5747224110582371;0.17278495354634038
standard_deviation;0.030645153043093756;0.0848098681676834
