index;step_length;step_width
1;0.5489462950373896;0.1274643099932019
2;0.5778382053025153;0.20224337185588037
3;0.5387491502379333;0.30591434398368456
4;0.5081577158395649;0.11216859279401768
5;0.5761386811692726;0.20224337185588037
6;0.5421481985044188;0.3297076818490823
mean;0.5486630410151824;0.21329027872195785
standard_deviation;0.023761281589933937;0.08161698127251252
