index;step_length;step_width
1;0.6220258327668253;0.07477906186267845
2;0.5897348742352142;0.11896668932698845
3;0.6254248810333107;0.23113528212100612
4;0.5591434398368457;0.10027192386131883
5;0.513256288239293;0.1971447994561523
6;0.46906866077498305;0.3229095853161115
mean;0.5631089961477453;0.17420122365737598
standard_deviation;0.05687413490899758;0.08591006238867929
