index;step_length;step_width
1;0.6662134602311353;0.13086335825968728
2;0.7036029911624745;0.23453433038749152
3;0.6050305914343984;0.10876954452753229
4;0.650917743031951;0.17675050985723997
5;0.5948334466349422;0.29401767505098575
mean;0.6441196464989803;0.18898708361658736
standard_deviation;0.04007418804402309;0.06792485787943253
