index;step_length;step_width
1;0.6832087015635623;0.09687287559483344
2;0.7256968048946295;0.1903467029231815
3;0.6560163154316792;0.34160435078178114
4;0.623725356900068;0.07138001359619307
5;0.5744391570360299;0.13256288239293
mean;0.6526172671651937;0.16655336505778384
standard_deviation;0.051448163435736674;0.0962056764247699
