index;step_length;step_width
1;0.6220258327668253;0.0866757307953773
2;0.7019034670292318;0.16655336505778381
3;0.6033310673011557;0.30761386811692726
4;0.6798096532970769;0.14106050305914344
5;0.734194425560843;0.2804214819850442
mean;0.6682528891910265;0.1964649898028552
standard_deviation;0.04892032319477505;0.08416746351132309
