index;step_length;step_width
1;0.6577158395649219;0.2821210061182869
2;0.5829367777022434;0.09687287559483344
3;0.6135282121006118;0.14785859959211423
4;0.7002039428959892;0.29231815091774305
5;0.6084296397008838;0.1070700203942896
mean;0.6325628823929301;0.18524813052345343
standard_deviation;0.0415101593907227;0.0850509528501327
