index;step_length;step_width
1;0.6934058463630184;0.1512576478585996
2;0.5999320190346703;0.2362338545207342
3;0.6492182188987083;0.07647858599592114
4;0.7205982324949014;0.13766145479265807
5;0.6305234534330387;0.23453433038749152
mean;0.6587355540448675;0.16723317471108093
standard_deviation;0.04329752457901046;0.06108459514407959
