index;step_length;step_width
1;0.6441196464989803;0.3229095853161115
2;0.7222977566281441;0.15465669612508498
3;0.6849082256968049;0.27532290958531613
4;0.6339225016995241;0.10876954452753229
5;0.5846363018354861;0.16825288919102652
mean;0.6539768864717879;0.2059823249490143
standard_deviation;0.046758847828735926;0.07998531873878137
