index;step_length;step_width
1;0.6968048946295038;0.07647858599592114
2;0.6067301155676411;0.1291638341264446
3;0.667912984364378;0.20054384772263767
4;0.5761386811692726;0.30931339225016996
5;0.6543167912984365;0.14276002719238615
mean;0.6403806934058464;0.1716519374575119
standard_deviation;0.043348194607559114;0.07935158076090246
