index;step_length;step_width
1;0.5863358259687288;0.15465669612508498
2;0.6152277362338545;0.30591434398368456
3;0.5591434398368457;0.14445955132562882
4;0.6067301155676411;0.2838205302515296
5;0.6866077498300476;0.12236573759347383
mean;0.6108089734874236;0.20224337185588034
standard_deviation;0.042543811202215884;0.07666342193167713
