index;step_length;step_width
1;0.5710401087695446;0.3484024473147519
2;0.6203263086335826;0.08327668252889191
3;0.7138001359619307;0.16485384092454114
4;0.6594153636981646;0.30931339225016996
5;0.7409925220938137;0.1495581237253569
mean;0.6611148878314073;0.21108089734874236
standard_deviation;0.06154061134605937;0.10075985399483799
