index;step_length;step_width
1;0.6696125084976207;0.12406526172671653
2;0.7358939496940857;0.24133242692046228
3;0.6543167912984365;0.07138001359619307
4;0.5812372535690007;0.1291638341264446
5;0.623725356900068;0.2158395649218219
mean;0.6529571719918423;0.15635622025832768
standard_deviation;0.05129523098017916;0.06286861149439094
