index;step_length;step_width
1;0.6271244051665534;0.08497620666213461
2;0.5727396329027873;0.1291638341264446
3;0.6254248810333107;0.2515295717199184
4;0.5846363018354861;0.08157715839564922
5;0.6577158395649219;0.15465669612508498
mean;0.6135282121006119;0.14038069340584639
standard_deviation;0.03091078869990389;0.06198581808323517
