index;step_length;step_width
1;0.5999320190346703;0.07138001359619307
2;0.650917743031951;0.12236573759347383
3;0.5965329707681849;0.2158395649218219
4;0.667912984364378;0.07817811012916384
5;0.6084296397008838;0.14785859959211423
mean;0.6247450713800136;0.12712440516655338
standard_deviation;0.02907328998007218;0.05258537495423551
