index;step_length;step_width
1;0.5693405846363019;0.33650577838205303
2;0.6407205982324949;0.09177430319510538
3;0.7070020394289599;0.16825288919102652
4;0.6356220258327668;0.07138001359619307
5;0.667912984364378;0.11726716519374576
mean;0.6441196464989802;0.15703602991162474
standard_deviation;0.04515747877493684;0.09540735532875105
