index;step_length;step_width
1;0.623725356900068;0.10197144799456152
2;0.6866077498300476;0.18014955812372535
3;0.5948334466349422;0.3025152957171992
4;0.6356220258327668;0.1274643099932019
5;0.7307953772943576;0.20394289598912305
mean;0.6543167912984365;0.18320870156356223
standard_deviation;0.04840512064967479;0.06982872925177269
