index;step_length;step_width
1;0.6662134602311353;0.08327668252889191
2;0.7256968048946295;0.14445955132562882
3;0.6832087015635623;0.2532290958531611
4;0.7188987083616588;0.10367097212780423
5;0.6135282121006118;0.20734194425560845
mean;0.6815091774303196;0.15839564921821891
standard_deviation;0.0405185943444884;0.06359400390311
