index;step_length;step_width
1;0.4775662814411965;0.2566281441196465
2;0.5370496261046908;0.10197144799456152
3;0.4775662814411965;0.18354860639021076
4;0.5421481985044188;0.07647858599592114
5;0.47926580557443915;0.1274643099932019
6;0.45037389530931343;0.19884432358939497
7;0.4894629503738953;0.3297076818490823
mean;0.4933475769641643;0.18209187141885988
standard_deviation;0.031281195315929704;0.08296855595639852
