index;step_length;step_width
1;0.4894629503738953;0.1274643099932019
2;0.552345343303875;0.20564242012236575
3;0.5047586675730795;0.07817811012916384
4;0.5421481985044188;0.13086335825968728
5;0.48436437797416726;0.22093813732155
6;0.4435757987763426;0.07138001359619307
7;0.46736913664174035;0.12406526172671653
mean;0.4977177818782169;0.13693308730698264
standard_deviation;0.036068697748963555;0.053210168133641746
