index;step_length;step_width
1;0.4707681849082257;0.18864717878993884
2;0.5098572399728076;0.07138001359619307
3;0.557443915703603;0.14276002719238615
4;0.5047586675730795;0.24303195105370498
5;0.5591434398368457;0.07647858599592114
6;0.491162474507138;0.12066621346023114
7;0.4452753229095853;0.1903467029231815
mean;0.5054870350587549;0.1476158104302224
standard_deviation;0.03897654661266477;0.058841194366130375
