index;step_length;step_width
1;0.5217539089055064;0.09857239972807615
2;0.5608429639700884;0.18864717878993884
3;0.4928619986403807;0.2991162474507138
4;0.5200543847722637;0.07647858599592114
5;0.4707681849082257;0.1257647858599592
6;0.43507817811012917;0.23963290278721958
7;0.48436437797416726;0.1070700203942896
mean;0.4979605710401088;0.1621831601437312
standard_deviation;0.037631536894236296;0.07672291178268983
