index;step_length;step_width
1;0.5727396329027873;0.13766145479265807
2;0.5081577158395649;0.24303195105370498
3;0.47926580557443915;0.09517335146159075
4;0.4265805574439157;0.18184908225696805
5;0.46057104010876954;0.2821210061182869
6;0.4962610469068661;0.13936097892590074
7;0.5642420122365738;0.24303195105370498
mean;0.5011168301447023;0.1888899679518306
standard_deviation;0.04908425919319125;0.06376810077838913
