index;step_length;step_width
1;0.5030591434398368;0.1070700203942896
2;0.46227056424201224;0.20394289598912305
3;0.5047586675730795;0.09687287559483344
4;0.5336505778382054;0.16315431679129844
5;0.46397008837525494;0.07477906186267845
6;0.5081577158395649;0.14785859959211423
7;0.45037389530931343;0.22433718558803536
mean;0.4894629503738953;0.14543070797319607
standard_deviation;0.028380381074492488;0.051811457445213385
