index;step_length;step_width
1;0.5710401087695446;0.23963290278721958
2;0.5183548606390211;0.09687287559483344
3;0.5676410605030592;0.15465669612508498
4;0.4945615227736234;0.2566281441196465
5;0.46057104010876954;0.1274643099932019
6;0.424881033310673;0.2515295717199184
7;0.4775662814411965;0.11386811692726037
mean;0.5020879867922696;0.1772360881810236
standard_deviation;0.05022626519010344;0.06456092060227182
