index;step_length;step_width
1;0.48096532970768185;0.29401767505098575
2;0.4282800815771584;0.13256288239293
3;0.48266485384092456;0.2141400407885792
4;0.43337865397688646;0.33310673011556763
5;0.48606390210740996;0.12236573759347383
6;0.4588715159755269;0.21753908905506458
7;0.40448674371176074;0.3297076818490823
8;0.43847722637661457;0.15975526852481306
mean;0.45164853840924546;0.22539938817131205
standard_deviation;0.02814175396547568;0.07978237472912438
