index;step_length;step_width
1;0.4588715159755269;0.3008157715839565
2;0.4282800815771584;0.1274643099932019
3;0.48266485384092456;0.2158395649218219
4;0.4299796057104011;0.09517335146159075
5;0.3857919782460911;0.16825288919102652
6;0.41808293677770225;0.3297076818490823
7;0.46736913664174035;0.16485384092454114
8;0.4265805574439157;0.2804214819850442
mean;0.43720258327668254;0.21031611148878315
standard_deviation;0.028938734200982027;0.08011571004908681
