index;step_length;step_width
1;0.4112848402447315;0.1257647858599592
2;0.4554724677090415;0.20904146838885113
3;0.4962610469068661;0.31441196464989807
4;0.43507817811012917;0.10027192386131883
5;0.4095853161114888;0.17845003399048268
6;0.4299796057104011;0.33480625424881033
7;0.4078857919782461;0.15635622025832768
8;0.44867437117607073;0.270224337185588
mean;0.43677770224337187;0.2111658735554045
standard_deviation;0.028067886752062798;0.08147419253916788
