index;step_length;step_width
1;0.4282800815771584;0.1495581237253569
2;0.46906866077498305;0.2838205302515296
3;0.4401767505098573;0.1274643099932019
4;0.3857919782460911;0.23453433038749152
5;0.4282800815771584;0.09857239972807615
6;0.3908905506458192;0.15975526852481306
7;0.4129843643779742;0.07307953772943576
8;0.4401767505098573;0.1257647858599592
mean;0.42445615227736233;0.156568660774983
standard_deviation;0.025658734104154066;0.06563243093987838
