index;step_length;step_width
1;0.46566961250849764;0.07307953772943576
2;0.4061862678450034;0.13596193065941536
3;0.43337865397688646;0.2362338545207342
4;0.47926580557443915;0.11216859279401768
5;0.42148198504418766;0.2141400407885792
6;0.46227056424201224;0.08157715839564922
7;0.40108769544527534;0.15805574439157036
8;0.46057104010876954;0.2804214819850442
mean;0.44123895309313393;0.16145479265805576
standard_deviation;0.02773060855691634;0.07053537039241038
