index;step_length;step_width
1;0.424881033310673;0.07477906186267845
2;0.4758667573079538;0.1274643099932019
3;0.513256288239293;0.2141400407885792
4;0.48266485384092456;0.3433038749150238
5;0.43677770224337187;0.1274643099932019
6;0.3908905506458192;0.22603670972127804
7;0.424881033310673;0.11216859279401768
8;0.4571719918422842;0.20054384772263767
mean;0.4507987763426241;0.17823759347382734
standard_deviation;0.03659654024923328;0.08026738186324066
