index;step_length;step_width
1;0.42318150917743036;0.3229095853161115
2;0.3908905506458192;0.13256288239293
3;0.43507817811012917;0.22093813732155
4;0.48436437797416726;0.08837525492861999
5;0.4418762746431;0.14785859959211423
6;0.5047586675730795;0.2685248130523454
7;0.43507817811012917;0.08157715839564922
8;0.40448674371176074;0.14276002719238615
mean;0.4399643099932019;0.17568830727396328
standard_deviation;0.03565394956776205;0.0810395833959037
