index;step_length;step_width
1;0.4265805574439157;0.1495581237253569
2;0.3942895989123046;0.2804214819850442
3;0.42318150917743036;0.12406526172671653
4;0.4724677090414684;0.24133242692046228
5;0.5047586675730795;0.10367097212780423
6;0.43337865397688646;0.16995241332426922
7;0.491162474507138;0.26172671651937457
8;0.44867437117607073;0.1291638341264446
mean;0.4493116927260367;0.18248640380693407
standard_deviation;0.035077139565291585;0.06426773318450843
