index;step_length;step_width
1;0.4095853161114888;0.11216859279401768
2;0.4724677090414684;0.18184908225696805
3;0.41978246091094495;0.3467029231815092
4;0.46906866077498305;0.14276002719238615
5;0.4112848402447315;0.22773623385452074
6;0.4452753229095853;0.10537049626104691
7;0.4894629503738953;0.1716519374575119
8;0.4520734194425561;0.3297076818490823
mean;0.4461250849762067;0.20224337185588037
standard_deviation;0.028234615441597805;0.08671321219422987
