index;step_length;step_width
1;0.4282800815771584;0.13766145479265807
2;0.39938817131203264;0.2566281441196465
3;0.424881033310673;0.07138001359619307
4;0.48096532970768185;0.11216859279401768
5;0.4520734194425561;0.22263766145479266
6;0.49796057104010877;0.07817811012916384
7;0.4537729435757988;0.13086335825968728
8;0.3908905506458192;0.22433718558803536
mean;0.4410265125764786;0.1542318150917743
standard_deviation;0.03498502523833939;0.06644329755727087
