index;step_length;step_width
1;0.4401767505098573;0.13086335825968728
2;0.3857919782460911;0.22433718558803536
3;0.41808293677770225;0.10876954452753229
4;0.3891910265125765;0.20394289598912305
5;0.4316791298436438;0.3229095853161115
6;0.39938817131203264;0.15805574439157036
7;0.4571719918422842;0.31101291638341266
8;0.5149558123725357;0.11556764106050306
mean;0.42955472467709044;0.19693235893949695
standard_deviation;0.039936557061760206;0.07902073341513251
