index;step_length;step_width
1;0.43337865397688646;0.17845003399048268
2;0.3823929299796057;0.31441196464989807
3;0.4146838885112169;0.11216859279401768
4;0.3925900747790619;0.18354860639021076
5;0.4418762746431;0.07477906186267845
6;0.49966009517335147;0.13766145479265807
7;0.46566961250849764;0.22263766145479266
8;0.513256288239293;0.07477906186267845
mean;0.4429384772263766;0.16230455472467709
standard_deviation;0.04439905150752783;0.07577190690503366
