index;step_length;step_width
1;0.43337865397688646;0.20224337185588037
2;0.3959891230455473;0.33820530251529574
3;0.41638341264445955;0.12406526172671653
4;0.4741672331747111;0.23963290278721958
5;0.5030591434398368;0.11216859279401768
6;0.4571719918422842;0.22433718558803536
7;0.4265805574439157;0.09177430319510538
8;0.4741672331747111;0.1733514615907546
mean;0.447612168592794;0.18822229775662813
standard_deviation;0.033281368259212026;0.07588023161693432
