index;step_length;step_width
1;0.3840924541128484;0.1954452753229096
2;0.43507817811012917;0.30761386811692726
3;0.4928619986403807;0.11556764106050306
4;0.43507817811012917;0.19884432358939497
5;0.49966009517335147;0.33480625424881033
6;0.44867437117607073;0.1512576478585996
7;0.4146838885112169;0.27532290958531613
8;0.46736913664174035;0.09517335146159075
mean;0.44718728755948334;0.20925390890550644
standard_deviation;0.03636582056328702;0.0831093258461696
