index;step_length;step_width
1;0.4452753229095853;0.2362338545207342
2;0.4707681849082257;0.08157715839564922
3;0.4452753229095853;0.1342624065261727
4;0.40448674371176074;0.20564242012236575
5;0.4316791298436438;0.09517335146159075
6;0.4775662814411965;0.1750509857239973
7;0.4112848402447315;0.3229095853161115
8;0.46057104010876954;0.07477906186267845
mean;0.4433633582596873;0.1657036029911625
standard_deviation;0.024751827408504082;0.08114671590170233
