index;step_length;step_width
1;0.6917063222297757;0.16315431679129844
2;0.6220258327668253;0.2532290958531611
3;0.6645139360978927;0.07987763426240653
4;0.6033310673011557;0.1257647858599592
5;0.6373215499660095;0.22433718558803536
mean;0.6437797416723318;0.16927260367097213
standard_deviation;0.031234276023548998;0.06324970349624667
