index;step_length;step_width
1;0.4401767505098573;0.22943575798776344
2;0.48096532970768185;0.06968048946295037
3;0.4520734194425561;0.10537049626104691
4;0.3891910265125765;0.18694765465669613
5;0.424881033310673;0.3450033990482665
6;0.46397008837525494;0.1495581237253569
7;0.49966009517335147;0.24473147518694766
8;0.4571719918422842;0.08497620666213461
mean;0.4510112168592795;0.1769629503738953
standard_deviation;0.03180582906344001;0.08770037532121555
