index;step_length;step_width
1;0.45037389530931343;0.11386811692726037
2;0.42318150917743036;0.21753908905506458
3;0.39768864717878993;0.07138001359619307
4;0.4571719918422842;0.110469068660775
5;0.4146838885112169;0.20054384772263767
6;0.46057104010876954;0.3178110129163834
7;0.4945615227736234;0.09687287559483344
8;0.43337865397688646;0.16995241332426922
mean;0.4414513936097893;0.1623045547246771
standard_deviation;0.028599890852390245;0.07610472104880149
