index;step_length;step_width
1;0.46736913664174035;0.09007477906186268
2;0.4316791298436438;0.15635622025832768
3;0.3959891230455473;0.270224337185588
4;0.43677770224337187;0.08157715839564922
5;0.4741672331747111;0.16145479265805576
6;0.4418762746431;0.3042148198504419
7;0.4741672331747111;0.110469068660775
8;0.43337865397688646;0.1954452753229096
mean;0.44442556084296403;0.17122705642420122
standard_deviation;0.02497780159194267;0.07640655834740241
