index;step_length;step_width
1;0.46057104010876954;0.15635622025832768
2;0.4282800815771584;0.31101291638341266
3;0.4078857919782461;0.1512576478585996
4;0.43337865397688646;0.2549286199864038
5;0.46906866077498305;0.110469068660775
6;0.41978246091094495;0.2124405166553365
7;0.46736913664174035;0.08497620666213461
8;0.43507817811012917;0.15635622025832768
mean;0.4401767505098573;0.17972467709041468
standard_deviation;0.02139646212103021;0.07039061923683962
