index;step_length;step_width
1;0.4299796057104011;0.13086335825968728
2;0.48606390210740996;0.20734194425560845
3;0.4537729435757988;0.10027192386131883
4;0.3942895989123046;0.20054384772263767
5;0.41978246091094495;0.3263086335825969
6;0.48096532970768185;0.1274643099932019
7;0.4129843643779742;0.24133242692046228
8;0.4758667573079538;0.09857239972807615
mean;0.44421312032630866;0.1790873555404487
standard_deviation;0.03252421988125701;0.07457569944797497
