index;step_length;step_width
1;0.40108769544527534;0.2583276682528892
2;0.4418762746431;0.09517335146159075
3;0.4775662814411965;0.16995241332426922
4;0.4452753229095853;0.2668252889191027
5;0.49796057104010877;0.110469068660775
6;0.4537729435757988;0.1716519374575119
7;0.3942895989123046;0.28891910265125764
8;0.4401767505098573;0.09007477906186268
mean;0.4440006798096533;0.18142420122365738
standard_deviation;0.03253323810405095;0.07567058441141697
