index;step_length;step_width
1;0.48266485384092456;0.10197144799456152
2;0.42148198504418766;0.18864717878993884
3;0.46736913664174035;0.2991162474507138
4;0.41638341264445955;0.09347382732834807
5;0.43677770224337187;0.18524813052345343
6;0.4112848402447315;0.3280081577158396
7;0.4401767505098573;0.07307953772943576
mean;0.43944838302418177;0.18136350393318446
standard_deviation;0.02479304149018111;0.09349684216881592
