index;step_length;step_width
1;0.424881033310673;0.10197144799456152
2;0.4724677090414684;0.17675050985723997
3;0.4452753229095853;0.3212100611828688
4;0.3840924541128484;0.15465669612508498
5;0.4146838885112169;0.2855200543847723
6;0.4741672331747111;0.08327668252889191
7;0.5064581917063222;0.13936097892590074
8;0.4707681849082257;0.270224337185588
mean;0.4490992522093814;0.19162134602311354
standard_deviation;0.03698906028825946;0.08357853802870799
