index;step_length;step_width
1;0.44867437117607073;0.270224337185588
2;0.41808293677770225;0.12406526172671653
3;0.3891910265125765;0.21753908905506458
4;0.41978246091094495;0.34160435078178114
5;0.46227056424201224;0.10027192386131883
6;0.5030591434398368;0.1971447994561523
7;0.4741672331747111;0.3008157715839565
8;0.5047586675730795;0.14106050305914344
mean;0.45249830047586675;0.21159075458871518
standard_deviation;0.03893867194488729;0.08183345474169608
