index;step_length;step_width
1;0.46227056424201224;0.33650577838205303
2;0.43677770224337187;0.13086335825968728
3;0.46057104010876954;0.26172671651937457
4;0.42148198504418766;0.10367097212780423
5;0.3959891230455473;0.16825288919102652
6;0.4537729435757988;0.3178110129163834
7;0.424881033310673;0.15295717199184228
8;0.48606390210740996;0.07477906186267845
mean;0.4427260367097213;0.1933208701563562
standard_deviation;0.02666953573500206;0.09282167751004848
