index;step_length;step_width
1;0.43847722637661457;0.15295717199184228
2;0.48436437797416726;0.2855200543847723
3;0.4537729435757988;0.1342624065261727
4;0.3942895989123046;0.20734194425560845
5;0.43507817811012917;0.09687287559483344
6;0.4877634262406526;0.1920462270564242
7;0.4537729435757988;0.30761386811692726
8;0.4265805574439157;0.08327668252889191
mean;0.4467624065261727;0.18248640380693407
standard_deviation;0.028633798012360438;0.07693485721855628
