index;step_length;step_width
1;0.5098572399728076;0.13086335825968728
2;0.4571719918422842;0.2566281441196465
3;0.42148198504418766;0.12066621346023114
4;0.3891910265125765;0.21074099252209383
5;0.4078857919782461;0.3280081577158396
6;0.4316791298436438;0.10367097212780423
7;0.4741672331747111;0.15975526852481306
8;0.43847722637661457;0.24983004758667574
mean;0.441238953093134;0.19502039428959894
standard_deviation;0.03598155396590382;0.07413291346208715
