index;step_length;step_width
1;0.43677770224337187;0.12406526172671653
2;0.4724677090414684;0.2124405166553365
3;0.43677770224337187;0.33480625424881033
4;0.4078857919782461;0.16145479265805576
5;0.4316791298436438;0.31441196464989807
6;0.4724677090414684;0.13086335825968728
7;0.4282800815771584;0.24983004758667574
8;0.48436437797416726;0.10027192386131883
mean;0.446337525492862;0.2035180149558124
standard_deviation;0.025034652457599876;0.08350074430062615
