index;step_length;step_width
1;0.446974847042828;0.09687287559483344
2;0.49966009517335147;0.16995241332426922
3;0.44867437117607073;0.28891910265125764
4;0.5030591434398368;0.08497620666213461
5;0.45037389530931343;0.15465669612508498
6;0.4112848402447315;0.29231815091774305
7;0.4554724677090415;0.14276002719238615
8;0.3908905506458192;0.2685248130523454
mean;0.4507987763426241;0.18737253569000684
standard_deviation;0.035899304566007255;0.07901759214732598
