index;step_length;step_width
1;0.39768864717878993;0.270224337185588
2;0.4554724677090415;0.10027192386131883
3;0.3925900747790619;0.18184908225696805
4;0.424881033310673;0.27532290958531613
5;0.4775662814411965;0.09517335146159075
6;0.4316791298436438;0.16145479265805576
7;0.46227056424201224;0.27192386131883073
8;0.4299796057104011;0.13086335825968728
mean;0.43401597552685245;0.18588545207341944
standard_deviation;0.0280542160857087;0.07220946599337172
