index;step_length;step_width
1;0.7154996600951734;0.10876954452753229
2;0.7715839564921823;0.16315431679129844
3;0.6611148878314073;0.2566281441196465
4;0.7290958531611149;0.09857239972807615
mean;0.7193235893949694;0.15678110129163836
standard_deviation;0.03946364935372883;0.06265662845607803
