index;step_length;step_width
1;0.6815091774303196;0.15295717199184228
2;0.6084296397008838;0.27702243371855884
3;0.6577158395649219;0.07138001359619307
4;0.7409925220938137;0.1070700203942896
5;0.6373215499660095;0.1937457511896669
mean;0.6651937457511897;0.16043507817811015
standard_deviation;0.044870012080283427;0.07146574761280874
