index;step_length;step_width
1;0.5982324949014276;0.14276002719238615
2;0.6475186947654656;0.2583276682528892
3;0.6951053704962611;0.09007477906186268
4;0.5982324949014276;0.14785859959211423
5;0.6577158395649219;0.2668252889191027
mean;0.6393609789259008;0.18116927260367097
standard_deviation;0.03713217156227015;0.0695319336325066
