index;step_length;step_width
1;0.7375934738273284;0.33310673011556763
2;0.6730115567641061;0.13936097892590074
3;0.7053025152957172;0.23283480625424882
4;0.756288239292998;0.08837525492861999
mean;0.7180489462950375;0.1984194425560843
standard_deviation;0.031761100596585275;0.09343809186508757
