index;step_length;step_width
1;0.6050305914343984;0.22603670972127804
2;0.6849082256968049;0.3433038749150238
3;0.601631543167913;0.13256288239293
4;0.6883072739632903;0.2566281441196465
5;0.7205982324949014;0.09687287559483344
mean;0.6600951733514616;0.21108089734874236
standard_deviation;0.0480048634812744;0.08830593945388725
