index;step_length;step_width
1;0.7766825288919103;0.11896668932698845
2;0.712100611828688;0.20224337185588037
3;0.7630863358259687;0.09347382732834807
4;0.7036029911624745;0.15295717199184228
mean;0.7388681169272603;0.1419102651257648
standard_deviation;0.031530066219666725;0.040726570245825156
