index;step_length;step_width
1;0.7834806254248811;0.2821210061182869
2;0.8463630183548607;0.14106050305914344
3;0.7290958531611149;0.23963290278721958
4;0.8191706322229776;0.1070700203942896
mean;0.7945275322909586;0.1924711080897349
standard_deviation;0.04386780931047012;0.07105936811004246
