index;step_length;step_width
1;0.7630863358259687;0.33310673011556763
2;0.8242692046227057;0.1274643099932019
3;0.7630863358259687;0.24813052345343306
4;0.8378653976886472;0.10197144799456152
mean;0.7970768184908226;0.20266825288919102
standard_deviation;0.03432870475310021;0.09337624688469037
