index;step_length;step_width
1;0.6288239292997961;0.07647858599592114
2;0.6849082256968049;0.12066621346023114
3;0.6067301155676411;0.21753908905506458
4;0.6883072739632903;0.10367097212780423
5;0.623725356900068;0.18864717878993884
mean;0.6464989802855201;0.14140040788579197
standard_deviation;0.033573237865032586;0.05309918310041743
