index;step_length;step_width
1;0.5591434398368457;0.22603670972127804
2;0.5234534330387491;0.08837525492861999
3;0.5778382053025153;0.1512576478585996
4;0.5098572399728076;0.2685248130523454
5;0.5761386811692726;0.12406526172671653
6;0.5421481985044188;0.21923861318830729
mean;0.5480965329707682;0.1795830500793111
standard_deviation;0.025488140661068883;0.06304040835204261
