index;step_length;step_width
1;0.5642420122365738;0.33990482664853844
2;0.5183548606390211;0.11896668932698845
3;0.5931339225016995;0.20904146838885113
4;0.5421481985044188;0.3229095853161115
5;0.6084296397008838;0.15465669612508498
6;0.5591434398368457;0.26002719238613187
mean;0.5642420122365738;0.23425107636528442
standard_deviation;0.030019581462705117;0.08159731808334021
