index;step_length;step_width
1;0.5897348742352142;0.06968048946295037
2;0.6560163154316792;0.13936097892590074
3;0.6203263086335826;0.2532290958531611
4;0.6713120326308634;0.08837525492861999
5;0.6203263086335826;0.16825288919102652
mean;0.6315431679129844;0.14377974167233176
standard_deviation;0.02891389574185823;0.06505071540514418
