index;step_length;step_width
1;0.601631543167913;0.11726716519374576
2;0.6475186947654656;0.18524813052345343
3;0.6866077498300476;0.3178110129163834
4;0.6254248810333107;0.14785859959211423
5;0.5914343983684569;0.2549286199864038
mean;0.6305234534330387;0.20462270564242013
standard_deviation;0.03412617375393915;0.07289829389682614
