index;step_length;step_width
1;0.5727396329027873;0.09177430319510538
2;0.6390210740992522;0.17845003399048268
3;0.5965329707681849;0.3467029231815092
4;0.6815091774303196;0.1495581237253569
5;0.6050305914343984;0.24813052345343306
mean;0.6189666893269885;0.20292318150917743
standard_deviation;0.03781049712776349;0.0877691920587697
