index;step_length;step_width
1;0.5557443915703604;0.3178110129163834
2;0.6339225016995241;0.10876954452753229
3;0.5761386811692726;0.17845003399048268
4;0.5098572399728076;0.27702243371855884
5;0.552345343303875;0.110469068660775
6;0.6169272603670972;0.20734194425560845
mean;0.5741559030138229;0.19997733967822343
standard_deviation;0.04154188463641017;0.07817605753683979
