index;step_length;step_width
1;0.5200543847722637;0.14276002719238615
2;0.5540448674371177;0.2362338545207342
3;0.5200543847722637;0.10367097212780423
4;0.5744391570360299;0.1920462270564242
5;0.5421481985044188;0.09177430319510538
6;0.6033310673011557;0.18184908225696805
mean;0.5523453433038749;0.15805574439157036
standard_deviation;0.029664689466544426;0.050692183170968186
