index;step_length;step_width
1;0.5659415363698165;0.2124405166553365
2;0.6339225016995241;0.10367097212780423
3;0.5744391570360299;0.18354860639021076
4;0.6067301155676411;0.2821210061182869
5;0.5438477226376615;0.13936097892590074
6;0.5115567641060503;0.23453433038749152
mean;0.5727396329027873;0.19261273510083843
standard_deviation;0.0398452940711663;0.05914788925373566
