index;step_length;step_width
1;0.6101291638341265;0.3042148198504419
2;0.6696125084976207;0.1512576478585996
3;0.5846363018354861;0.06968048946295037
4;0.6594153636981646;0.12236573759347383
5;0.6254248810333107;0.20394289598912305
mean;0.6298436437797417;0.17029231815091775
standard_deviation;0.03133030216669724;0.07981179576893065
