index;step_length;step_width
1;0.5659415363698165;0.16485384092454114
2;0.6203263086335826;0.3042148198504419
3;0.5608429639700884;0.14445955132562882
4;0.5982324949014276;0.2668252889191027
5;0.5166553365057784;0.13086335825968728
6;0.5897348742352142;0.2379333786539769
mean;0.5752889191026513;0.20819170632222975
standard_deviation;0.032907486325752404;0.0651441145777395
