index;step_length;step_width
1;0.48436437797416726;0.110469068660775
2;0.5285520054384772;0.17675050985723997
3;0.5676410605030592;0.30931339225016996
4;0.5370496261046908;0.14445955132562882
5;0.46227056424201224;0.27532290958531613
6;0.4962610469068661;0.10367097212780423
7;0.5217539089055064;0.15975526852481306
mean;0.5139846557249684;0.1828202389045353
standard_deviation;0.032840319353036655;0.07377275630919053
