index;step_length;step_width
1;0.46397008837525494;0.07647858599592114
2;0.49796057104010877;0.14615907545887152
3;0.43337865397688646;0.22433718558803536
4;0.46057104010876954;0.33820530251529574
5;0.5115567641060503;0.14445955132562882
6;0.5642420122365738;0.26002719238613187
7;0.49966009517335147;0.07138001359619307
mean;0.49019131785957065;0.18014955812372535
standard_deviation;0.03942913929168087;0.09127839283293528
