index;step_length;step_width
1;0.4571719918422842;0.3229095853161115
2;0.5217539089055064;0.09517335146159075
3;0.4758667573079538;0.18694765465669613
4;0.45037389530931343;0.2974167233174711
5;0.5013596193065941;0.110469068660775
6;0.557443915703603;0.1733514615907546
7;0.48436437797416726;0.30591434398368456
mean;0.49261920947848886;0.21316888414101193
standard_deviation;0.034882305617051836;0.08822505156693938
