index;step_length;step_width
1;0.46566961250849764;0.07647858599592114
2;0.5030591434398368;0.11556764106050306
3;0.4520734194425561;0.21923861318830729
4;0.5030591434398368;0.3484024473147519
5;0.46397008837525494;0.15635622025832768
6;0.5285520054384772;0.2974167233174711
7;0.5608429639700884;0.08497620666213461
mean;0.49674662523064966;0.18549091968534528
standard_deviation;0.036322751676756436;0.09851138455232812
