index;step_length;step_width
1;0.5217539089055064;0.11386811692726037
2;0.44867437117607073;0.22603670972127804
3;0.5098572399728076;0.09517335146159075
4;0.5506458191706323;0.18354860639021076
5;0.4775662814411965;0.2838205302515296
6;0.5217539089055064;0.08497620666213461
7;0.491162474507138;0.1291638341264446
mean;0.5030591434398368;0.15951247936292123
standard_deviation;0.03107321890992746;0.06882205580859115
