index;step_length;step_width
1;0.46906866077498305;0.10876954452753229
2;0.4452753229095853;0.18864717878993884
3;0.47926580557443915;0.08497620666213461
4;0.5336505778382054;0.14445955132562882
5;0.4724677090414684;0.26342624065261727
6;0.540448674371176;0.07307953772943576
7;0.513256288239293;0.13086335825968728
mean;0.4933475769641644;0.14203165970671072
standard_deviation;0.033324968314603264;0.06112792753239439
