index;step_length;step_width
1;0.5013596193065941;0.1750509857239973
2;0.5370496261046908;0.34160435078178114
3;0.4707681849082257;0.09177430319510538
4;0.49966009517335147;0.16655336505778381
5;0.4571719918422842;0.29231815091774305
6;0.5098572399728076;0.07987763426240653
7;0.46227056424201224;0.14615907545887152
mean;0.491162474507138;0.18476255219966983
standard_deviation;0.0268257304398041;0.09081483083566495
