index;step_length;step_width
1;0.491162474507138;0.17675050985723997
2;0.5625424881033311;0.26512576478586
3;0.5098572399728076;0.09517335146159075
4;0.4537729435757988;0.18354860639021076
5;0.4877634262406526;0.30931339225016996
6;0.4537729435757988;0.11726716519374576
7;0.4962610469068661;0.1920462270564242
mean;0.49359036612605617;0.1913178595707488
standard_deviation;0.034302938251869336;0.07007233392682226
