index;step_length;step_width
1;0.49796057104010877;0.07138001359619307
2;0.5336505778382054;0.1274643099932019
3;0.47926580557443915;0.22773623385452074
4;0.5251529571719918;0.1070700203942896
5;0.4877634262406526;0.20394289598912305
6;0.4282800815771584;0.30761386811692726
7;0.46397008837525494;0.09687287559483344
mean;0.48800621540254446;0.1631543167912984
standard_deviation;0.033346187653470714;0.0792266831271992
