index;step_length;step_width
1;0.4775662814411965;0.14785859959211423
2;0.4537729435757988;0.2515295717199184
3;0.48606390210740996;0.10027192386131883
4;0.53025152957172;0.1733514615907546
5;0.5659415363698165;0.331407205982325
6;0.5200543847722637;0.10197144799456152
7;0.4554724677090415;0.16315431679129844
mean;0.4984461493638924;0.18136350393318443
standard_deviation;0.03866679431216559;0.07730614319679759
