index;step_length;step_width
1;0.5183548606390211;0.3212100611828688
2;0.46397008837525494;0.10537049626104691
3;0.5115567641060503;0.1937457511896669
4;0.5625424881033311;0.08327668252889191
5;0.5013596193065941;0.15295717199184228
6;0.4571719918422842;0.2549286199864038
7;0.5081577158395649;0.09177430319510538
mean;0.5033019326017286;0.1718947266194037
standard_deviation;0.03274684917954233;0.08342978916979274
