index;step_length;step_width
1;0.4945615227736234;0.13936097892590074
2;0.4401767505098573;0.22943575798776344
3;0.46906866077498305;0.07477906186267845
4;0.5183548606390211;0.11386811692726037
5;0.5625424881033311;0.1954452753229096
6;0.4894629503738953;0.07307953772943576
7;0.4537729435757988;0.13766145479265807
mean;0.4897057395357871;0.13766145479265807
standard_deviation;0.03839601403888882;0.05405753985105284
