index;step_length;step_width
1;0.491162474507138;0.10876954452753229
2;0.4588715159755269;0.18864717878993884
3;0.48436437797416726;0.3195105370496261
4;0.5217539089055064;0.0866757307953773
5;0.5608429639700884;0.14785859959211423
6;0.5268524813052345;0.06968048946295037
7;0.4554724677090415;0.12236573759347383
mean;0.4999028843352433;0.14907254540157328
standard_deviation;0.03564290434787329;0.07851367556145572
