index;step_length;step_width
1;0.4945615227736234;0.09177430319510538
2;0.557443915703603;0.18184908225696805
3;0.5030591434398368;0.08327668252889191
4;0.5336505778382054;0.16485384092454114
5;0.4571719918422842;0.270224337185588
6;0.5200543847722637;0.09347382732834807
7;0.5557443915703604;0.16655336505778381
mean;0.5173837039914538;0.15028649121103235
standard_deviation;0.03316539053419284;0.06210563845629261
