index;step_length;step_width
1;0.4299796057104011;0.1274643099932019
2;0.4571719918422842;0.22433718558803536
3;0.5013596193065941;0.3450033990482665
4;0.5268524813052345;0.10537049626104691
5;0.557443915703603;0.18184908225696805
6;0.5251529571719918;0.3467029231815092
7;0.4588715159755269;0.1716519374575119
mean;0.4938331552879479;0.2146256191123628
standard_deviation;0.04279154673568666;0.09023137610326945
