index;step_length;step_width
1;0.6220258327668253;0.07817811012916384
2;0.5761386811692726;0.12236573759347383
3;0.6067301155676411;0.18864717878993884
4;0.6968048946295038;0.08497620666213461
5;0.6577158395649219;0.16825288919102652
mean;0.631883072739633;0.12848402447314752
standard_deviation;0.04175990523283571;0.04395956415001748
