index;step_length;step_width
1;0.6373215499660095;0.13256288239293
2;0.6033310673011557;0.21923861318830729
3;0.6849082256968049;0.3467029231815092
4;0.6220258327668253;0.11556764106050306
5;0.5880353501019715;0.2124405166553365
mean;0.6271244051665534;0.20530251529571722
standard_deviation;0.033355731951997515;0.0819544301267382
