index;step_length;step_width
1;0.6152277362338545;0.07138001359619307
2;0.690006798096533;0.11556764106050306
3;0.6424201223657376;0.20904146838885113
4;0.557443915703603;0.31441196464989807
5;0.5914343983684569;0.0866757307953773
mean;0.619306594153637;0.1594153636981645
standard_deviation;0.04506271493997703;0.09105009216500567
