index;step_length;step_width
1;0.5557443915703604;0.2158395649218219
2;0.6033310673011557;0.3433038749150238
3;0.6356220258327668;0.07307953772943576
4;0.7138001359619307;0.13086335825968728
5;0.6305234534330387;0.23453433038749152
mean;0.6278042148198504;0.19952413324269205
standard_deviation;0.051488569521717265;0.09259272010923357
