index;step_length;step_width
1;0.46736913664174035;0.07647858599592114
2;0.4112848402447315;0.14106050305914344
3;0.43847722637661457;0.2668252889191027
4;0.4112848402447315;0.09007477906186268
5;0.4452753229095853;0.1512576478585996
6;0.40278721957851804;0.2804214819850442
7;0.424881033310673;0.10537049626104691
8;0.4758667573079538;0.20224337185588037
mean;0.43465329707681855;0.1642165193745751
standard_deviation;0.025247373413911593;0.07317797219910019
