index;step_length;step_width
1;0.44867437117607073;0.13086335825968728
2;0.48436437797416726;0.21753908905506458
3;0.4129843643779742;0.08327668252889191
4;0.4707681849082257;0.13766145479265807
5;0.4112848402447315;0.22943575798776344
6;0.4571719918422842;0.08327668252889191
7;0.42318150917743036;0.13086335825968728
8;0.48096532970768185;0.21074099252209383
mean;0.44867437117607073;0.15295717199184228
standard_deviation;0.02783538299483208;0.05509054075027442
