index;step_length;step_width
1;0.46057104010876954;0.10027192386131883
2;0.4316791298436438;0.1954452753229096
3;0.46736913664174035;0.33820530251529574
4;0.4945615227736234;0.13086335825968728
5;0.4282800815771584;0.23453433038749152
6;0.39938817131203264;0.10367097212780423
7;0.42148198504418766;0.16655336505778381
8;0.39768864717878993;0.2787219578518015
mean;0.4376274643099932;0.19353331067301155
standard_deviation;0.03180653853197299;0.08007824034807969
