index;step_length;step_width
1;0.46906866077498305;0.09857239972807615
2;0.4078857919782461;0.18694765465669613
3;0.46397008837525494;0.08327668252889191
4;0.43337865397688646;0.1291638341264446
5;0.4707681849082257;0.22603670972127804
6;0.43337865397688646;0.3450033990482665
7;0.46397008837525494;0.16825288919102652
8;0.40108769544527534;0.2974167233174711
mean;0.4429384772263766;0.19183378653976885
standard_deviation;0.026231887982218153;0.0871552592575997
