index;step_length;step_width
1;0.46057104010876954;0.3212100611828688
2;0.4146838885112169;0.11216859279401768
3;0.4418762746431;0.1733514615907546
4;0.4724677090414684;0.31271244051665537
5;0.4112848402447315;0.14615907545887152
6;0.4588715159755269;0.23453433038749152
7;0.41978246091094495;0.10876954452753229
8;0.4724677090414684;0.16825288919102652
mean;0.4440006798096533;0.1971447994561523
standard_deviation;0.0240761753339687;0.07840407888809887
