index;step_length;step_width
1;0.4299796057104011;0.22433718558803536
2;0.46566961250849764;0.08837525492861999
3;0.4299796057104011;0.1750509857239973
4;0.40278721957851804;0.27532290958531613
5;0.4418762746431;0.11386811692726037
6;0.5081577158395649;0.22263766145479266
7;0.46736913664174035;0.09007477906186268
8;0.4928619986403807;0.1750509857239973
mean;0.4548351461590755;0.17058973487423523
standard_deviation;0.03293239157682739;0.06429020073817347
