index;step_length;step_width
1;0.4401767505098573;0.29061862678450034
2;0.4775662814411965;0.09347382732834807
3;0.45037389530931343;0.18694765465669613
4;0.41638341264445955;0.3467029231815092
5;0.3840924541128484;0.13766145479265807
6;0.4316791298436438;0.24303195105370498
7;0.46057104010876954;0.09347382732834807
8;0.43337865397688646;0.16825288919102652
mean;0.43677770224337187;0.19502039428959891
standard_deviation;0.02658818464847386;0.08598462662587966
