index;step_length;step_width
1;0.4129843643779742;0.10537049626104691
2;0.46566961250849764;0.1903467029231815
3;0.5115567641060503;0.33650577838205303
4;0.4401767505098573;0.14106050305914344
5;0.39768864717878993;0.27532290958531613
6;0.4299796057104011;0.12066621346023114
7;0.4894629503738953;0.19884432358939497
8;0.4554724677090415;0.33480625424881033
mean;0.4503738953093134;0.21286539768864718
standard_deviation;0.03575065256281888;0.08658299880740526
