index;step_length;step_width
1;0.5115567641060503;0.09517335146159075
2;0.4401767505098573;0.17675050985723997
3;0.491162474507138;0.3450033990482665
4;0.4282800815771584;0.06968048946295037
5;0.3925900747790619;0.12406526172671653
6;0.45037389530931343;0.22433718558803536
7;0.41978246091094495;0.11216859279401768
8;0.39768864717878993;0.18864717878993884
mean;0.4414513936097893;0.1669782460910945
standard_deviation;0.03939039039861262;0.08292802712916723
