index;step_length;step_width
1;0.42148198504418766;0.14276002719238615
2;0.4452753229095853;0.27702243371855884
3;0.3942895989123046;0.11896668932698845
4;0.41978246091094495;0.20394289598912305
5;0.4537729435757988;0.09857239972807615
6;0.4877634262406526;0.18524813052345343
7;0.42318150917743036;0.29401767505098575
8;0.4452753229095853;0.09517335146159075
mean;0.4363528212100612;0.1769629503738953
standard_deviation;0.026325486190788002;0.0723518258428159
