index;step_length;step_width
1;0.39938817131203264;0.10537049626104691
2;0.41978246091094495;0.17845003399048268
3;0.4741672331747111;0.29231815091774305
4;0.5047586675730795;0.08497620666213461
5;0.4435757987763426;0.13936097892590074
6;0.48266485384092456;0.27192386131883073
7;0.43337865397688646;0.110469068660775
8;0.3942895989123046;0.16995241332426922
mean;0.4440006798096533;0.16910265125764787
standard_deviation;0.03751244782444084;0.07185390263973387
