index;step_length;step_width
1;0.7358939496940857;0.1903467029231815
2;0.690006798096533;0.28891910265125764
3;0.6577158395649219;0.07987763426240653
4;0.6118286879673691;0.13936097892590074
5;0.5642420122365738;0.2685248130523454
mean;0.6519374575118967;0.19340584636301833
standard_deviation;0.05971693476334985;0.078210616006905
