index;step_length;step_width
1;0.6560163154316792;0.1342624065261727
2;0.601631543167913;0.22093813732155
3;0.6560163154316792;0.33310673011556763
4;0.7104010876954453;0.08327668252889191
5;0.6594153636981646;0.16315431679129844
mean;0.6566961250849762;0.1869476546566961
standard_deviation;0.03442281142398957;0.08556559707038522
