index;step_length;step_width
1;0.6968048946295038;0.331407205982325
2;0.6526172671651937;0.14445955132562882
3;0.7460910944935418;0.2532290958531611
4;0.6577158395649219;0.07647858599592114
5;0.5676410605030592;0.13086335825968728
mean;0.6641740312712441;0.1872875594833447
standard_deviation;0.05876914151580077;0.09210354618322203
