index;step_length;step_width
1;0.690006798096533;0.07307953772943576
2;0.6050305914343984;0.14445955132562882
3;0.6883072739632903;0.23113528212100612
4;0.6322229775662814;0.08157715839564922
5;0.5812372535690007;0.14106050305914344
mean;0.6393609789259007;0.13426240652617266
standard_deviation;0.04374616055253886;0.05666326624775223
