index;step_length;step_width
1;0.7256968048946295;0.07647858599592114
2;0.6492182188987083;0.14106050305914344
3;0.5727396329027873;0.22433718558803536
4;0.6220258327668253;0.1070700203942896
5;0.5863358259687288;0.20394289598912305
mean;0.6312032630863358;0.15057783820530252
standard_deviation;0.054348645376693795;0.056147092134049614
