index;step_length;step_width
1;0.6475186947654656;0.11386811692726037
2;0.7154996600951734;0.2141400407885792
3;0.6186267845003399;0.07307953772943576
4;0.7002039428959892;0.1257647858599592
5;0.6101291638341265;0.2124405166553365
mean;0.6583956492182189;0.1478585995921142
standard_deviation;0.042516645749473364;0.056212900776822665
