index;step_length;step_width
1;0.7290958531611149;0.3467029231815092
2;0.6917063222297757;0.13936097892590074
3;0.6526172671651937;0.23283480625424882
4;0.6934058463630184;0.08157715839564922
5;0.5965329707681849;0.14276002719238615
mean;0.6726716519374575;0.1886471787899388
standard_deviation;0.04511140231500713;0.09266381624140715
