index;step_length;step_width
1;0.645819170632223;0.1342624065261727
2;0.6101291638341265;0.2362338545207342
3;0.6815091774303196;0.10367097212780423
4;0.739292997960571;0.16315431679129844
5;0.6475186947654656;0.2583276682528892
mean;0.6648538409245411;0.17912984364377976
standard_deviation;0.04353436477657473;0.05915320641052669
