index;step_length;step_width
1;0.5540448674371177;0.11896668932698845
2;0.6169272603670972;0.21753908905506458
3;0.6849082256968049;0.09517335146159075
4;0.739292997960571;0.18014955812372535
5;0.6322229775662814;0.3484024473147519
mean;0.6454792658055745;0.1920462270564242
standard_deviation;0.06278033866808524;0.08940207740182188
