index;step_length;step_width
1;0.6220258327668253;0.33820530251529574
2;0.5846363018354861;0.14276002719238615
3;0.6288239292997961;0.2804214819850442
4;0.6968048946295038;0.10197144799456152
5;0.6271244051665534;0.1920462270564242
mean;0.631883072739633;0.21108089734874236
standard_deviation;0.03626642737824376;0.0870674025994639
