index;step_length;step_width
1;0.6611148878314073;0.13936097892590074
2;0.7324949014276003;0.2787219578518015
3;0.6526172671651937;0.13256288239293
4;0.5880353501019715;0.22433718558803536
5;0.6339225016995241;0.09347382732834807
mean;0.6536369816451394;0.17369136641740315
standard_deviation;0.046835382333487795;0.06767777392541219
