index;step_length;step_width
1;0.650917743031951;0.07477906186267845
2;0.7036029911624745;0.14106050305914344
3;0.6118286879673691;0.22603670972127804
4;0.6645139360978927;0.06968048946295037
5;0.5829367777022434;0.13086335825968728
mean;0.6427600271923861;0.12848402447314752
standard_deviation;0.0418980096683997;0.05660818700629788
