index;step_length;step_width
1;0.6424201223657376;0.15805574439157036
2;0.5778382053025153;0.24473147518694766
3;0.6475186947654656;0.10027192386131883
4;0.7358939496940857;0.18354860639021076
5;0.6424201223657376;0.2838205302515296
mean;0.6492182188987083;0.19408565601631542
standard_deviation;0.050404573731216276;0.06454075757354179
