index;step_length;step_width
1;0.6560163154316792;0.16655336505778381
2;0.7002039428959892;0.30591434398368456
3;0.6220258327668253;0.11556764106050306
4;0.6747110808973488;0.22773623385452074
5;0.7205982324949014;0.11386811692726037
mean;0.6747110808973488;0.18592794017675054
standard_deviation;0.034295032646171134;0.07302497449268075
