index;step_length;step_width
1;0.6577158395649219;0.3161114887831407
2;0.579537729435758;0.14785859959211423
3;0.623725356900068;0.24983004758667574
4;0.5591434398368457;0.11386811692726037
5;0.5897348742352142;0.19884432358939497
mean;0.6019714479945616;0.20530251529571722
standard_deviation;0.034836513868984266;0.07205982324949013
