index;step_length;step_width
1;0.7426920462270564;0.10197144799456152
2;0.8480625424881033;0.15805574439157036
3;0.7647858599592114;0.3008157715839565
4;0.7087015635622026;0.08497620666213461
mean;0.7660605030591434;0.16145479265805573
standard_deviation;0.05138601925735182;0.08488268136757168
