index;step_length;step_width
1;0.7681849082256968;0.15295717199184228
2;0.8157715839564922;0.27532290958531613
3;0.7647858599592114;0.1342624065261727
4;0.7273963290278722;0.21753908905506458
mean;0.7690346702923181;0.19502039428959891
standard_deviation;0.0313722211794268;0.05571452531407373
