index;step_length;step_width
1;0.7375934738273284;0.15295717199184228
2;0.7970768184908226;0.2991162474507138
3;0.7494901427600272;0.14276002719238615
4;0.8429639700883753;0.2804214819850442
mean;0.7817811012916385;0.2188137321549966
standard_deviation;0.04175091263269288;0.07135345359021451
