index;step_length;step_width
1;0.7885791978246092;0.14615907545887152
2;0.8327668252889191;0.26512576478586
3;0.739292997960571;0.07138001359619307
4;0.8242692046227057;0.13086335825968728
mean;0.7962270564242012;0.15338205302515295
standard_deviation;0.03681539602725098;0.07030336870917332
