index;step_length;step_width
1;0.7885791978246092;0.09347382732834807
2;0.690006798096533;0.16145479265805576
3;0.6407205982324949;0.2974167233174711
4;0.7239972807613868;0.14276002719238615
mean;0.710825968728756;0.17377634262406527
standard_deviation;0.05377557283219957;0.07557987516090428
