index;step_length;step_width
1;0.4758667573079538;0.11386811692726037
2;0.4095853161114888;0.1733514615907546
3;0.4435757987763426;0.28891910265125764
4;0.48606390210740996;0.08327668252889191
5;0.4401767505098573;0.15635622025832768
6;0.46566961250849764;0.28891910265125764
7;0.43847722637661457;0.09347382732834807
8;0.3908905506458192;0.14445955132562882
mean;0.44378823929299793;0.16782800815771584
standard_deviation;0.03021662981084595;0.07551774815849308
