index;step_length;step_width
1;0.4537729435757988;0.10027192386131883
2;0.3959891230455473;0.18694765465669613
3;0.446974847042828;0.09177430319510538
4;0.3942895989123046;0.15295717199184228
5;0.4452753229095853;0.2991162474507138
6;0.4741672331747111;0.11726716519374576
7;0.41808293677770225;0.20904146838885113
8;0.44867437117607073;0.3178110129163834
mean;0.43465329707681855;0.18439836845683208
standard_deviation;0.02689533857596611;0.08118230266622485
