index;step_length;step_width
1;0.4741672331747111;0.07647858599592114
2;0.42318150917743036;0.12066621346023114
3;0.3942895989123046;0.18694765465669613
4;0.43337865397688646;0.29571719918422845
5;0.4928619986403807;0.07647858599592114
6;0.45037389530931343;0.1291638341264446
7;0.4146838885112169;0.20564242012236575
8;0.43507817811012917;0.09857239972807615
mean;0.4397518694765466;0.14870836165873558
standard_deviation;0.02989604976589442;0.07109111683966007
