index;step_length;step_width
1;0.47926580557443915;0.07138001359619307
2;0.5149558123725357;0.11216859279401768
3;0.46736913664174035;0.20394289598912305
4;0.41808293677770225;0.09347382732834807
5;0.3874915023793338;0.16995241332426922
6;0.4282800815771584;0.26172671651937457
7;0.48096532970768185;0.07138001359619307
8;0.4537729435757988;0.12066621346023114
mean;0.4537729435757988;0.13808633582596874
standard_deviation;0.038135291761245554;0.06374206811641772
