index;step_length;step_width
1;0.4401767505098573;0.09007477906186268
2;0.46566961250849764;0.13596193065941536
3;0.40278721957851804;0.26002719238613187
4;0.46397008837525494;0.13086335825968728
5;0.43507817811012917;0.2362338545207342
6;0.5013596193065941;0.10876954452753229
7;0.45037389530931343;0.2158395649218219
8;0.48606390210740996;0.07987763426240653
mean;0.4556849082256968;0.15720598232494903
standard_deviation;0.028872377879907284;0.06541512322881622
