index;step_length;step_width
1;0.4282800815771584;0.11216859279401768
2;0.4061862678450034;0.22263766145479266
3;0.44867437117607073;0.3433038749150238
4;0.39938817131203264;0.1716519374575119
5;0.44867437117607073;0.2566281441196465
6;0.3908905506458192;0.09857239972807615
7;0.41978246091094495;0.1937457511896669
8;0.4537729435757988;0.33310673011556763
mean;0.42445615227736233;0.21647688647178792
standard_deviation;0.022797550009001216;0.08561932664026689
