index;step_length;step_width
1;0.4435757987763426;0.07647858599592114
2;0.4078857919782461;0.11726716519374576
3;0.46227056424201224;0.18864717878993884
4;0.4894629503738953;0.3467029231815092
5;0.4265805574439157;0.15975526852481306
6;0.46736913664174035;0.2991162474507138
7;0.424881033310673;0.10367097212780423
8;0.40108769544527534;0.18184908225696805
mean;0.4403891910265126;0.18418592794017677
standard_deviation;0.028847357128520854;0.08860348697787292
