index;step_length;step_width
1;0.4707681849082257;0.331407205982325
2;0.5030591434398368;0.10876954452753229
3;0.46397008837525494;0.16825288919102652
4;0.42318150917743036;0.2804214819850442
5;0.4775662814411965;0.09007477906186268
6;0.43677770224337187;0.1733514615907546
7;0.3925900747790619;0.30761386811692726
8;0.4316791298436438;0.07987763426240653
mean;0.44994901427600276;0.1924711080897349
standard_deviation;0.03302886437919048;0.09448326310195261
