index;step_length;step_width
1;0.43677770224337187;0.3212100611828688
2;0.46227056424201224;0.14785859959211423
3;0.43677770224337187;0.2787219578518015
4;0.4945615227736234;0.13766145479265807
5;0.4265805574439157;0.24303195105370498
6;0.39938817131203264;0.07138001359619307
7;0.4282800815771584;0.12236573759347383
8;0.4707681849082257;0.22773623385452074
mean;0.4444255608429639;0.19374575118966691
standard_deviation;0.02795187662032381;0.08091055825062977
