index;step_length;step_width
1;0.41808293677770225;0.08497620666213461
2;0.4571719918422842;0.15465669612508498
3;0.4078857919782461;0.30761386811692726
4;0.43847722637661457;0.11726716519374576
5;0.4707681849082257;0.20734194425560845
6;0.41978246091094495;0.3433038749150238
7;0.44867437117607073;0.13936097892590074
8;0.48436437797416726;0.26172671651937457
mean;0.44315091774303195;0.20203093133922503
standard_deviation;0.025318774499387464;0.08786078510181289
