index;step_length;step_width
1;0.43677770224337187;0.20394289598912305
2;0.46736913664174035;0.33310673011556763
3;0.491162474507138;0.1495581237253569
4;0.43337865397688646;0.2515295717199184
5;0.4945615227736234;0.11216859279401768
6;0.424881033310673;0.1971447994561523
7;0.3925900747790619;0.32460910944935417
8;0.4146838885112169;0.1274643099932019
mean;0.44442556084296403;0.2124405166553365
standard_deviation;0.03420226342198863;0.07921952156967269
