index;step_length;step_width
1;0.46906866077498305;0.09347382732834807
2;0.42148198504418766;0.17675050985723997
3;0.4571719918422842;0.29571719918422845
4;0.4945615227736234;0.11386811692726037
5;0.4435757987763426;0.1750509857239973
6;0.3874915023793338;0.26342624065261727
7;0.43677770224337187;0.07138001359619307
8;0.48096532970768185;0.12236573759347383
mean;0.44888681169272604;0.1640040788579198
standard_deviation;0.03218386185657904;0.07526512967914835
