index;step_length;step_width
1;0.7800815771583957;0.1733514615907546
2;0.7053025152957172;0.27702243371855884
3;0.8106730115567642;0.08837525492861999
4;0.7273963290278722;0.16315431679129844
mean;0.7558633582596873;0.17547586675730797
standard_deviation;0.041705487695517324;0.06718362064786353
