index;step_length;step_width
1;0.8021753908905507;0.2974167233174711
2;0.8735554044867437;0.07138001359619307
3;0.7698844323589396;0.11386811692726037
4;0.7138001359619307;0.18864717878993884
mean;0.7898538409245411;0.16782800815771584
standard_deviation;0.05775100789882811;0.0857912560799641
