index;step_length;step_width
1;0.5557443915703604;0.20904146838885113
2;0.5914343983684569;0.33480625424881033
3;0.5336505778382054;0.14445955132562882
4;0.4741672331747111;0.22773623385452074
5;0.5438477226376615;0.3433038749150238
6;0.5778382053025153;0.13596193065941536
mean;0.5461137548153184;0.2325515522320417
standard_deviation;0.03761630478367104;0.08204446763477605
