index;step_length;step_width
1;0.5268524813052345;0.22943575798776344
2;0.6033310673011557;0.07307953772943576
3;0.5370496261046908;0.11726716519374576
4;0.5897348742352142;0.18694765465669613
5;0.6220258327668253;0.3161114887831407
6;0.5591434398368457;0.15635622025832768
mean;0.5730228869249944;0.17986630410151827
standard_deviation;0.03468329549739989;0.07846954434652709
