index;step_length;step_width
1;0.5693405846363019;0.13256288239293
2;0.6339225016995241;0.2583276682528892
3;0.552345343303875;0.07477906186267845
4;0.6033310673011557;0.14615907545887152
5;0.513256288239293;0.2821210061182869
6;0.579537729435758;0.13936097892590074
mean;0.5752889191026513;0.17221844550192614
standard_deviation;0.03797400233090469;0.07339286082348356
