index;step_length;step_width
1;0.49966009517335147;0.07307953772943576
2;0.552345343303875;0.1257647858599592
3;0.6118286879673691;0.2141400407885792
4;0.5234534330387491;0.34160435078178114
5;0.5863358259687288;0.08497620666213461
6;0.552345343303875;0.15975526852481306
mean;0.5543281214593248;0.16655336505778381
standard_deviation;0.03714949662782863;0.09129571985843446
