index;step_length;step_width
1;0.6084296397008838;0.07138001359619307
2;0.5353501019714481;0.1274643099932019
3;0.5999320190346703;0.22433718558803536
4;0.5455472467709042;0.3467029231815092
5;0.6135282121006118;0.16995241332426922
6;0.5608429639700884;0.27362338545207343
mean;0.577271697258101;0.20224337185588037
standard_deviation;0.03117853592979155;0.0914800866731677
