index;step_length;step_width
1;0.5557443915703604;0.1291638341264446
2;0.6322229775662814;0.22943575798776344
3;0.5557443915703604;0.3467029231815092
4;0.4962610469068661;0.1257647858599592
5;0.5642420122365738;0.24303195105370498
6;0.5166553365057784;0.08327668252889191
mean;0.5534783593927034;0.1928959891230456
standard_deviation;0.04273288503432155;0.08952664478811859
