index;step_length;step_width
1;0.5370496261046908;0.29401767505098575
2;0.5761386811692726;0.10537049626104691
3;0.6169272603670972;0.16825288919102652
4;0.5829367777022434;0.29571719918422845
5;0.5472467709041469;0.13596193065941536
6;0.6186267845003399;0.22603670972127804
mean;0.5798209834579652;0.20422615001133018
standard_deviation;0.031081886037418384;0.07375110166265744
