index;step_length;step_width
1;0.6135282121006118;0.2141400407885792
2;0.579537729435758;0.3501019714479946
3;0.5421481985044188;0.13596193065941536
4;0.5030591434398368;0.24983004758667574
5;0.5421481985044188;0.0866757307953773
6;0.5710401087695446;0.15635622025832768
mean;0.5585769317924314;0.198844323589395
standard_deviation;0.03472837553590326;0.08568703375904509
