index;step_length;step_width
1;0.601631543167913;0.22433718558803536
2;0.5455472467709042;0.3433038749150238
3;0.6271244051665534;0.09687287559483344
4;0.557443915703603;0.16485384092454114
5;0.5183548606390211;0.31271244051665537
6;0.5608429639700884;0.09687287559483344
mean;0.5684908225696804;0.2064921821889871
standard_deviation;0.0359554136200385;0.09668261039064255
