index;step_length;step_width
1;0.5880353501019715;0.11386811692726037
2;0.5268524813052345;0.22093813732155
3;0.5846363018354861;0.3433038749150238
4;0.5285520054384772;0.11556764106050306
5;0.5931339225016995;0.18014955812372535
6;0.557443915703603;0.27362338545207343
mean;0.5631089961477452;0.20790845230002267
standard_deviation;0.027468338822571173;0.08262476616136204
