index;step_length;step_width
1;0.6271244051665534;0.07987763426240653
2;0.5710401087695446;0.15465669612508498
3;0.49966009517335147;0.27702243371855884
4;0.5336505778382054;0.13256288239293
5;0.5744391570360299;0.2583276682528892
6;0.6203263086335826;0.08837525492861999
mean;0.5710401087695446;0.16513709494674825
standard_deviation;0.04486872461741702;0.0769580900959802
