index;step_length;step_width
1;0.5744391570360299;0.3161114887831407
2;0.6305234534330387;0.10027192386131883
3;0.5438477226376615;0.1903467029231815
4;0.48266485384092456;0.08837525492861999
5;0.5251529571719918;0.16825288919102652
6;0.552345343303875;0.3229095853161115
mean;0.5514955812372536;0.1977113075005665
standard_deviation;0.04520808734343195;0.09315225295326808
