index;step_length;step_width
1;0.5557443915703604;0.18014955812372535
2;0.6203263086335826;0.3263086335825969
3;0.579537729435758;0.07477906186267845
4;0.6169272603670972;0.11216859279401768
5;0.5268524813052345;0.20904146838885113
6;0.5948334466349422;0.09857239972807615
mean;0.5823702696578292;0.16683661907999092
standard_deviation;0.033139510088850355;0.08515965167773028
