index;step_length;step_width
1;0.5659415363698165;0.11216859279401768
2;0.5319510537049627;0.19884432358939497
3;0.5693405846363019;0.2991162474507138
4;0.6305234534330387;0.10027192386131883
5;0.5710401087695446;0.17675050985723997
6;0.6169272603670972;0.27532290958531613
mean;0.5809539995467936;0.1937457511896669
standard_deviation;0.03319393930792723;0.07468243556328971
