index;step_length;step_width
1;0.5030591434398368;0.3229095853161115
2;0.4707681849082257;0.15635622025832768
3;0.5013596193065941;0.23453433038749152
4;0.540448674371176;0.10876954452753229
5;0.48266485384092456;0.1954452753229096
6;0.5183548606390211;0.07477906186267845
7;0.48096532970768185;0.14106050305914344
mean;0.4996600951733514;0.17626493153345635
standard_deviation;0.02236297744910062;0.07723672377131054
