index;step_length;step_width
1;0.6067301155676411;0.29061862678450034
2;0.5370496261046908;0.09857239972807615
3;0.5727396329027873;0.18184908225696805
4;0.5081577158395649;0.27362338545207343
5;0.5472467709041469;0.1291638341264446
6;0.6203263086335826;0.22093813732155
mean;0.5653750283254023;0.19912757761160207
standard_deviation;0.03913418545019385;0.07035712897163525
