index;step_length;step_width
1;0.623725356900068;0.07307953772943576
2;0.5540448674371177;0.1257647858599592
3;0.5149558123725357;0.20564242012236575
4;0.5710401087695446;0.3433038749150238
5;0.5183548606390211;0.13596193065941536
6;0.4928619986403807;0.22943575798776344
mean;0.5458305007931114;0.18553138454566057
standard_deviation;0.04336747661719861;0.08746313643099389
