index;step_length;step_width
1;0.5914343983684569;0.24813052345343306
2;0.5149558123725357;0.11386811692726037
3;0.5455472467709042;0.17845003399048268
4;0.47926580557443915;0.3501019714479946
5;0.5353501019714481;0.09857239972807615
6;0.491162474507138;0.1495581237253569
mean;0.5262859732608204;0.1897801948787673
standard_deviation;0.037126812548857815;0.08654047792398964
