index;step_length;step_width
1;0.5863358259687288;0.3484024473147519
2;0.5370496261046908;0.1716519374575119
3;0.5829367777022434;0.2804214819850442
4;0.5319510537049627;0.13936097892590074
5;0.6084296397008838;0.21753908905506458
6;0.5625424881033311;0.3501019714479946
mean;0.5682075685474735;0.25124631769771133
standard_deviation;0.027327774972110436;0.08170344308577605
