index;step_length;step_width
1;0.5370496261046908;0.2549286199864038
2;0.48606390210740996;0.08157715839564922
3;0.53025152957172;0.1342624065261727
4;0.5642420122365738;0.2124405166553365
5;0.6067301155676411;0.3212100611828688
6;0.5591434398368457;0.14615907545887152
mean;0.5472467709041469;0.19176297303421708
standard_deviation;0.03675323268368138;0.08031288062491376
