index;step_length;step_width
1;0.48606390210740996;0.09517335146159075
2;0.5489462950373896;0.1733514615907546
3;0.4928619986403807;0.3280081577158396
4;0.5557443915703604;0.13596193065941536
5;0.5030591434398368;0.24133242692046228
6;0.579537729435758;0.08157715839564922
mean;0.527702243371856;0.17590074779061862
standard_deviation;0.0353069065781252;0.0860556300659572
