index;step_length;step_width
1;0.4962610469068661;0.15635622025832768
2;0.5676410605030592;0.31441196464989807
3;0.5115567641060503;0.15635622025832768
4;0.4724677090414684;0.2532290958531611
5;0.5183548606390211;0.09857239972807615
6;0.47926580557443915;0.1750509857239973
7;0.5268524813052345;0.32460910944935417
mean;0.5103428182965912;0.21122657084587745
standard_deviation;0.029808735358778874;0.08043469723765954
