index;step_length;step_width
1;0.6186267845003399;0.110469068660775
2;0.5642420122365738;0.21074099252209383
3;0.5166553365057784;0.10197144799456152
4;0.5540448674371177;0.1750509857239973
5;0.491162474507138;0.3008157715839565
6;0.5455472467709042;0.14615907545887152
mean;0.5483797869929753;0.17420122365737598
standard_deviation;0.03980500151958117;0.06761707217770202
