index;step_length;step_width
1;0.540448674371176;0.1291638341264446
2;0.5744391570360299;0.24643099932019036
3;0.6135282121006118;0.09177430319510538
4;0.5676410605030592;0.1733514615907546
5;0.5217539089055064;0.2838205302515296
6;0.5744391570360299;0.0866757307953773
mean;0.5653750283254022;0.16853614321323365
standard_deviation;0.028903016131484473;0.07474955041203915
