index;step_length;step_width
1;0.5642420122365738;0.33310673011556763
2;0.5098572399728076;0.11556764106050306
3;0.5659415363698165;0.20394289598912305
4;0.6152277362338545;0.08327668252889191
5;0.5353501019714481;0.15295717199184228
6;0.601631543167913;0.2787219578518015
mean;0.5653750283254023;0.1945955132562882
standard_deviation;0.03602118135504085;0.08824306163625267
