index;step_length;step_width
1;0.5353501019714481;0.1716519374575119
2;0.601631543167913;0.2804214819850442
3;0.5455472467709042;0.09007477906186268
4;0.5829367777022434;0.14276002719238615
5;0.6305234534330387;0.22773623385452074
6;0.5727396329027873;0.09517335146159075
mean;0.5781214593247225;0.16796963516881938
standard_deviation;0.032252422929389936;0.06859720036174331
