index;step_length;step_width
1;0.5506458191706323;0.1274643099932019
2;0.6305234534330387;0.2515295717199184
3;0.552345343303875;0.12066621346023114
4;0.5115567641060503;0.23453433038749152
5;0.5761386811692726;0.07987763426240653
6;0.49966009517335147;0.1257647858599592
mean;0.5534783593927033;0.1566394742805348
standard_deviation;0.04303597220781485;0.06332802351415211
