index;step_length;step_width
1;0.5166553365057784;0.33820530251529574
2;0.4894629503738953;0.16145479265805576
3;0.5217539089055064;0.270224337185588
4;0.5744391570360299;0.11556764106050306
5;0.5438477226376615;0.18184908225696805
6;0.601631543167913;0.07987763426240653
mean;0.5412984364377974;0.1911964649898029
standard_deviation;0.037463490084363886;0.08845012211681505
