index;step_length;step_width
1;0.5030591434398368;0.31441196464989807
2;0.5387491502379333;0.1495581237253569
3;0.5727396329027873;0.2515295717199184
4;0.6050305914343984;0.12406526172671653
5;0.5421481985044188;0.24643099932019036
6;0.6084296397008838;0.09687287559483344
mean;0.5616927260367098;0.19714479945615226
standard_deviation;0.03770684522830356;0.07831346227448477
