index;step_length;step_width
1;0.5455472467709042;0.1070700203942896
2;0.5846363018354861;0.18524813052345343
3;0.5030591434398368;0.28721957851801494
4;0.5421481985044188;0.11386811692726037
5;0.6050305914343984;0.18524813052345343
6;0.5744391570360299;0.0866757307953773
mean;0.5591434398368457;0.16088828461364152
standard_deviation;0.03318789602510042;0.06802108114660836
