index;step_length;step_width
1;0.6067301155676411;0.10367097212780423
2;0.5200543847722637;0.20394289598912305
3;0.491162474507138;0.3297076818490823
4;0.5166553365057784;0.16145479265805576
5;0.5438477226376615;0.2855200543847723
6;0.6152277362338545;0.1257647858599592
mean;0.5489462950373896;0.2016768638114661
standard_deviation;0.04650199493820788;0.08206940077988713
