index;step_length;step_width
1;0.5387491502379333;0.07477906186267845
2;0.6203263086335826;0.13086335825968728
3;0.5557443915703604;0.2362338545207342
4;0.601631543167913;0.1070700203942896
5;0.5540448674371177;0.1716519374575119
6;0.513256288239293;0.33650577838205303
mean;0.5639587582143667;0.17618400181282576
standard_deviation;0.03644302702397968;0.08798035904465726
