index;step_length;step_width
1;0.5421481985044188;0.23963290278721958
2;0.6135282121006118;0.07817811012916384
3;0.5676410605030592;0.11726716519374576
4;0.4877634262406526;0.20224337185588037
5;0.5489462950373896;0.30931339225016996
6;0.5098572399728076;0.11386811692726037
mean;0.5449807387264899;0.17675050985723997
standard_deviation;0.040297800235165965;0.08102055373269168
