index;step_length;step_width
1;0.5387491502379333;0.30931339225016996
2;0.5778382053025153;0.1512576478585996
3;0.5217539089055064;0.3008157715839565
4;0.5880353501019715;0.13596193065941536
5;0.49966009517335147;0.2141400407885792
6;0.5591434398368457;0.10367097212780423
mean;0.5475300249263539;0.20252662587808745
standard_deviation;0.030895470712147564;0.07961453811625932
