index;step_length;step_width
1;0.6203263086335826;0.1070700203942896
2;0.5455472467709042;0.1971447994561523
3;0.4741672331747111;0.07987763426240653
4;0.5047586675730795;0.1291638341264446
5;0.579537729435758;0.21923861318830729
6;0.5115567641060503;0.1070700203942896
mean;0.5393156582823476;0.13992748697031498
standard_deviation;0.049038135296364686;0.05073648069920099
