index;step_length;step_width
1;0.5540448674371177;0.26002719238613187
2;0.5948334466349422;0.11726716519374576
3;0.5336505778382054;0.23113528212100612
4;0.48096532970768185;0.10537049626104691
5;0.5387491502379333;0.17845003399048268
6;0.6033310673011557;0.3263086335825969
mean;0.5509290731928393;0.2030931339225017
standard_deviation;0.04087601883543455;0.07824427736179251
