index;step_length;step_width
1;0.5200543847722637;0.1512576478585996
2;0.4775662814411965;0.23283480625424882
3;0.5115567641060503;0.08157715839564922
4;0.5693405846363019;0.13936097892590074
5;0.5064581917063222;0.24133242692046228
6;0.5761386811692726;0.10197144799456152
mean;0.5268524813052345;0.15805574439157036
standard_deviation;0.035022845039822635;0.060438735835901314
