index;step_length;step_width
1;0.5370496261046908;0.07647858599592114
2;0.6118286879673691;0.11556764106050306
3;0.5370496261046908;0.22263766145479266
4;0.601631543167913;0.1070700203942896
5;0.5251529571719918;0.16485384092454114
6;0.5540448674371177;0.07138001359619307
mean;0.5611262179922956;0.12633129390437345
standard_deviation;0.0334539668866818;0.05283731577960908
