index;step_length;step_width
1;0.5387491502379333;0.16145479265805576
2;0.5013596193065941;0.2804214819850442
3;0.5625424881033311;0.07477906186267845
4;0.5268524813052345;0.13256288239293
5;0.5982324949014276;0.23283480625424882
6;0.53025152957172;0.09687287559483344
mean;0.5429979605710401;0.16315431679129846
standard_deviation;0.030571757652010027;0.07274280951404724
