index;step_length;step_width
1;0.6254248810333107;0.27702243371855884
2;0.5489462950373896;0.1257647858599592
3;0.6254248810333107;0.21074099252209383
4;0.5727396329027873;0.3161114887831407
5;0.53025152957172;0.11896668932698845
6;0.5013596193065941;0.20564242012236575
mean;0.5673578064808521;0.2090414683888511
standard_deviation;0.04626761754506016;0.07205127167724744
