index;step_length;step_width
1;0.6152277362338545;0.1070700203942896
2;0.5251529571719918;0.17845003399048268
3;0.4724677090414684;0.33480625424881033
4;0.4962610469068661;0.12236573759347383
5;0.5625424881033311;0.2124405166553365
6;0.6118286879673691;0.07987763426240653
mean;0.547246770904147;0.17250169952413322
standard_deviation;0.05432277510887675;0.08499744805895734
