index;step_length;step_width
1;0.5234534330387491;0.08157715839564922
2;0.5761386811692726;0.12406526172671653
3;0.49966009517335147;0.20734194425560845
4;0.5744391570360299;0.09687287559483344
5;0.6118286879673691;0.1733514615907546
6;0.540448674371176;0.08497620666213461
mean;0.5543281214593248;0.12803081803761612
standard_deviation;0.03724009476831601;0.04715647806856279
