index;step_length;step_width
1;0.6271244051665534;0.13936097892590074
2;0.557443915703603;0.27702243371855884
3;0.513256288239293;0.11386811692726037
4;0.5421481985044188;0.21753908905506458
5;0.601631543167913;0.08837525492861999
6;0.5336505778382054;0.16825288919102652
mean;0.5625424881033311;0.16740312712440517
standard_deviation;0.03959076639396363;0.06380764469436519
