index;step_length;step_width
1;0.6271244051665534;0.07987763426240653
2;0.5625424881033311;0.12066621346023114
3;0.5948334466349422;0.21074099252209383
4;0.5387491502379333;0.3280081577158396
5;0.5812372535690007;0.1495581237253569
6;0.5455472467709042;0.29231815091774305
mean;0.5750056650804442;0.19686154543394518
standard_deviation;0.03023794730360872;0.0896591827309536
