index;step_length;step_width
1;0.6101291638341265;0.2566281441196465
2;0.5557443915703604;0.11216859279401768
3;0.5999320190346703;0.1750509857239973
4;0.6322229775662814;0.3263086335825969
5;0.5710401087695446;0.14276002719238615
6;0.5285520054384772;0.2804214819850442
mean;0.5829367777022433;0.21555631089961477
standard_deviation;0.03487131972923723;0.07723283350570508
