index;step_length;step_width
1;0.7630863358259687;0.1274643099932019
2;0.7154996600951734;0.20054384772263767
3;0.8191706322229776;0.33310673011556763
4;0.7647858599592114;0.15805574439157036
mean;0.7656356220258329;0.2047926580557444
standard_deviation;0.03669752359226577;0.07849612409341368
