index;step_length;step_width
1;0.8123725356900068;0.21753908905506458
2;0.8633582596872876;0.33310673011556763
3;0.7426920462270564;0.09347382732834807
4;0.8429639700883753;0.16995241332426922
mean;0.8153467029231816;0.2035180149558124
standard_deviation;0.0457038506007682;0.08692841661264877
