index;step_length;step_width
1;0.8871515975526852;0.21923861318830729
2;0.8140720598232495;0.331407205982325
3;0.7443915703602991;0.07477906186267845
4;0.7987763426240653;0.11216859279401768
mean;0.8110978925900748;0.1843983684568321
standard_deviation;0.050976871540577645;0.10007369014135209
