index;step_length;step_width
1;0.8582596872875595;0.09347382732834807
2;0.7358939496940857;0.18184908225696805
3;0.6934058463630184;0.28891910265125764
4;0.734194425560843;0.07647858599592114
mean;0.7554384772263767;0.16018014955812374
standard_deviation;0.06175262508165929;0.0844081540137019
