index;step_length;step_width
1;0.7087015635622026;0.09687287559483344
2;0.7902787219578519;0.16315431679129844
3;0.7188987083616588;0.2532290958531611
4;0.6815091774303196;0.11216859279401768
mean;0.7248470428280082;0.15635622025832768
standard_deviation;0.04017317013450991;0.061076556172897374
