index;step_length;step_width
1;0.7817811012916384;0.06968048946295037
2;0.8905506458191706;0.11556764106050306
3;0.761386811692726;0.22433718558803536
4;0.800475866757308;0.09517335146159075
mean;0.8085486063902108;0.12618966689326988
standard_deviation;0.049320983881049885;0.05895138212022694
