index;step_length;step_width
1;0.5778382053025153;0.24983004758667574
2;0.6492182188987083;0.07307953772943576
3;0.7307953772943576;0.1274643099932019
4;0.6832087015635623;0.20224337185588037
5;0.6271244051665534;0.07647858599592114
mean;0.6536369816451394;0.145819170632223
standard_deviation;0.05156704627739738;0.06991140792485352
