index;step_length;step_width
1;0.6339225016995241;0.20904146838885113
2;0.690006798096533;0.3467029231815092
3;0.7307953772943576;0.1257647858599592
4;0.6764106050305915;0.24473147518694766
5;0.5914343983684569;0.09177430319510538
mean;0.6645139360978927;0.20360299116247454
standard_deviation;0.04787713626555814;0.09029192813730942
