index;step_length;step_width
1;0.6815091774303196;0.2583276682528892
2;0.6203263086335826;0.10367097212780423
3;0.6917063222297757;0.1937457511896669
4;0.6543167912984365;0.29401767505098575
5;0.5557443915703604;0.1070700203942896
mean;0.6407205982324948;0.19136641740312715
standard_deviation;0.049162976836885225;0.0772309843418149
