index;step_length;step_width
1;0.7426920462270564;0.2158395649218219
2;0.6764106050305915;0.08837525492861999
3;0.5880353501019715;0.13766145479265807
4;0.6747110808973488;0.2158395649218219
5;0.5999320190346703;0.3501019714479946
mean;0.6563562202583276;0.2015635622025833
standard_deviation;0.05664695205573547;0.08873143722876516
