index;step_length;step_width
1;0.5693405846363019;0.16995241332426922
2;0.6203263086335826;0.2787219578518015
3;0.7002039428959892;0.11896668932698845
4;0.7460910944935418;0.2362338545207342
5;0.6407205982324949;0.07647858599592114
mean;0.6553365057783822;0.1760707002039429
standard_deviation;0.061780449006045186;0.07399158943965733
