index;step_length;step_width
1;0.5727396329027873;0.09687287559483344
2;0.6033310673011557;0.18524813052345343
3;0.5710401087695446;0.3195105370496261
4;0.6441196464989803;0.09007477906186268
5;0.7375934738273284;0.15465669612508498
mean;0.6257647858599593;0.16927260367097213
standard_deviation;0.06189068624395491;0.08313157629421834
