index;step_length;step_width
1;0.6475186947654656;0.09347382732834807
2;0.6033310673011557;0.14615907545887152
3;0.6594153636981646;0.27702243371855884
4;0.6169272603670972;0.07477906186267845
5;0.5625424881033311;0.14615907545887152
mean;0.6179469748470429;0.1475186947654657
standard_deviation;0.034288294256746406;0.07069203268159219
