index;step_length;step_width
1;0.6339225016995241;0.11556764106050306
2;0.5625424881033311;0.22433718558803536
3;0.6339225016995241;0.3433038749150238
4;0.6645139360978927;0.1274643099932019
5;0.7443915703602991;0.1937457511896669
mean;0.6478585995921142;0.2008837525492862
standard_deviation;0.05875931110549568;0.0819191787851872
