index;step_length;step_width
1;0.6968048946295038;0.29061862678450034
2;0.6577158395649219;0.11386811692726037
3;0.7154996600951734;0.1937457511896669
4;0.6662134602311353;0.08497620666213461
5;0.5829367777022434;0.15975526852481306
mean;0.6638341264445955;0.16859279401767505
standard_deviation;0.045483787483571445;0.07153684496454556
