index;step_length;step_width
1;0.667912984364378;0.0866757307953773
2;0.579537729435758;0.15465669612508498
3;0.6322229775662814;0.2515295717199184
4;0.7104010876954453;0.08327668252889191
5;0.6356220258327668;0.16315431679129844
mean;0.6451393609789259;0.1478585995921142
standard_deviation;0.043217398315947675;0.061549997544748304
