index;step_length;step_width
1;0.5676410605030592;0.16485384092454114
2;0.6305234534330387;0.2515295717199184
3;0.7188987083616588;0.08157715839564922
4;0.6577158395649219;0.15975526852481306
5;0.7358939496940857;0.29571719918422845
mean;0.662134602311353;0.19068660774983007
standard_deviation;0.06100889230777588;0.07518276787695484
