index;step_length;step_width
1;0.6611148878314073;0.29401767505098575
2;0.7070020394289599;0.1257647858599592
3;0.6373215499660095;0.2158395649218219
4;0.5846363018354861;0.1070700203942896
5;0.645819170632223;0.18864717878993884
mean;0.6471787899388172;0.18626784500339905
standard_deviation;0.039455323003943096;0.06696728949571586
