index;step_length;step_width
1;0.5829367777022434;0.07987763426240653
2;0.6186267845003399;0.13256288239293
3;0.66281441196465;0.26342624065261727
4;0.7036029911624745;0.1070700203942896
5;0.739292997960571;0.18864717878993884
mean;0.6614547926580557;0.15431679129843645
standard_deviation;0.05627863246721941;0.06531481525268518
