index;step_length;step_width
1;0.6560163154316792;0.3484024473147519
2;0.5914343983684569;0.11556764106050306
3;0.6475186947654656;0.18184908225696805
4;0.6832087015635623;0.30761386811692726
5;0.6169272603670972;0.07647858599592114
mean;0.6390210740992522;0.20598232494901425
standard_deviation;0.03183150174967547;0.1059631149878924
