index;step_length;step_width
1;0.5744391570360299;0.29231815091774305
2;0.6254248810333107;0.0866757307953773
3;0.7104010876954453;0.13936097892590074
4;0.6577158395649219;0.2141400407885792
5;0.7409925220938137;0.08157715839564922
mean;0.6617946974847044;0.16281441196464988
standard_deviation;0.0593384658882447;0.08043903559334363
