index;step_length;step_width
1;0.4316791298436438;0.13936097892590074
2;0.4894629503738953;0.24643099932019036
3;0.43677770224337187;0.11386811692726037
4;0.3959891230455473;0.20224337185588037
5;0.45037389530931343;0.3178110129163834
6;0.49796057104010877;0.14276002719238615
7;0.4707681849082257;0.23113528212100612
8;0.4129843643779742;0.08157715839564922
mean;0.44824949014276005;0.1843983684568321
standard_deviation;0.03365690754111755;0.0737043076904012
