index;step_length;step_width
1;0.46566961250849764;0.10027192386131883
2;0.5098572399728076;0.1733514615907546
3;0.44867437117607073;0.2974167233174711
4;0.41978246091094495;0.08837525492861999
5;0.3942895989123046;0.15805574439157036
6;0.4316791298436438;0.31101291638341266
7;0.4571719918422842;0.09347382732834807
8;0.40278721957851804;0.18524813052345343
mean;0.44123895309313393;0.17590074779061862
standard_deviation;0.03508743102099117;0.0818599223575275
