index;step_length;step_width
1;0.4537729435757988;0.1257647858599592
2;0.4112848402447315;0.23283480625424882
3;0.46566961250849764;0.11386811692726037
4;0.4418762746431;0.1733514615907546
5;0.4928619986403807;0.07817811012916384
6;0.4316791298436438;0.1495581237253569
7;0.4537729435757988;0.27192386131883073
8;0.48436437797416726;0.1274643099932019
mean;0.45441026512576477;0.15911794697484705
standard_deviation;0.025092273829852203;0.060380587950874975
