index;step_length;step_width
1;0.3908905506458192;0.21074099252209383
2;0.4265805574439157;0.3484024473147519
3;0.4588715159755269;0.16995241332426922
4;0.4945615227736234;0.31441196464989807
5;0.4520734194425561;0.1342624065261727
6;0.48606390210740996;0.24303195105370498
7;0.4418762746431;0.11216859279401768
8;0.46227056424201224;0.18864717878993884
mean;0.45164853840924546;0.2152022433718559
standard_deviation;0.030835358626493295;0.07770068164886386
