index;step_length;step_width
1;0.4129843643779742;0.21074099252209383
2;0.4724677090414684;0.07307953772943576
3;0.42318150917743036;0.14106050305914344
4;0.40278721957851804;0.2379333786539769
5;0.43507817811012917;0.09177430319510538
6;0.4741672331747111;0.15975526852481306
7;0.5081577158395649;0.26342624065261727
8;0.4554724677090415;0.09857239972807615
mean;0.4480370496261047;0.15954282800815772
standard_deviation;0.03356224006263391;0.0667884739449109
