index;step_length;step_width
1;0.4299796057104011;0.1903467029231815
2;0.4078857919782461;0.331407205982325
3;0.45037389530931343;0.11556764106050306
4;0.5115567641060503;0.22433718558803536
5;0.4758667573079538;0.0866757307953773
6;0.41638341264445955;0.16655336505778381
7;0.44867437117607073;0.29061862678450034
8;0.40108769544527534;0.14445955132562882
mean;0.4427260367097213;0.19374575118966691
standard_deviation;0.03488167190988069;0.07907811097302408
