index;step_length;step_width
1;0.48266485384092456;0.09007477906186268
2;0.4435757987763426;0.15635622025832768
3;0.3891910265125765;0.26342624065261727
4;0.43507817811012917;0.1274643099932019
5;0.49966009517335147;0.21074099252209383
6;0.4418762746431;0.0866757307953773
7;0.4741672331747111;0.14785859959211423
8;0.41978246091094495;0.270224337185588
mean;0.44824949014276005;0.16910265125764787
standard_deviation;0.03360322822857937;0.06730845121792267
