index;step_length;step_width
1;0.41808293677770225;0.10876954452753229
2;0.4588715159755269;0.17845003399048268
3;0.491162474507138;0.3042148198504419
4;0.42318150917743036;0.09857239972807615
5;0.46057104010876954;0.1903467029231815
6;0.39938817131203264;0.3178110129163834
7;0.4588715159755269;0.07817811012916384
8;0.49966009517335147;0.1274643099932019
mean;0.45122365737593473;0.17547586675730797
standard_deviation;0.033009729095096925;0.08602240915087621
