index;step_length;step_width
1;0.41808293677770225;0.2787219578518015
2;0.4401767505098573;0.1274643099932019
3;0.4078857919782461;0.24303195105370498
4;0.4435757987763426;0.11896668932698845
5;0.49966009517335147;0.20904146838885113
6;0.4724677090414684;0.09177430319510538
7;0.4299796057104011;0.14615907545887152
8;0.3840924541128484;0.22433718558803536
mean;0.43699014276002723;0.17993711760707004
standard_deviation;0.0340799881625639;0.06318846668985727
