index;step_length;step_width
1;0.4571719918422842;0.22943575798776344
2;0.43507817811012917;0.09347382732834807
3;0.46906866077498305;0.1733514615907546
4;0.40278721957851804;0.33480625424881033
5;0.4316791298436438;0.13086335825968728
6;0.4945615227736234;0.22093813732155
7;0.43507817811012917;0.07307953772943576
8;0.3857919782460911;0.13766145479265807
mean;0.43890210740992525;0.17420122365737595
standard_deviation;0.03268823824425282;0.07983242135661485
