index;step_length;step_width
1;0.6577158395649219;0.3008157715839565
2;0.6067301155676411;0.14615907545887152
3;0.6424201223657376;0.22263766145479266
4;0.6815091774303196;0.10197144799456152
5;0.6084296397008838;0.1937457511896669
mean;0.6393609789259008;0.1930659415363698
standard_deviation;0.028789758229584905;0.06779887237149758
