index;step_length;step_width
1;0.5166553365057784;0.110469068660775
2;0.5659415363698165;0.1937457511896669
3;0.5098572399728076;0.33310673011556763
4;0.5710401087695446;0.1495581237253569
5;0.6526172671651937;0.29231815091774305
6;0.5829367777022434;0.1274643099932019
mean;0.5665080444142307;0.20111035576705186
standard_deviation;0.047258452839279694;0.08375893758566154
