index;step_length;step_width
1;0.5625424881033311;0.08157715839564922
2;0.5982324949014276;0.14106050305914344
3;0.5353501019714481;0.2515295717199184
4;0.5710401087695446;0.10197144799456152
5;0.5115567641060503;0.20224337185588037
6;0.5761386811692726;0.30931339225016996
mean;0.5591434398368457;0.1812825742125538
standard_deviation;0.028285718859777754;0.08125589799832328
