index;step_length;step_width
1;0.5829367777022434;0.10537049626104691
2;0.5115567641060503;0.1733514615907546
3;0.5591434398368457;0.33480625424881033
4;0.6305234534330387;0.12406526172671653
5;0.5744391570360299;0.22263766145479266
6;0.6543167912984365;0.33990482664853844
mean;0.5854860639021074;0.21668932698844323
standard_deviation;0.046644120229821395;0.09311133180427326
