index;step_length;step_width
1;0.601631543167913;0.2685248130523454
2;0.540448674371176;0.09687287559483344
3;0.5863358259687288;0.14785859959211423
4;0.5353501019714481;0.27362338545207343
5;0.579537729435758;0.09517335146159075
6;0.5455472467709042;0.1512576478585996
mean;0.5648085202809879;0.17221844550192614
standard_deviation;0.025391949729226117;0.07326155975675147
