index;step_length;step_width
1;0.5268524813052345;0.1274643099932019
2;0.5591434398368457;0.20054384772263767
3;0.6033310673011557;0.3433038749150238
4;0.645819170632223;0.07647858599592114
5;0.5591434398368457;0.14445955132562882
6;0.5931339225016995;0.22943575798776344
mean;0.5812372535690007;0.18694765465669613
standard_deviation;0.038154222162888614;0.08561959019585315
