index;step_length;step_width
1;0.6594153636981646;0.22773623385452074
2;0.6186267845003399;0.09177430319510538
3;0.5591434398368457;0.16655336505778381
4;0.5319510537049627;0.26002719238613187
5;0.579537729435758;0.08327668252889191
6;0.5115567641060503;0.13936097892590074
mean;0.5767051892136869;0.1614547926580557
standard_deviation;0.05026940981527083;0.0653083289687496
