index;step_length;step_width
1;0.5863358259687288;0.17675050985723997
2;0.6373215499660095;0.331407205982325
3;0.557443915703603;0.16315431679129844
4;0.5285520054384772;0.26002719238613187
5;0.6033310673011557;0.07477906186267845
6;0.5268524813052345;0.14106050305914344
mean;0.5733061409472014;0.19119646498980283
standard_deviation;0.039961912731811475;0.08312480080019712
