index;step_length;step_width
1;0.6322229775662814;0.20054384772263767
2;0.6832087015635623;0.3433038749150238
3;0.6050305914343984;0.13256288239293
4;0.5557443915703604;0.21074099252209383
5;0.6169272603670972;0.3178110129163834
mean;0.6186267845003399;0.24099252209381375
standard_deviation;0.04122528512021102;0.07832870548380191
