index;step_length;step_width
1;0.5897348742352142;0.09687287559483344
2;0.5268524813052345;0.15975526852481306
3;0.5744391570360299;0.3008157715839565
4;0.5115567641060503;0.06968048946295037
5;0.5897348742352142;0.10537049626104691
6;0.6526172671651937;0.16145479265805576
mean;0.5741559030138228;0.14899161568094269
standard_deviation;0.046184305565318315;0.0755327535886953
