index;step_length;step_width
1;0.6135282121006118;0.30761386811692726
2;0.557443915703603;0.14445955132562882
3;0.5200543847722637;0.24813052345343306
4;0.5693405846363019;0.11556764106050306
5;0.513256288239293;0.2158395649218219
6;0.5693405846363019;0.10027192386131883
mean;0.5571606616813959;0.18864717878993884
standard_deviation;0.03361188235549956;0.07475974659389113
