index;step_length;step_width
1;0.5217539089055064;0.13596193065941536
2;0.5506458191706323;0.22433718558803536
3;0.6050305914343984;0.10876954452753229
4;0.6526172671651937;0.21753908905506458
5;0.5914343983684569;0.08497620666213461
6;0.5183548606390211;0.1291638341264446
mean;0.5733061409472016;0.15012463176977112
standard_deviation;0.047986274490418694;0.052673063752902025
