index;step_length;step_width
1;0.5846363018354861;0.11216859279401768
2;0.6390210740992522;0.22433718558803536
3;0.6883072739632903;0.07307953772943576
4;0.650917743031951;0.14276002719238615
5;0.557443915703603;0.2158395649218219
mean;0.6240652617267164;0.15363698164513936
standard_deviation;0.04704214033440707;0.058643187816090875
