index;step_length;step_width
1;0.5965329707681849;0.1920462270564242
2;0.5251529571719918;0.34160435078178114
3;0.579537729435758;0.13936097892590074
4;0.5455472467709042;0.24303195105370498
5;0.5948334466349422;0.07817811012916384
6;0.5336505778382054;0.12406526172671653
mean;0.5625424881033311;0.18638114661228192
standard_deviation;0.02889191026512575;0.08673495323439721
