index;step_length;step_width
1;0.5115567641060503;0.1903467029231815
2;0.5557443915703604;0.34160435078178114
3;0.5234534330387491;0.16825288919102652
4;0.5914343983684569;0.3280081577158396
5;0.5591434398368457;0.11216859279401768
6;0.6152277362338545;0.22093813732155
mean;0.5594266938590527;0.22688647178789942
standard_deviation;0.03591075681385996;0.08302049273761031
