index;step_length;step_width
1;0.7970768184908226;0.10027192386131883
2;0.7104010876954453;0.19884432358939497
3;0.7851801495581238;0.3450033990482665
4;0.7290958531611149;0.12406526172671653
mean;0.7554384772263767;0.19204622705642418
standard_deviation;0.036539768864717874;0.09550660311507217
