index;step_length;step_width
1;0.6934058463630184;0.07817811012916384
2;0.6152277362338545;0.13256288239293
3;0.6730115567641061;0.2141400407885792
4;0.6118286879673691;0.08497620666213461
5;0.6577158395649219;0.1512576478585996
mean;0.6502379333786541;0.13222297756628146
standard_deviation;0.032059350435218494;0.049448851377072285
