index;step_length;step_width
1;0.6543167912984365;0.33820530251529574
2;0.6050305914343984;0.1342624065261727
3;0.6747110808973488;0.24133242692046228
4;0.6050305914343984;0.09517335146159075
5;0.6815091774303196;0.16995241332426922
mean;0.6441196464989802;0.19578518014955815
standard_deviation;0.03314725658500312;0.08594552522520564
