index;step_length;step_width
1;0.7426920462270564;0.07138001359619307
2;0.6832087015635623;0.110469068660775
3;0.6067301155676411;0.1903467029231815
4;0.6577158395649219;0.30591434398368456
5;0.5948334466349422;0.14106050305914344
mean;0.6570360299116248;0.1638341264445955
standard_deviation;0.053707113863754014;0.08099868545161186
