index;step_length;step_width
1;0.6101291638341265;0.1257647858599592
2;0.6781101291638342;0.22943575798776344
3;0.734194425560843;0.09347382732834807
4;0.690006798096533;0.15635622025832768
5;0.6492182188987083;0.24983004758667574
mean;0.6723317471108091;0.17097212780421484
standard_deviation;0.04141541902290779;0.05983290509804497
