index;step_length;step_width
1;0.66281441196465;0.3263086335825969
2;0.6101291638341265;0.09687287559483344
3;0.7002039428959892;0.17845003399048268
4;0.6543167912984365;0.29571719918422845
5;0.6934058463630184;0.07647858599592114
mean;0.6641740312712441;0.19476546566961253
standard_deviation;0.03216369066535312;0.10132699139869206
