index;step_length;step_width
1;0.6662134602311353;0.1257647858599592
2;0.6067301155676411;0.24983004758667574
3;0.6662134602311353;0.11556764106050306
4;0.5999320190346703;0.2158395649218219
5;0.6594153636981646;0.08327668252889191
mean;0.6397008837525493;0.15805574439157036
standard_deviation;0.02987684152732253;0.06356311141321422
