index;step_length;step_width
1;0.6781101291638342;0.20054384772263767
2;0.7664853840924541;0.08157715839564922
3;0.7273963290278722;0.13936097892590074
4;0.7851801495581238;0.2362338545207342
mean;0.739292997960571;0.16442895989123046
standard_deviation;0.04101807745121403;0.05906152024916602
