index;step_length;step_width
1;0.7104010876954453;0.11386811692726037
2;0.650917743031951;0.22263766145479266
3;0.7188987083616588;0.09177430319510538
4;0.6475186947654656;0.14785859959211423
5;0.601631543167913;0.24303195105370498
mean;0.6658735554044868;0.16383412644459552
standard_deviation;0.04354763219064457;0.05945517445026847
