index;step_length;step_width
1;0.690006798096533;0.1903467029231815
2;0.6050305914343984;0.3195105370496261
3;0.6730115567641061;0.08837525492861999
4;0.6356220258327668;0.16315431679129844
5;0.5999320190346703;0.31271244051665537
mean;0.6407205982324948;0.21481985044187626
standard_deviation;0.03587566227589058;0.0892183805113415
