index;step_length;step_width
1;0.6288239292997961;0.1070700203942896
2;0.6781101291638342;0.2124405166553365
3;0.6152277362338545;0.3484024473147519
4;0.690006798096533;0.1257647858599592
5;0.6050305914343984;0.1971447994561523
mean;0.6434398368456833;0.1981645139360979
standard_deviation;0.03422083738586871;0.08522465379957442
