index;step_length;step_width
1;0.6543167912984365;0.3263086335825969
2;0.7256968048946295;0.1070700203942896
3;0.6220258327668253;0.1954452753229096
4;0.6968048946295038;0.09177430319510538
5;0.6254248810333107;0.14106050305914344
mean;0.6648538409245413;0.17233174711080895
standard_deviation;0.04055279687816243;0.08481698202924888
