index;step_length;step_width
1;0.6543167912984365;0.21074099252209383
2;0.6135282121006118;0.34160435078178114
3;0.6526172671651937;0.13596193065941536
4;0.7460910944935418;0.24473147518694766
5;0.6492182188987083;0.07477906186267845
mean;0.6631543167912984;0.20156356220258326
standard_deviation;0.04410125952517492;0.09158274945877483
