index;step_length;step_width
1;0.6747110808973488;0.18864717878993884
2;0.7307953772943576;0.31271244051665537
3;0.6475186947654656;0.09517335146159075
4;0.5999320190346703;0.16655336505778381
5;0.6832087015635623;0.07138001359619307
mean;0.6672331747110809;0.16689326988443237
standard_deviation;0.04305669845979602;0.08485647581321247
