index;step_length;step_width
1;0.7953772943575799;0.18864717878993884
2;0.7307953772943576;0.3450033990482665
3;0.6849082256968049;0.15975526852481306
4;0.7511896668932699;0.28891910265125764
mean;0.7405676410605031;0.245581237253569
standard_deviation;0.03971899163209437;0.07478388990038
