index;step_length;step_width
1;0.6594153636981646;0.2668252889191027
2;0.7290958531611149;0.10876954452753229
3;0.8038749150237934;0.1716519374575119
4;0.7171991842284161;0.08327668252889191
mean;0.7273963290278722;0.15763086335825968
standard_deviation;0.051422893509202136;0.07077426399677979
