index;step_length;step_width
1;0.6390210740992522;0.15465669612508498
2;0.6781101291638342;0.26342624065261727
3;0.7647858599592114;0.08157715839564922
4;0.844663494221618;0.14785859959211423
mean;0.731645139360979;0.1618796736913664
standard_deviation;0.07955606620426951;0.06520920400575064
