index;step_length;step_width
1;0.5778382053025153;0.08837525492861999
2;0.5268524813052345;0.16485384092454114
3;0.5863358259687288;0.31441196464989807
4;0.552345343303875;0.07138001359619307
5;0.5982324949014276;0.13766145479265807
6;0.5642420122365738;0.23963290278721958
mean;0.5676410605030592;0.16938590527985498
standard_deviation;0.02344686390955685;0.08481554416917336
