index;step_length;step_width
1;0.5540448674371177;0.07647858599592114
2;0.6067301155676411;0.11556764106050306
3;0.690006798096533;0.22433718558803536
4;0.6407205982324949;0.07477906186267845
5;0.579537729435758;0.12406526172671653
mean;0.6142080217539089;0.1230455472467709
standard_deviation;0.04759395884831333;0.05443361165287437
