index;step_length;step_width
1;0.5812372535690007;0.2787219578518015
2;0.6645139360978927;0.10537049626104691
3;0.6203263086335826;0.19884432358939497
4;0.5727396329027873;0.32460910944935417
5;0.6475186947654656;0.11216859279401768
mean;0.6172671651937458;0.20394289598912305
standard_deviation;0.035882102570759064;0.08754116668117506
