index;step_length;step_width
1;0.5166553365057784;0.09347382732834807
2;0.5710401087695446;0.15465669612508498
3;0.6305234534330387;0.2821210061182869
4;0.5455472467709042;0.11726716519374576
5;0.5183548606390211;0.23283480625424882
6;0.5455472467709042;0.11556764106050306
mean;0.5546113754815319;0.1659868570133696
standard_deviation;0.038626544150760875;0.06862701925892657
