index;step_length;step_width
1;0.6339225016995241;0.10027192386131883
2;0.5778382053025153;0.15635622025832768
3;0.6339225016995241;0.30761386811692726
4;0.6866077498300476;0.09857239972807615
5;0.6475186947654656;0.18694765465669613
mean;0.6359619306594153;0.16995241332426922
standard_deviation;0.03488622589618002;0.07664834999170415
