index;step_length;step_width
1;0.6101291638341265;0.10197144799456152
2;0.66281441196465;0.15635622025832768
3;0.6271244051665534;0.30931339225016996
4;0.5642420122365738;0.11726716519374576
5;0.6305234534330387;0.22603670972127804
mean;0.6189666893269885;0.18218898708361658
standard_deviation;0.03223545267037029;0.07668150434924088
