index;step_length;step_width
1;0.6152277362338545;0.24303195105370498
2;0.650917743031951;0.07307953772943576
3;0.5812372535690007;0.1274643099932019
4;0.66281441196465;0.24303195105370498
5;0.5999320190346703;0.07647858599592114
mean;0.6220258327668253;0.15261726716519378
standard_deviation;0.030648032845274925;0.07629633091283862
