index;step_length;step_width
1;0.5914343983684569;0.06968048946295037
2;0.513256288239293;0.11726716519374576
3;0.5812372535690007;0.18864717878993884
4;0.6152277362338545;0.2974167233174711
5;0.5693405846363019;0.14106050305914344
6;0.5234534330387491;0.27362338545207343
mean;0.5656582823476094;0.1812825742125538
standard_deviation;0.03629743081329276;0.08189323977945306
