index;step_length;step_width
1;0.5217539089055064;0.14276002719238615
2;0.5812372535690007;0.2583276682528892
3;0.53025152957172;0.07987763426240653
4;0.5880353501019715;0.1291638341264446
5;0.5336505778382054;0.2124405166553365
6;0.5659415363698165;0.3263086335825969
mean;0.5534783593927034;0.19147971901200997
standard_deviation;0.026010061824720144;0.08346530492802194
