index;step_length;step_width
1;0.5625424881033311;0.2549286199864038
2;0.5948334466349422;0.07647858599592114
3;0.552345343303875;0.14276002719238615
4;0.5880353501019715;0.2583276682528892
5;0.5387491502379333;0.09177430319510538
6;0.6067301155676411;0.15465669612508498
mean;0.5738726489916156;0.16315431679129844
standard_deviation;0.024307090361347095;0.07138675742100817
