index;step_length;step_width
1;0.5557443915703604;0.11386811692726037
2;0.6322229775662814;0.2158395649218219
3;0.5999320190346703;0.07647858599592114
4;0.5268524813052345;0.11726716519374576
5;0.5744391570360299;0.22093813732155
6;0.6067301155676411;0.09687287559483344
mean;0.5826535236800362;0.14021074099252212
standard_deviation;0.03473877031405388;0.05685790944364413
