index;step_length;step_width
1;0.6118286879673691;0.20054384772263767
2;0.5353501019714481;0.3025152957171992
3;0.5642420122365738;0.1274643099932019
4;0.5234534330387491;0.21753908905506458
5;0.5540448674371177;0.3433038749150238
6;0.5251529571719918;0.09687287559483344
mean;0.552345343303875;0.21470654883299342
standard_deviation;0.030402011930656545;0.08751403361580566
