index;step_length;step_width
1;0.5982324949014276;0.22773623385452074
2;0.5353501019714481;0.0866757307953773
3;0.5727396329027873;0.15465669612508498
4;0.513256288239293;0.27532290958531613
5;0.5863358259687288;0.1291638341264446
6;0.6203263086335826;0.2124405166553365
mean;0.5710401087695446;0.18099932019034673
standard_deviation;0.03655623341242165;0.06370193406905425
