index;step_length;step_width
1;0.6305234534330387;0.07138001359619307
2;0.5506458191706323;0.11386811692726037
3;0.6220258327668253;0.22433718558803536
4;0.5676410605030592;0.3467029231815092
5;0.5285520054384772;0.09177430319510538
6;0.5693405846363019;0.1750509857239973
mean;0.5781214593247225;0.17051892136868343
standard_deviation;0.03668002879425476;0.09415970408050692
