index;step_length;step_width
1;0.6067301155676411;0.32460910944935417
2;0.5506458191706323;0.1257647858599592
3;0.6254248810333107;0.24983004758667574
4;0.6730115567641061;0.12066621346023114
5;0.6101291638341265;0.22603670972127804
mean;0.6131883072739633;0.20938137321549966
standard_deviation;0.039220362909550506;0.07752811095528439
