index;step_length;step_width
1;0.6135282121006118;0.09517335146159075
2;0.645819170632223;0.18184908225696805
3;0.5829367777022434;0.3263086335825969
4;0.645819170632223;0.13766145479265807
5;0.6815091774303196;0.23963290278721958
mean;0.6339225016995241;0.19612508497620668
standard_deviation;0.033355731951997564;0.08081304269226981
