index;step_length;step_width
1;0.6203263086335826;0.21923861318830729
2;0.6713120326308634;0.07477906186267845
3;0.5744391570360299;0.14615907545887152
4;0.5421481985044188;0.24473147518694766
5;0.513256288239293;0.10367097212780423
6;0.5812372535690007;0.16995241332426922
mean;0.5837865397688647;0.15975526852481306
standard_deviation;0.051312777612054244;0.05974175845534768
