index;step_length;step_width
1;0.557443915703603;0.07477906186267845
2;0.5880353501019715;0.13086335825968728
3;0.645819170632223;0.2566281441196465
4;0.5489462950373896;0.08327668252889191
5;0.5965329707681849;0.16485384092454114
6;0.53025152957172;0.31441196464989807
mean;0.5778382053025153;0.17080217539089057
standard_deviation;0.037837478992740876;0.08803551414854963
