index;step_length;step_width
1;0.5166553365057784;0.13086335825968728
2;0.5931339225016995;0.2566281441196465
3;0.5251529571719918;0.1257647858599592
4;0.5506458191706323;0.22773623385452074
5;0.5812372535690007;0.10876954452753229
6;0.5319510537049627;0.17675050985723997
mean;0.5497960571040108;0.17108542941309768
standard_deviation;0.0285525112447509;0.054945439708673195
