index;step_length;step_width
1;0.5846363018354861;0.1257647858599592
2;0.6322229775662814;0.24473147518694766
3;0.5438477226376615;0.11216859279401768
4;0.6203263086335826;0.21074099252209383
5;0.5710401087695446;0.09857239972807615
6;0.5234534330387491;0.1512576478585996
mean;0.5792544754135508;0.15720598232494903
standard_deviation;0.03863589016187604;0.0532555227175595
