index;step_length;step_width
1;0.5268524813052345;0.3280081577158396
2;0.5948334466349422;0.1495581237253569
3;0.6390210740992522;0.22433718558803536
4;0.5897348742352142;0.10537049626104691
5;0.5370496261046908;0.20734194425560845
6;0.5659415363698165;0.08497620666213461
mean;0.5755721731248584;0.18326535236800365
standard_deviation;0.03774406346049155;0.08173289779847791
