index;step_length;step_width
1;0.5676410605030592;0.08157715839564922
2;0.5098572399728076;0.1274643099932019
3;0.5540448674371177;0.2362338545207342
4;0.6203263086335826;0.09517335146159075
5;0.5336505778382054;0.14276002719238615
6;0.5693405846363019;0.2668252889191027
mean;0.5591434398368457;0.1583389984137775
standard_deviation;0.0342163355326116;0.06942035436715814
