index;step_length;step_width
1;0.6866077498300476;0.07647858599592114
2;0.7290958531611149;0.12406526172671653
3;0.7664853840924541;0.23113528212100612
4;0.6951053704962611;0.08497620666213461
mean;0.7193235893949694;0.12916383412644458
standard_deviation;0.03153006621966674;0.06154765112927199
