index;step_length;step_width
1;0.7409925220938137;0.2124405166553365
2;0.7953772943575799;0.08837525492861999
3;0.7036029911624745;0.15805574439157036
4;0.6390210740992522;0.07647858599592114
mean;0.71974847042828;0.13383752549286201
standard_deviation;0.05689599669327225;0.05504956478343827
