index;step_length;step_width
1;0.8378653976886472;0.29231815091774305
2;0.7239972807613868;0.11896668932698845
3;0.8106730115567642;0.20734194425560845
4;0.7239972807613868;0.09687287559483344
mean;0.7741332426920463;0.17887491502379335
standard_deviation;0.0510494163693936;0.07744848207037912
