index;step_length;step_width
1;0.756288239292998;0.10197144799456152
2;0.8548606390210741;0.20224337185588037
3;0.7647858599592114;0.07647858599592114
4;0.6866077498300476;0.12236573759347383
mean;0.7656356220258327;0.1257647858599592
standard_deviation;0.059780021539638205;0.047052577158079985
