index;step_length;step_width
1;0.7273963290278722;0.09687287559483344
2;0.7868796736913665;0.16655336505778381
3;0.6917063222297757;0.08157715839564922
4;0.7953772943575799;0.16145479265805576
mean;0.7503399048266486;0.12661454792658056
standard_deviation;0.04280136050123395;0.03782157220303856
