index;step_length;step_width
1;0.7902787219578519;0.30591434398368456
2;0.6985044187627465;0.08157715839564922
3;0.7375934738273284;0.15635622025832768
4;0.8310673011556764;0.24643099932019036
mean;0.7643609789259008;0.19756968048946294
standard_deviation;0.050435723140989465;0.08555525856348829
