index;step_length;step_width
1;0.6713120326308634;0.16825288919102652
2;0.7596872875594833;0.31441196464989807
3;0.8361658735554045;0.08157715839564922
4;0.7511896668932699;0.13596193065941536
mean;0.7545887151597553;0.1750509857239973
standard_deviation;0.05836820109134738;0.08621630818022293
