index;step_length;step_width
1;0.800475866757308;0.29401767505098575
2;0.7545887151597553;0.13936097892590074
3;0.6526172671651937;0.23283480625424882
4;0.6985044187627465;0.09687287559483344
mean;0.7265465669612509;0.19077158395649219
standard_deviation;0.05591021124947649;0.07728047576516703
