index;step_length;step_width
1;0.7222977566281441;0.1274643099932019
2;0.8072739632902788;0.1971447994561523
3;0.7070020394289599;0.33650577838205303
4;0.6662134602311353;0.15805574439157036
mean;0.7256968048946295;0.2047926580557444
standard_deviation;0.051366693608794776;0.07995443752567175
