index;step_length;step_width
1;0.7766825288919103;0.1291638341264446
2;0.8412644459551326;0.2566281441196465
3;0.7834806254248811;0.12406526172671653
4;0.7324949014276003;0.20394289598912305
mean;0.7834806254248812;0.17845003399048268
standard_deviation;0.03868051215751544;0.05511019839255935
