index;step_length;step_width
1;0.7375934738273284;0.1274643099932019
2;0.8242692046227057;0.23963290278721958
3;0.734194425560843;0.10027192386131883
4;0.690006798096533;0.16655336505778381
mean;0.7465159755268524;0.15848062542488103
standard_deviation;0.048657690550483496;0.05244312635357428
