index;step_length;step_width
1;0.8548606390210741;0.08157715839564922
2;0.7324949014276003;0.15805574439157036
3;0.7936777702243372;0.24643099932019036
4;0.8378653976886472;0.11556764106050306
mean;0.8047246770904146;0.15040788579197825
standard_deviation;0.04730511781005023;0.06170583392125114
