index;step_length;step_width
1;0.7511896668932699;0.07477906186267845
2;0.7902787219578519;0.1495581237253569
3;0.8429639700883753;0.2532290958531611
4;0.7953772943575799;0.08327668252889191
mean;0.7949524133242692;0.1402107409925221
standard_deviation;0.03256651452403954;0.07138507152453218
