index;step_length;step_width
1;0.7698844323589396;0.1257647858599592
2;0.8361658735554045;0.2141400407885792
3;0.7817811012916384;0.3229095853161115
4;0.8327668252889191;0.08157715839564922
mean;0.8051495581237254;0.1860978925900748
standard_deviation;0.02964135261147161;0.09228822918769172
