index;step_length;step_width
1;0.7868796736913665;0.14615907545887152
2;0.8599592114208022;0.28891910265125764
3;0.8055744391570361;0.110469068660775
4;0.6968048946295038;0.18014955812372535
mean;0.7873045547246771;0.18142420122365738
standard_deviation;0.05874278002026701;0.06677394417020774
