index;step_length;step_width
1;0.650917743031951;0.1971447994561523
2;0.7409925220938137;0.3433038749150238
3;0.6747110808973488;0.16825288919102652
4;0.7477906186267845;0.29061862678450034
5;0.6390210740992522;0.13596193065941536
mean;0.69068660774983;0.22705642420122368
standard_deviation;0.04538206805067803;0.07772308688275176
