index;step_length;step_width
1;0.7138001359619307;0.2141400407885792
2;0.66281441196465;0.07987763426240653
3;0.6135282121006118;0.1342624065261727
4;0.6781101291638342;0.2668252889191027
5;0.6186267845003399;0.13086335825968728
mean;0.6573759347382733;0.16519374575118967
standard_deviation;0.03759599383290135;0.06654152462292219
