index;step_length;step_width
1;0.6917063222297757;0.3212100611828688
2;0.645819170632223;0.15465669612508498
3;0.5948334466349422;0.270224337185588
4;0.66281441196465;0.07987763426240653
5;0.5710401087695446;0.14276002719238615
mean;0.6332426920462271;0.19374575118966691
standard_deviation;0.04426077718737738;0.08853199508415883
