index;step_length;step_width
1;0.601631543167913;0.1274643099932019
2;0.6696125084976207;0.24983004758667574
3;0.6050305914343984;0.12236573759347383
4;0.6849082256968049;0.18524813052345343
5;0.7409925220938137;0.2991162474507138
mean;0.6604350781781101;0.19680489462950373
standard_deviation;0.05234534330387489;0.06893786091369439
