index;step_length;step_width
1;0.7477906186267845;0.3467029231815092
2;0.6526172671651937;0.09857239972807615
3;0.6866077498300476;0.18864717878993884
4;0.6373215499660095;0.3161114887831407
5;0.5897348742352142;0.08327668252889191
mean;0.66281441196465;0.20666213460231136
standard_deviation;0.05269073018122561;0.10846426397477696
