index;step_length;step_width
1;0.5778382053025153;0.16995241332426922
2;0.6254248810333107;0.3161114887831407
3;0.5591434398368457;0.12406526172671653
4;0.6084296397008838;0.24813052345343306
5;0.6798096532970769;0.07138001359619307
mean;0.6101291638341265;0.1859279401767505
standard_deviation;0.041795856285355294;0.08720132295002916
