index;step_length;step_width
1;0.5710401087695446;0.13936097892590074
2;0.6543167912984365;0.21074099252209383
3;0.690006798096533;0.09517335146159075
4;0.5948334466349422;0.16655336505778381
5;0.6560163154316792;0.3025152957171992
mean;0.6332426920462271;0.18286879673691367
standard_deviation;0.04365627289735505;0.07062826439849232
