index;step_length;step_width
1;0.712100611828688;0.13596193065941536
2;0.7579877634262406;0.21074099252209383
3;0.844663494221618;0.3229095853161115
4;0.7511896668932699;0.14445955132562882
mean;0.7664853840924541;0.2035180149558124
standard_deviation;0.04841407047329748;0.07476336858689701
