index;step_length;step_width
1;0.778382053025153;0.2158395649218219
2;0.7375934738273284;0.1070700203942896
3;0.7834806254248811;0.18354860639021076
4;0.8616587355540449;0.3161114887831407
mean;0.7902787219578519;0.20564242012236572
standard_deviation;0.04488481524896076;0.075020083121493
