index;step_length;step_width
1;0.761386811692726;0.3229095853161115
2;0.7222977566281441;0.15465669612508498
3;0.7766825288919103;0.2804214819850442
4;0.8633582596872876;0.08497620666213461
mean;0.780931339225017;0.2107409925220938
standard_deviation;0.05155612274683047;0.09539312538901248
