index;step_length;step_width
1;0.8021753908905507;0.2549286199864038
2;0.8837525492862;0.09687287559483344
3;0.7987763426240653;0.17675050985723997
4;0.6798096532970769;0.3450033990482665
mean;0.7911284840244732;0.21838885112168593
standard_deviation;0.07271798854580357;0.09201396935633802
