index;step_length;step_width
1;0.9177430319510538;0.14106050305914344
2;0.849762066621346;0.22603670972127804
3;0.9092454112848403;0.34160435078178114
mean;0.8922501699524134;0.23623385452073423
standard_deviation;0.030243253603079882;0.08218858410751026
