index;step_length;step_width
1;0.6866077498300476;0.13766145479265807
2;0.6169272603670972;0.2685248130523454
3;0.6713120326308634;0.12066621346023114
4;0.7664853840924541;0.2158395649218219
5;0.6645139360978927;0.3501019714479946
mean;0.6811692726036711;0.2185588035350102
standard_deviation;0.04860044745537765;0.08477610702951152
