index;step_length;step_width
1;0.6203263086335826;0.17845003399048268
2;0.6968048946295038;0.29401767505098575
3;0.6135282121006118;0.11556764106050306
4;0.6441196464989803;0.21074099252209383
5;0.7290958531611149;0.09857239972807615
mean;0.6607749830047587;0.1794697484704283
standard_deviation;0.04497032062145814;0.07032498613015944
