index;step_length;step_width
1;0.7104010876954453;0.07307953772943576
2;0.66281441196465;0.10876954452753229
3;0.5965329707681849;0.16825288919102652
4;0.6764106050305915;0.33480625424881033
5;0.6288239292997961;0.14106050305914344
mean;0.6549966009517336;0.16519374575118967
standard_deviation;0.0392233085975572;0.09058575230517973
