index;step_length;step_width
1;0.6169272603670972;0.27532290958531613
2;0.6730115567641061;0.1342624065261727
3;0.7222977566281441;0.20734194425560845
4;0.6152277362338545;0.08497620666213461
5;0.6917063222297757;0.1342624065261727
mean;0.6638341264445955;0.16723317471108093
standard_deviation;0.04205214818276659;0.06668201568874439
