index;step_length;step_width
1;0.7834806254248811;0.331407205982325
2;0.7171991842284161;0.13936097892590074
3;0.6696125084976207;0.26342624065261727
4;0.7188987083616588;0.09177430319510538
mean;0.7222977566281442;0.2064921821889871
standard_deviation;0.04048650322763969;0.09554062015032523
