index;step_length;step_width
1;0.6543167912984365;0.09007477906186268
2;0.5965329707681849;0.14445955132562882
3;0.6560163154316792;0.22943575798776344
4;0.6033310673011557;0.07647858599592114
5;0.6543167912984365;0.11896668932698845
mean;0.6329027872195786;0.1318830727396329
standard_deviation;0.027013346684303916;0.054146316116219936
