index;step_length;step_width
1;0.712100611828688;0.23283480625424882
2;0.7545887151597553;0.09517335146159075
3;0.6543167912984365;0.16995241332426922
4;0.7494901427600272;0.29571719918422845
mean;0.7176240652617267;0.19841944255608432
standard_deviation;0.040062924605243064;0.07436631929664797
