index;step_length;step_width
1;0.6475186947654656;0.23963290278721958
2;0.7154996600951734;0.09857239972807615
3;0.7936777702243372;0.16145479265805576
4;0.7273963290278722;0.2515295717199184
mean;0.7210231135282121;0.18779741672331748
standard_deviation;0.05184767384105347;0.062055907648741554
