index;step_length;step_width
1;0.6951053704962611;0.10027192386131883
2;0.6577158395649219;0.1920462270564242
3;0.7307953772943576;0.3025152957171992
4;0.6305234534330387;0.1070700203942896
5;0.66281441196465;0.2141400407885792
mean;0.6753908905506458;0.18320870156356223
standard_deviation;0.03447312003673176;0.07475897387933865
