index;step_length;step_width
1;0.6271244051665534;0.07817811012916384
2;0.6883072739632903;0.11896668932698845
3;0.6067301155676411;0.20394289598912305
4;0.6526172671651937;0.3178110129163834
5;0.7443915703602991;0.09347382732834807
mean;0.6638341264445955;0.16247450713800135
standard_deviation;0.04862659014642975;0.08900445368057408
