index;step_length;step_width
1;0.7511896668932699;0.3450033990482665
2;0.645819170632223;0.13256288239293
3;0.7222977566281441;0.22093813732155
4;0.7868796736913665;0.3433038749150238
mean;0.726546566961251;0.26045207341944254
standard_deviation;0.051919001938783564;0.08934531885333834
