index;step_length;step_width
1;0.6050305914343984;0.22433718558803536
2;0.6662134602311353;0.09857239972807615
3;0.7104010876954453;0.18694765465669613
4;0.6271244051665534;0.28721957851801494
5;0.6849082256968049;0.07307953772943576
mean;0.6587355540448675;0.17403127124405166
standard_deviation;0.03819356734354243;0.07923939004316265
