index;step_length;step_width
1;0.8021753908905507;0.15635622025832768
2;0.7273963290278722;0.24983004758667574
3;0.7817811012916384;0.09687287559483344
4;0.6798096532970769;0.17675050985723997
mean;0.7477906186267845;0.16995241332426922
standard_deviation;0.047828848672570645;0.0546628893136485
