index;step_length;step_width
1;0.800475866757308;0.14276002719238615
2;0.7460910944935418;0.24473147518694766
3;0.8038749150237934;0.09687287559483344
4;0.7205982324949014;0.18694765465669613
mean;0.7677600271923861;0.16782800815771584
standard_deviation;0.035596308814635456;0.054641418882694796
