index;step_length;step_width
1;0.7138001359619307;0.07817811012916384
2;0.6543167912984365;0.1495581237253569
3;0.601631543167913;0.24303195105370498
4;0.6747110808973488;0.08327668252889191
5;0.6101291638341265;0.14276002719238615
mean;0.650917743031951;0.13936097892590074
standard_deviation;0.04153241983441449;0.05958522885690579
