index;step_length;step_width
1;0.5030591434398368;0.14445955132562882
2;0.4299796057104011;0.28891910265125764
3;0.45037389530931343;0.14445955132562882
4;0.48096532970768185;0.23453433038749152
5;0.5098572399728076;0.10537049626104691
6;0.5387491502379333;0.20734194425560845
7;0.46566961250849764;0.08837525492861999
mean;0.48266485384092456;0.1733514615907546
standard_deviation;0.03466362687690538;0.06736513331905525
