index;step_length;step_width
1;0.49966009517335147;0.09857239972807615
2;0.4316791298436438;0.1512576478585996
3;0.48266485384092456;0.23963290278721958
4;0.5455472467709042;0.09517335146159075
5;0.5030591434398368;0.18694765465669613
6;0.4537729435757988;0.2838205302515296
7;0.5149558123725357;0.12406526172671653
mean;0.4901913178595708;0.16849567835291834
standard_deviation;0.03533395680727667;0.06680188376992596
