index;step_length;step_width
1;0.4758667573079538;0.10027192386131883
2;0.4299796057104011;0.15975526852481306
3;0.4928619986403807;0.2804214819850442
4;0.5387491502379333;0.09517335146159075
5;0.48096532970768185;0.17675050985723997
6;0.446974847042828;0.32460910944935417
7;0.5081577158395649;0.13936097892590074
mean;0.48193648635524905;0.18233466058075168
standard_deviation;0.03379394894589662;0.08157571320926538
