index;step_length;step_width
1;0.4741672331747111;0.13086335825968728
2;0.43847722637661457;0.20734194425560845
3;0.4928619986403807;0.07307953772943576
4;0.5353501019714481;0.11896668932698845
5;0.4928619986403807;0.22433718558803536
6;0.43677770224337187;0.07477906186267845
7;0.46566961250849764;0.14276002719238615
mean;0.47659512479362925;0.13887540060211714
standard_deviation;0.031948692142558;0.05464752044391331
