index;step_length;step_width
1;0.4724677090414684;0.14106050305914344
2;0.43677770224337187;0.270224337185588
3;0.46057104010876954;0.07138001359619307
4;0.5285520054384772;0.11216859279401768
5;0.5591434398368457;0.1937457511896669
6;0.513256288239293;0.3212100611828688
7;0.5455472467709042;0.07987763426240653
mean;0.5023307759541614;0.1699524133242692
standard_deviation;0.04282046506370531;0.08904505591663663
