index;step_length;step_width
1;0.7019034670292318;0.30931339225016996
2;0.6135282121006118;0.09177430319510538
3;0.5829367777022434;0.1512576478585996
4;0.6186267845003399;0.27702243371855884
5;0.7053025152957172;0.08157715839564922
mean;0.6444595513256288;0.18218898708361658
standard_deviation;0.049821282557648526;0.09424255925054437
