index;step_length;step_width
1;0.6373215499660095;0.2515295717199184
2;0.5880353501019715;0.10537049626104691
3;0.6492182188987083;0.1716519374575119
4;0.6118286879673691;0.3433038749150238
5;0.6849082256968049;0.10367097212780423
mean;0.6342624065261726;0.19510537049626103
standard_deviation;0.032979527455056876;0.09177052639709576
