index;step_length;step_width
1;0.6764106050305915;0.09177430319510538
2;0.7358939496940857;0.15805574439157036
3;0.6645139360978927;0.27192386131883073
4;0.5727396329027873;0.11216859279401768
5;0.6441196464989803;0.19884432358939497
mean;0.6587355540448675;0.16655336505778381
standard_deviation;0.05274113831180507;0.0644476044386762
