index;step_length;step_width
1;0.6526172671651937;0.1274643099932019
2;0.5880353501019715;0.20564242012236575
3;0.6730115567641061;0.09347382732834807
4;0.6186267845003399;0.14445955132562882
5;0.6866077498300476;0.07138001359619307
mean;0.6437797416723317;0.12848402447314752
standard_deviation;0.0360747767815679;0.046252042673484844
