index;step_length;step_width
1;0.6747110808973488;0.18864717878993884
2;0.5761386811692726;0.29571719918422845
3;0.6373215499660095;0.14106050305914344
4;0.7154996600951734;0.24303195105370498
5;0.667912984364378;0.09517335146159075
mean;0.6543167912984365;0.1927260367097213
standard_deviation;0.04635683785515249;0.07119038616875757
