index;step_length;step_width
1;0.6339225016995241;0.22433718558803536
2;0.5659415363698165;0.09007477906186268
3;0.6407205982324949;0.13936097892590074
4;0.7290958531611149;0.22093813732155
5;0.6866077498300476;0.08837525492861999
mean;0.6512576478585995;0.15261726716519375
standard_deviation;0.05477004929859798;0.06004301146635363
