index;step_length;step_width
1;0.5115567641060503;0.30761386811692726
2;0.5608429639700884;0.1291638341264446
3;0.5285520054384772;0.1937457511896669
4;0.5948334466349422;0.3433038749150238
5;0.5098572399728076;0.16315431679129844
6;0.5829367777022434;0.3042148198504419
mean;0.5480965329707682;0.24019941083163385
standard_deviation;0.033516264830559826;0.0813387981028619
