index;step_length;step_width
1;0.579537729435758;0.07647858599592114
2;0.6135282121006118;0.13256288239293
3;0.5591434398368457;0.24813052345343306
4;0.48436437797416726;0.1070700203942896
5;0.5166553365057784;0.16315431679129844
6;0.552345343303875;0.2566281441196465
mean;0.5509290731928393;0.1640040788579198
standard_deviation;0.041657605789055994;0.06775931177150288
