index;step_length;step_width
1;0.5387491502379333;0.3450033990482665
2;0.5965329707681849;0.07138001359619307
3;0.5217539089055064;0.13766145479265807
4;0.5676410605030592;0.27532290958531613
5;0.6084296397008838;0.09517335146159075
6;0.5710401087695446;0.17845003399048268
mean;0.567357806480852;0.18383186041241786
standard_deviation;0.030138281206027323;0.09747931098229433
