index;step_length;step_width
1;0.5472467709041469;0.331407205982325
2;0.5863358259687288;0.14785859959211423
3;0.5353501019714481;0.26512576478586
4;0.5642420122365738;0.09687287559483344
5;0.6169272603670972;0.16485384092454114
6;0.557443915703603;0.07987763426240653
mean;0.5679243145252663;0.18099932019034673
standard_deviation;0.02693297451737437;0.08977901452676115
