index;step_length;step_width
1;0.5846363018354861;0.12066621346023114
2;0.5013596193065941;0.1937457511896669
3;0.5455472467709042;0.29571719918422845
4;0.5931339225016995;0.07477906186267845
5;0.6271244051665534;0.12406526172671653
6;0.5880353501019715;0.18864717878993884
mean;0.5733061409472014;0.1662701110355767
standard_deviation;0.03996191273181149;0.07099738193685862
