index;step_length;step_width
1;0.5948334466349422;0.14276002719238615
2;0.623725356900068;0.2549286199864038
3;0.5455472467709042;0.10027192386131883
4;0.6135282121006118;0.16145479265805576
5;0.5336505778382054;0.2532290958531611
6;0.5625424881033311;0.10876954452753229
mean;0.5789712213913438;0.17023566734647633
standard_deviation;0.03388646369530519;0.06267087258206482
