index;step_length;step_width
1;0.5217539089055064;0.09857239972807615
2;0.48436437797416726;0.18694765465669613
3;0.5115567641060503;0.2855200543847723
4;0.5472467709041469;0.13766145479265807
5;0.5778382053025153;0.23453433038749152
6;0.6271244051665534;0.08327668252889191
mean;0.5449807387264899;0.17108542941309768
standard_deviation;0.046838945408099686;0.0724089476513412
