index;step_length;step_width
1;0.5200543847722637;0.16315431679129844
2;0.557443915703603;0.26342624065261727
3;0.5982324949014276;0.12406526172671653
4;0.5336505778382054;0.24303195105370498
5;0.5931339225016995;0.1070700203942896
6;0.5064581917063222;0.18014955812372535
mean;0.5514955812372536;0.18014955812372535
standard_deviation;0.0348540592620464;0.05724815362184356
