index;step_length;step_width
1;0.623725356900068;0.26342624065261727
2;0.5778382053025153;0.12236573759347383
3;0.5030591434398368;0.18354860639021076
4;0.5370496261046908;0.2804214819850442
5;0.4741672331747111;0.07477906186267845
6;0.540448674371176;0.14276002719238615
mean;0.542714706548833;0.17788352594606846
standard_deviation;0.048485278633083204;0.07394828948511026
