index;step_length;step_width
1;0.5642420122365738;0.14615907545887152
2;0.5013596193065941;0.29231815091774305
3;0.5421481985044188;0.11896668932698845
4;0.5812372535690007;0.1954452753229096
5;0.6220258327668253;0.07987763426240653
6;0.5744391570360299;0.15465669612508498
mean;0.5642420122365738;0.16457058690233403
standard_deviation;0.03691007507197356;0.06703552190424396
