index;step_length;step_width
1;0.5557443915703604;0.27702243371855884
2;0.5897348742352142;0.11556764106050306
3;0.5455472467709042;0.1733514615907546
4;0.6203263086335826;0.29571719918422845
5;0.5506458191706323;0.11386811692726037
6;0.5030591434398368;0.22263766145479266
mean;0.5608429639700884;0.19969408565601632
standard_deviation;0.036687683794906376;0.07172146220776932
