index;step_length;step_width
1;0.6101291638341265;0.10027192386131883
2;0.5710401087695446;0.17845003399048268
3;0.5234534330387491;0.08157715839564922
4;0.5982324949014276;0.14445955132562882
5;0.5472467709041469;0.2549286199864038
6;0.5863358259687288;0.110469068660775
mean;0.5727396329027873;0.14502605937004306
standard_deviation;0.02976189788480332;0.05833657675892137
