index;step_length;step_width
1;0.5761386811692726;0.0866757307953773
2;0.623725356900068;0.14276002719238615
3;0.579537729435758;0.26002719238613187
4;0.5285520054384772;0.09517335146159075
5;0.579537729435758;0.16655336505778381
6;0.5064581917063222;0.2515295717199184
mean;0.5656582823476093;0.16711987310219803
standard_deviation;0.03818470140313865;0.06831062902779451
