index;step_length;step_width
1;0.5489462950373896;0.14615907545887152
2;0.4962610469068661;0.2787219578518015
3;0.5387491502379333;0.07307953772943576
4;0.5659415363698165;0.1257647858599592
5;0.5166553365057784;0.24643099932019036
6;0.5744391570360299;0.11726716519374576
mean;0.540165420348969;0.16457058690233403
standard_deviation;0.027075588065613672;0.07324020110014241
