index;step_length;step_width
1;0.5489462950373896;0.20054384772263767
2;0.5982324949014276;0.3467029231815092
3;0.5472467709041469;0.0866757307953773
4;0.6203263086335826;0.15805574439157036
5;0.5761386811692726;0.26512576478586
6;0.5149558123725357;0.12236573759347383
mean;0.5676410605030592;0.19657829141173808
standard_deviation;0.034940276331541516;0.08786537942597461
