index;step_length;step_width
1;0.5183548606390211;0.12406526172671653
2;0.5608429639700884;0.22943575798776344
3;0.48436437797416726;0.07987763426240653
4;0.5115567641060503;0.1274643099932019
5;0.5608429639700884;0.20904146838885113
6;0.6254248810333107;0.3297076818490823
mean;0.5435644686154544;0.18326535236800365
standard_deviation;0.04557573941416114;0.08321548102485857
