index;step_length;step_width
1;0.601631543167913;0.27702243371855884
2;0.5234534330387491;0.08157715839564922
3;0.49796057104010877;0.14106050305914344
4;0.5710401087695446;0.2685248130523454
5;0.5115567641060503;0.09007477906186268
6;0.5506458191706323;0.15805574439157036
mean;0.5427147065488329;0.16938590527985498
standard_deviation;0.03577981571411315;0.0778304535691938
