index;step_length;step_width
1;0.5285520054384772;0.1070700203942896
2;0.557443915703603;0.1937457511896669
3;0.6033310673011557;0.3467029231815092
4;0.5149558123725357;0.13936097892590074
5;0.5438477226376615;0.2532290958531611
6;0.5115567641060503;0.07817811012916384
mean;0.5432812145932472;0.1863811466122819
standard_deviation;0.031178535929791553;0.09168333706840658
