index;step_length;step_width
1;0.6373215499660095;0.20224337185588037
2;0.5965329707681849;0.09007477906186268
3;0.6798096532970769;0.16995241332426922
4;0.7222977566281441;0.3297076818490823
5;0.6169272603670972;0.14106050305914344
mean;0.6505778382053025;0.1866077498300476
standard_deviation;0.0452265054479399;0.08048929070112204
