index;step_length;step_width
1;0.6356220258327668;0.11556764106050306
2;0.552345343303875;0.19884432358939497
3;0.6203263086335826;0.3212100611828688
4;0.6781101291638342;0.07647858599592114
5;0.7426920462270564;0.14276002719238615
mean;0.6458191706322229;0.17097212780421484
standard_deviation;0.0631162169323462;0.08502106226049885
