index;step_length;step_width
1;0.66281441196465;0.08157715839564922
2;0.7019034670292318;0.15295717199184228
3;0.6339225016995241;0.2379333786539769
4;0.6917063222297757;0.07307953772943576
5;0.6339225016995241;0.14106050305914344
mean;0.6648538409245413;0.1373215499660095
standard_deviation;0.028324495793337397;0.059355986801767534
