index;step_length;step_width
1;0.5693405846363019;0.30931339225016996
2;0.6203263086335826;0.09177430319510538
3;0.5693405846363019;0.15295717199184228
4;0.6322229775662814;0.270224337185588
5;0.7273963290278722;0.1274643099932019
mean;0.623725356900068;0.1903467029231815
standard_deviation;0.057873725396577196;0.08438269962119073
