index;step_length;step_width
1;0.5642420122365738;0.12066621346023114
2;0.6305234534330387;0.20904146838885113
3;0.6747110808973488;0.09687287559483344
4;0.7426920462270564;0.18184908225696805
5;0.7019034670292318;0.3229095853161115
mean;0.6628144119646499;0.18626784500339905
standard_deviation;0.06133375156296375;0.07937778429596325
