index;step_length;step_width
1;0.6424201223657376;0.27532290958531613
2;0.5982324949014276;0.1342624065261727
3;0.6645139360978927;0.2532290958531611
4;0.7460910944935418;0.09007477906186268
5;0.6730115567641061;0.14785859959211423
mean;0.6648538409245413;0.18014955812372538
standard_deviation;0.048182633188217125;0.071638520602885
