index;step_length;step_width
1;0.6798096532970769;0.29061862678450034
2;0.734194425560843;0.14445955132562882
3;0.650917743031951;0.2821210061182869
4;0.5625424881033311;0.08157715839564922
5;0.5931339225016995;0.14445955132562882
mean;0.6441196464989802;0.1886471787899388
standard_deviation;0.06113564156561848;0.08307179390214259
