index;step_length;step_width
1;0.6849082256968049;0.11556764106050306
2;0.5897348742352142;0.22093813732155
3;0.6373215499660095;0.10027192386131883
4;0.7104010876954453;0.16145479265805576
5;0.7460910944935418;0.2787219578518015
mean;0.6736913664174031;0.17539089055064583
standard_deviation;0.054930134392972826;0.06658491768938297
