index;step_length;step_width
1;0.6815091774303196;0.24983004758667574
2;0.5982324949014276;0.11896668932698845
3;0.6373215499660095;0.23283480625424882
4;0.5829367777022434;0.07817811012916384
5;0.667912984364378;0.1495581237253569
mean;0.6335825968728755;0.16587355540448676
standard_deviation;0.0382207825883633;0.06586264527488794
