index;step_length;step_width
1;0.6560163154316792;0.22093813732155
2;0.6050305914343984;0.09517335146159075
3;0.5540448674371177;0.14615907545887152
4;0.601631543167913;0.07138001359619307
5;0.6917063222297757;0.110469068660775
mean;0.6216859279401767;0.12882392929979608
standard_deviation;0.047615801516893146;0.05206649663865836
