index;step_length;step_width
1;0.6577158395649219;0.14106050305914344
2;0.5608429639700884;0.2668252889191027
3;0.6441196464989803;0.1274643099932019
4;0.5710401087695446;0.1937457511896669
5;0.6305234534330387;0.09007477906186268
mean;0.6128484024473149;0.16383412644459552
standard_deviation;0.03938498215524404;0.061292295828884444
