index;step_length;step_width
1;0.6254248810333107;0.2158395649218219
2;0.5880353501019715;0.3229095853161115
3;0.6390210740992522;0.15465669612508498
4;0.6968048946295038;0.2379333786539769
5;0.6050305914343984;0.07647858599592114
mean;0.6308633582596874;0.20156356220258326
standard_deviation;0.037271924301489595;0.08258078527799345
