index;step_length;step_width
1;0.6849082256968049;0.14445955132562882
2;0.5931339225016995;0.26002719238613187
3;0.6543167912984365;0.11216859279401768
4;0.5778382053025153;0.20734194425560845
5;0.6288239292997961;0.09857239972807615
mean;0.6278042148198504;0.1645139360978926
standard_deviation;0.03914959990574943;0.06074128734649374
