index;step_length;step_width
1;0.5880353501019715;0.08157715839564922
2;0.6356220258327668;0.16315431679129844
3;0.6815091774303196;0.29401767505098575
4;0.7171991842284161;0.07987763426240653
5;0.6390210740992522;0.15635622025832768
mean;0.6522773623385452;0.15499660095173354
standard_deviation;0.04393064424582874;0.07801093466663005
