index;step_length;step_width
1;0.6560163154316792;0.26342624065261727
2;0.5812372535690007;0.09687287559483344
3;0.6356220258327668;0.15805574439157036
4;0.5982324949014276;0.07138001359619307
5;0.6475186947654656;0.110469068660775
mean;0.623725356900068;0.14004078857919783
standard_deviation;0.029001670982598968;0.06782442888504102
