index;step_length;step_width
1;0.6271244051665534;0.24643099932019036
2;0.5914343983684569;0.10027192386131883
3;0.5285520054384772;0.18354860639021076
4;0.6050305914343984;0.3161114887831407
5;0.5149558123725357;0.08157715839564922
6;0.5863358259687288;0.1512576478585996
mean;0.5755721731248585;0.17986630410151827
standard_deviation;0.040369412534148816;0.08146742200624935
