index;step_length;step_width
1;0.5642420122365738;0.18014955812372535
2;0.5030591434398368;0.31101291638341266
3;0.5353501019714481;0.10876954452753229
4;0.6033310673011557;0.2124405166553365
5;0.5710401087695446;0.331407205982325
6;0.5081577158395649;0.12066621346023114
mean;0.5475300249263539;0.21074099252209386
standard_deviation;0.03564164099871144;0.08569826919261585
