index;step_length;step_width
1;0.579537729435758;0.1495581237253569
2;0.6271244051665534;0.2685248130523454
3;0.5744391570360299;0.110469068660775
4;0.49966009517335147;0.20564242012236575
5;0.5710401087695446;0.3450033990482665
6;0.5115567641060503;0.12236573759347383
mean;0.5605597099478813;0.2002605937004306
standard_deviation;0.04321179134031653;0.08400428008715541
