index;step_length;step_width
1;0.5591434398368457;0.1920462270564242
2;0.48096532970768185;0.33650577838205303
3;0.5506458191706323;0.1512576478585996
4;0.5880353501019715;0.2583276682528892
5;0.5115567641060503;0.11896668932698845
6;0.5540448674371177;0.19884432358939497
mean;0.5407319283933832;0.20932472241105823
standard_deviation;0.03482181683214621;0.07132210287393219
