index;step_length;step_width
1;0.513256288239293;0.3433038749150238
2;0.4877634262406526;0.10537049626104691
3;0.5591434398368457;0.15975526852481306
4;0.5064581917063222;0.27192386131883073
5;0.5472467709041469;0.07477906186267845
6;0.6220258327668253;0.14276002719238615
mean;0.5393156582823476;0.1829820983457965
standard_deviation;0.044183995853252764;0.09443028094560563
