index;step_length;step_width
1;0.5676410605030592;0.20564242012236575
2;0.6186267845003399;0.07817811012916384
3;0.5591434398368457;0.14785859959211423
4;0.5149558123725357;0.23453433038749152
5;0.579537729435758;0.07647858599592114
6;0.6220258327668253;0.1512576478585996
mean;0.5769884432358939;0.14899161568094269
standard_deviation;0.03656610858258398;0.058886869437856176
