index;step_length;step_width
1;0.5166553365057784;0.2838205302515296
2;0.5727396329027873;0.13936097892590074
3;0.6084296397008838;0.26002719238613187
4;0.5370496261046908;0.08157715839564922
5;0.6084296397008838;0.12236573759347383
6;0.5608429639700884;0.20904146838885113
mean;0.5673578064808521;0.1826988443235894
standard_deviation;0.033996383278154935;0.0737598042426441
