index;step_length;step_width
1;0.4928619986403807;0.23113528212100612
2;0.5251529571719918;0.10876954452753229
3;0.5846363018354861;0.16485384092454114
4;0.5336505778382054;0.2974167233174711
5;0.5948334466349422;0.09857239972807615
6;0.6288239292997961;0.18014955812372535
mean;0.5599932019034671;0.18014955812372535
standard_deviation;0.046499406821053337;0.06872048476939405
