index;step_length;step_width
1;0.623725356900068;0.10197144799456152
2;0.5557443915703604;0.1954452753229096
3;0.5965329707681849;0.3161114887831407
4;0.5319510537049627;0.07138001359619307
5;0.5829367777022434;0.13256288239293
6;0.5064581917063222;0.19884432358939497
mean;0.5662247903920236;0.16938590527985498
standard_deviation;0.039498450540769545;0.08018840824482436
