index;step_length;step_width
1;0.5336505778382054;0.14106050305914344
2;0.5914343983684569;0.24473147518694766
3;0.5387491502379333;0.110469068660775
4;0.5098572399728076;0.1954452753229096
5;0.5455472467709042;0.08497620666213461
6;0.5149558123725357;0.13256288239293
mean;0.5390324042601405;0.1515409018808067
standard_deviation;0.02660929955253788;0.05354100465565779
