index;step_length;step_width
1;0.6067301155676411;0.31441196464989807
2;0.5370496261046908;0.07138001359619307
3;0.5965329707681849;0.110469068660775
4;0.540448674371176;0.1750509857239973
5;0.6169272603670972;0.27702243371855884
6;0.5659415363698165;0.09687287559483344
mean;0.5772716972581011;0.17420122365737598
standard_deviation;0.031393951965777045;0.09205581409913433
