index;step_length;step_width
1;0.5200543847722637;0.26002719238613187
2;0.5829367777022434;0.12066621346023114
3;0.5336505778382054;0.1971447994561523
4;0.5965329707681849;0.09857239972807615
5;0.5183548606390211;0.16995241332426922
6;0.5693405846363019;0.26342624065261727
mean;0.5534783593927034;0.18496487650124635
standard_deviation;0.030868191085033483;0.0629314966401148
