index;step_length;step_width
1;0.5438477226376615;0.13086335825968728
2;0.4962610469068661;0.24303195105370498
3;0.53025152957172;0.11556764106050306
4;0.5591434398368457;0.2141400407885792
5;0.5982324949014276;0.3433038749150238
6;0.552345343303875;0.14785859959211423
mean;0.5466802628597327;0.19912757761160207
standard_deviation;0.03072751330686746;0.07875124074093598
