index;step_length;step_width
1;0.5455472467709042;0.11556764106050306
2;0.5081577158395649;0.2141400407885792
3;0.5625424881033311;0.08837525492861999
4;0.6135282121006118;0.13256288239293
5;0.5693405846363019;0.22093813732155
6;0.5268524813052345;0.07987763426240653
mean;0.5543281214593248;0.1419102651257648
standard_deviation;0.03356888817343328;0.05621075978157226
