index;step_length;step_width
1;0.5642420122365738;0.26172671651937457
2;0.5982324949014276;0.0866757307953773
3;0.552345343303875;0.13086335825968728
4;0.46906866077498305;0.21074099252209383
5;0.5370496261046908;0.10197144799456152
6;0.5710401087695446;0.16315431679129844
mean;0.5486630410151825;0.15918876048039882
standard_deviation;0.040175167259620344;0.06126673843007376
