index;step_length;step_width
1;0.6186267845003399;0.3229095853161115
2;0.5608429639700884;0.09687287559483344
3;0.6135282121006118;0.16315431679129844
4;0.5727396329027873;0.3195105370496261
5;0.5047586675730795;0.13766145479265807
6;0.5353501019714481;0.24983004758667574
mean;0.5676410605030592;0.21498980285520053
standard_deviation;0.04036146188660067;0.0879425053760455
