index;step_length;step_width
1;0.5064581917063222;0.08327668252889191
2;0.5489462950373896;0.14106050305914344
3;0.5761386811692726;0.2583276682528892
4;0.6050305914343984;0.07138001359619307
5;0.5506458191706323;0.12406526172671653
6;0.4962610469068661;0.18524813052345343
mean;0.5472467709041469;0.1438930432812146
standard_deviation;0.03753089072071581;0.06342866531737325
