index;step_length;step_width
1;0.5285520054384772;0.29231815091774305
2;0.5693405846363019;0.10197144799456152
3;0.5251529571719918;0.1733514615907546
4;0.5880353501019715;0.2685248130523454
5;0.6322229775662814;0.09007477906186268
6;0.5370496261046908;0.15975526852481306
mean;0.5633922501699524;0.1809993201903467
standard_deviation;0.03818890352721905;0.07645812602420192
