index;step_length;step_width
1;0.4945615227736234;0.13086335825968728
2;0.5438477226376615;0.21074099252209383
3;0.6203263086335826;0.0866757307953773
4;0.5693405846363019;0.16145479265805576
5;0.5268524813052345;0.24473147518694766
6;0.5693405846363019;0.10027192386131883
mean;0.5540448674371177;0.15578971221391344
standard_deviation;0.03924882863287735;0.056924897770710185
