index;step_length;step_width
1;0.4945615227736234;0.33990482664853844
2;0.5540448674371177;0.07647858599592114
3;0.6288239292997961;0.13766145479265807
4;0.5812372535690007;0.21074099252209383
5;0.6220258327668253;0.09687287559483344
6;0.5608429639700884;0.16145479265805576
mean;0.5735893949694085;0.17051892136868343
standard_deviation;0.045176130633022345;0.08731026685482936
