index;step_length;step_width
1;0.5421481985044188;0.31441196464989807
2;0.48096532970768185;0.09687287559483344
3;0.5149558123725357;0.16485384092454114
4;0.5608429639700884;0.07817811012916384
5;0.5965329707681849;0.14615907545887152
6;0.5336505778382054;0.2821210061182869
mean;0.5381826421935192;0.18043281214593246
standard_deviation;0.035981066186721984;0.08864402832943008
