index;step_length;step_width
1;0.5234534330387491;0.09347382732834807
2;0.5999320190346703;0.14615907545887152
3;0.5557443915703604;0.2787219578518015
4;0.5982324949014276;0.0866757307953773
5;0.513256288239293;0.16655336505778381
6;0.5540448674371177;0.2685248130523454
mean;0.557443915703603;0.17335146159075462
standard_deviation;0.03314435186111505;0.07620112319274926
