index;step_length;step_width
1;0.5608429639700884;0.3195105370496261
2;0.5217539089055064;0.14785859959211423
3;0.5829367777022434;0.29231815091774305
4;0.6271244051665534;0.12406526172671653
5;0.5914343983684569;0.21074099252209383
6;0.53025152957172;0.09177430319510538
mean;0.5690573306140948;0.19771130750056654
standard_deviation;0.036231057301436644;0.08474172649587652
