index;step_length;step_width
1;0.6747110808973488;0.08327668252889191
2;0.6118286879673691;0.14615907545887152
3;0.6696125084976207;0.2668252889191027
4;0.6203263086335826;0.06968048946295037
5;0.6713120326308634;0.13766145479265807
mean;0.6495581237253569;0.14072059823249491
standard_deviation;0.027517599793350236;0.06969623937006027
