index;step_length;step_width
1;0.6169272603670972;0.09177430319510538
2;0.5846363018354861;0.16485384092454114
3;0.5370496261046908;0.26512576478586
4;0.5863358259687288;0.12236573759347383
5;0.557443915703603;0.18694765465669613
6;0.6220258327668253;0.07307953772943576
mean;0.5840697937910718;0.1506911398141854
standard_deviation;0.030126299116946132;0.06443017304286382
