index;step_length;step_width
1;0.5217539089055064;0.14615907545887152
2;0.5591434398368457;0.2515295717199184
3;0.5285520054384772;0.07987763426240653
4;0.5829367777022434;0.15295717199184228
5;0.6135282121006118;0.27702243371855884
6;0.5506458191706323;0.09517335146159075
mean;0.5594266938590527;0.16711987310219803
standard_deviation;0.031436092374620944;0.07374620601011123
