index;step_length;step_width
1;0.6832087015635623;0.14106050305914344
2;0.6067301155676411;0.22263766145479266
3;0.690006798096533;0.08497620666213461
4;0.6305234534330387;0.16825288919102652
5;0.540448674371176;0.331407205982325
mean;0.6301835486063903;0.18966689326988445
standard_deviation;0.054759500977082196;0.08361658735554045
