index;step_length;step_width
1;0.6033310673011557;0.2566281441196465
2;0.6764106050305915;0.10197144799456152
3;0.6305234534330387;0.17845003399048268
4;0.5489462950373896;0.27192386131883073
5;0.5897348742352142;0.10537049626104691
mean;0.609789259007478;0.18286879673691367
standard_deviation;0.04245954172570275;0.07202935363921406
