index;step_length;step_width
1;0.6305234534330387;0.09177430319510538
2;0.6781101291638342;0.18354860639021076
3;0.6305234534330387;0.07307953772943576
4;0.5557443915703604;0.11896668932698845
5;0.6050305914343984;0.22433718558803536
mean;0.6199864038069341;0.13834126444595513
standard_deviation;0.0398776597581576;0.05699465103663679
