index;step_length;step_width
1;0.5982324949014276;0.08327668252889191
2;0.5370496261046908;0.1495581237253569
3;0.6084296397008838;0.28891910265125764
4;0.5727396329027873;0.07307953772943576
5;0.5251529571719918;0.11216859279401768
6;0.5829367777022434;0.20394289598912305
mean;0.5707568547473375;0.15182415590301382
standard_deviation;0.030392773804707396;0.075264596675847
