index;step_length;step_width
1;0.6951053704962611;0.34160435078178114
2;0.739292997960571;0.09347382732834807
3;0.6883072739632903;0.14276002719238615
4;0.6050305914343984;0.2158395649218219
5;0.5727396329027873;0.07138001359619307
mean;0.6600951733514616;0.17301155676410607
standard_deviation;0.06157439496518965;0.09780403313704343
