index;step_length;step_width
1;0.6441196464989803;0.22943575798776344
2;0.7087015635622026;0.08157715839564922
3;0.623725356900068;0.13936097892590074
4;0.6866077498300476;0.2532290958531611
5;0.5999320190346703;0.10876954452753229
mean;0.6526172671651937;0.16247450713800135
standard_deviation;0.03995870023028033;0.06735435207492944
