index;step_length;step_width
1;0.6713120326308634;0.07647858599592114
2;0.5846363018354861;0.1495581237253569
3;0.6339225016995241;0.23453433038749152
4;0.6730115567641061;0.07987763426240653
5;0.6152277362338545;0.14615907545887152
mean;0.635622025832767;0.13732154996600954
standard_deviation;0.03373459082474372;0.05775782195946853
