index;step_length;step_width
1;0.5744391570360299;0.23963290278721958
2;0.6356220258327668;0.07817811012916384
3;0.7002039428959892;0.1257647858599592
4;0.6118286879673691;0.1971447994561523
5;0.7019034670292318;0.3501019714479946
mean;0.6447994561522774;0.1981645139360979
standard_deviation;0.049904696539042726;0.09428055558886712
