index;step_length;step_width
1;0.5948334466349422;0.1733514615907546
2;0.667912984364378;0.33990482664853844
3;0.734194425560843;0.13086335825968728
4;0.6424201223657376;0.24473147518694766
5;0.5829367777022434;0.07477906186267845
mean;0.6444595513256288;0.1927260367097213
standard_deviation;0.05450572884914128;0.09217376618179901
