index;step_length;step_width
1;0.650917743031951;0.3178110129163834
2;0.7239972807613868;0.14615907545887152
3;0.6543167912984365;0.2549286199864038
4;0.6866077498300476;0.11216859279401768
5;0.6492182188987083;0.17845003399048268
mean;0.6730115567641061;0.20190346702923181
standard_deviation;0.028941853103205985;0.07477442665320287
