index;step_length;step_width
1;0.6713120326308634;0.1342624065261727
2;0.5812372535690007;0.22943575798776344
3;0.6169272603670972;0.07307953772943576
4;0.6951053704962611;0.13766145479265807
5;0.6356220258327668;0.2515295717199184
mean;0.6400407885791978;0.16519374575118967
standard_deviation;0.0400540017140762;0.06600108043518678
