index;step_length;step_width
1;0.6169272603670972;0.15295717199184228
2;0.7053025152957172;0.28721957851801494
3;0.6101291638341265;0.12066621346023114
4;0.6475186947654656;0.20054384772263767
5;0.5625424881033311;0.3280081577158396
mean;0.6284840244731476;0.2178789938817131
standard_deviation;0.047078965855012325;0.07861580544857363
