index;step_length;step_width
1;0.5965329707681849;0.07138001359619307
2;0.6560163154316792;0.12406526172671653
3;0.6934058463630184;0.1903467029231815
4;0.5999320190346703;0.33650577838205303
5;0.6713120326308634;0.10027192386131883
mean;0.6434398368456832;0.16451393609789258
standard_deviation;0.038793848776543204;0.09453632589570145
