index;step_length;step_width
1;0.690006798096533;0.09347382732834807
2;0.7358939496940857;0.1716519374575119
3;0.6339225016995241;0.33820530251529574
4;0.6696125084976207;0.10876954452753229
5;0.712100611828688;0.18014955812372535
mean;0.6883072739632904;0.17845003399048268
standard_deviation;0.03504483050654524;0.08677231658849305
