index;step_length;step_width
1;0.6747110808973488;0.33820530251529574
2;0.5897348742352142;0.16825288919102652
3;0.6339225016995241;0.2685248130523454
4;0.7138001359619307;0.10197144799456152
5;0.6713120326308634;0.16995241332426922
mean;0.6566961250849762;0.20938137321549966
standard_deviation;0.0419558779720176;0.08351842712622953
