index;step_length;step_width
1;0.66281441196465;0.14445955132562882
2;0.7104010876954453;0.26342624065261727
3;0.645819170632223;0.09687287559483344
4;0.5761386811692726;0.1495581237253569
5;0.6475186947654656;0.23453433038749152
mean;0.6485384092454112;0.1777702243371856
standard_deviation;0.04308352339446463;0.06165877302975859
