index;step_length;step_width
1;0.6407205982324949;0.16485384092454114
2;0.5999320190346703;0.2821210061182869
3;0.5693405846363019;0.13256288239293
4;0.6390210740992522;0.26172671651937457
5;0.6951053704962611;0.12066621346023114
mean;0.6288239292997961;0.19238613188307274
standard_deviation;0.04245409924132154;0.06684468453853006
