index;step_length;step_width
1;0.6713120326308634;0.28721957851801494
2;0.6033310673011557;0.12066621346023114
3;0.6441196464989803;0.18184908225696805
4;0.7324949014276003;0.08157715839564922
5;0.6339225016995241;0.13256288239293
mean;0.6570360299116248;0.1607749830047587
standard_deviation;0.04355028518843499;0.07086506167629601
