index;step_length;step_width
1;0.7002039428959892;0.33820530251529574
2;0.6560163154316792;0.1342624065261727
3;0.5761386811692726;0.2685248130523454
4;0.650917743031951;0.1274643099932019
5;0.6883072739632903;0.2549286199864038
mean;0.6543167912984365;0.2246770904146839
standard_deviation;0.04332953359613178;0.08167199336937249
