index;step_length;step_width
1;0.5965329707681849;0.13596193065941536
2;0.6798096532970769;0.2141400407885792
3;0.6169272603670972;0.08837525492861999
4;0.6577158395649219;0.15465669612508498
5;0.7460910944935418;0.24133242692046228
mean;0.6594153636981644;0.16689326988443237
standard_deviation;0.052327682931137515;0.05485436284804675
