index;step_length;step_width
1;0.623725356900068;0.08837525492861999
2;0.6951053704962611;0.13766145479265807
3;0.5965329707681849;0.270224337185588
4;0.6594153636981646;0.08157715839564922
5;0.7036029911624745;0.14615907545887152
mean;0.6556764106050306;0.14479945615227735
standard_deviation;0.04094971570318423;0.06777160146793706
