index;step_length;step_width
1;0.6356220258327668;0.07647858599592114
2;0.5761386811692726;0.11726716519374576
3;0.623725356900068;0.1971447994561523
4;0.6951053704962611;0.34160435078178114
5;0.6424201223657376;0.09517335146159075
mean;0.6346023113528212;0.16553365057783823
standard_deviation;0.03810270946999669;0.09717117477365779
