index;step_length;step_width
1;0.6390210740992522;0.08157715839564922
2;0.7104010876954453;0.14615907545887152
3;0.6475186947654656;0.22093813732155
4;0.6917063222297757;0.07647858599592114
5;0.6152277362338545;0.14615907545887152
mean;0.6607749830047587;0.13426240652617266
standard_deviation;0.0350514234575031;0.05274551935083841
