index;step_length;step_width
1;0.5778382053025153;0.331407205982325
2;0.6203263086335826;0.13936097892590074
3;0.7019034670292318;0.2362338545207342
4;0.645819170632223;0.10197144799456152
5;0.7188987083616588;0.1937457511896669
mean;0.6529571719918423;0.20054384772263764
standard_deviation;0.05196654593117879;0.0798812501893572
