index;step_length;step_width
1;0.667912984364378;0.0866757307953773
2;0.5778382053025153;0.15465669612508498
3;0.6322229775662814;0.2515295717199184
4;0.6781101291638342;0.11386811692726037
5;0.6271244051665534;0.19884432358939497
mean;0.6366417403127124;0.1611148878314072
standard_deviation;0.035399092758531835;0.05901436958316982
