index;step_length;step_width
1;0.7188987083616588;0.13086335825968728
2;0.6373215499660095;0.2379333786539769
3;0.6968048946295038;0.10876954452753229
4;0.6322229775662814;0.1937457511896669
5;0.667912984364378;0.3484024473147519
mean;0.6706322229775663;0.20394289598912305
standard_deviation;0.033487095069341465;0.08547102702814834
