index;step_length;step_width
1;0.6917063222297757;0.1716519374575119
2;0.7324949014276003;0.31101291638341266
3;0.6373215499660095;0.13596193065941536
4;0.5897348742352142;0.22943575798776344
5;0.6339225016995241;0.08837525492861999
mean;0.6570360299116248;0.1872875594833447
standard_deviation;0.049695899068652793;0.07713218708146447
