index;step_length;step_width
1;0.6492182188987083;0.18864717878993884
2;0.7002039428959892;0.30761386811692726
3;0.6101291638341265;0.07477906186267845
4;0.5608429639700884;0.14106050305914344
5;0.5897348742352142;0.2583276682528892
mean;0.6220258327668253;0.19408565601631544
standard_deviation;0.04853621933298121;0.08257239050455006
