index;step_length;step_width
1;0.6407205982324949;0.2124405166553365
2;0.734194425560843;0.09857239972807615
3;0.6356220258327668;0.18524813052345343
4;0.7070020394289599;0.28721957851801494
5;0.6135282121006118;0.11216859279401768
mean;0.6662134602311353;0.17912984364377976
standard_deviation;0.04614450580977624;0.06899816815192095
