index;step_length;step_width
1;0.6390210740992522;0.09857239972807615
2;0.6832087015635623;0.17845003399048268
3;0.6339225016995241;0.2787219578518015
4;0.7171991842284161;0.09177430319510538
5;0.6373215499660095;0.16825288919102652
mean;0.6621346023113529;0.16315431679129846
standard_deviation;0.03293044553306016;0.0676487463564486
