index;step_length;step_width
1;0.6951053704962611;0.07477906186267845
2;0.5965329707681849;0.11216859279401768
3;0.6526172671651937;0.21753908905506458
4;0.6101291638341265;0.33650577838205303
5;0.6815091774303196;0.10537049626104691
mean;0.6471787899388171;0.16927260367097213
standard_deviation;0.038581818147281344;0.0965090308400415
