index;step_length;step_width
1;0.7188987083616588;0.2549286199864038
2;0.6390210740992522;0.09517335146159075
3;0.7188987083616588;0.15635622025832768
4;0.6441196464989803;0.2515295717199184
5;0.5982324949014276;0.12406526172671653
mean;0.6638341264445956;0.17641060503059142
standard_deviation;0.0476909608012804;0.0656500457131631
