index;step_length;step_width
1;0.6101291638341265;0.08497620666213461
2;0.5676410605030592;0.13256288239293
3;0.6373215499660095;0.23963290278721958
4;0.7104010876954453;0.10197144799456152
5;0.6203263086335826;0.18354860639021076
mean;0.6291638341264446;0.14853840924541128
standard_deviation;0.046672287065113435;0.05654692492673015
