index;step_length;step_width
1;0.6407205982324949;0.09687287559483344
2;0.7324949014276003;0.15295717199184228
3;0.6594153636981646;0.2566281441196465
4;0.5642420122365738;0.07647858599592114
5;0.6169272603670972;0.13256288239293
mean;0.6427600271923861;0.14309993201903468
standard_deviation;0.05507507180760418;0.06272510506813636
