index;step_length;step_width
1;0.6764106050305915;0.15465669612508498
2;0.6305234534330387;0.30761386811692726
3;0.6849082256968049;0.08837525492861999
4;0.7222977566281441;0.13256288239293
5;0.6747110808973488;0.22603670972127804
mean;0.6777702243371856;0.18184908225696805
standard_deviation;0.029247620345749768;0.07703926211915481
