index;step_length;step_width
1;0.5625424881033311;0.29571719918422845
2;0.6118286879673691;0.08497620666213461
3;0.6849082256968049;0.15805574439157036
4;0.7358939496940857;0.30931339225016996
5;0.6390210740992522;0.11556764106050306
mean;0.6468388851121685;0.1927260367097213
standard_deviation;0.05962012049981352;0.09269872068549433
