index;step_length;step_width
1;0.6203263086335826;0.33480625424881033
2;0.5829367777022434;0.1512576478585996
3;0.6424201223657376;0.29571719918422845
4;0.6934058463630184;0.1274643099932019
5;0.650917743031951;0.20054384772263767
mean;0.6380013596193066;0.22195785180149558
standard_deviation;0.03633326625849849;0.08069858872739963
