index;step_length;step_width
1;0.5897348742352142;0.0866757307953773
2;0.6713120326308634;0.14106050305914344
3;0.5880353501019715;0.23963290278721958
4;0.6560163154316792;0.11556764106050306
5;0.6050305914343984;0.1920462270564242
mean;0.6220258327668253;0.15499660095173354
standard_deviation;0.03484646194796545;0.05468560575577942
