index;step_length;step_width
1;0.5591434398368457;0.10367097212780423
2;0.6407205982324949;0.20394289598912305
3;0.5710401087695446;0.08837525492861999
4;0.6203263086335826;0.15975526852481306
5;0.552345343303875;0.2549286199864038
6;0.5880353501019715;0.11896668932698845
mean;0.5886018581463858;0.1549399501472921
standard_deviation;0.03218144671815949;0.05884393531369259
