index;step_length;step_width
1;0.5846363018354861;0.13596193065941536
2;0.5319510537049627;0.20904146838885113
3;0.5846363018354861;0.33310673011556763
4;0.6441196464989803;0.09687287559483344
5;0.5608429639700884;0.16145479265805576
6;0.6033310673011557;0.31441196464989807
mean;0.5849195558576932;0.2084749603444369
standard_deviation;0.03471104398813548;0.08820441108837065
