index;step_length;step_width
1;0.6798096532970769;0.07307953772943576
2;0.6407205982324949;0.13596193065941536
3;0.5914343983684569;0.22263766145479266
4;0.6305234534330387;0.08837525492861999
5;0.557443915703603;0.16825288919102652
mean;0.619986403806934;0.13766145479265807
standard_deviation;0.04206313646311688;0.054331636176566216
