index;step_length;step_width
1;0.540448674371176;0.09007477906186268
2;0.579537729435758;0.1733514615907546
3;0.5115567641060503;0.07138001359619307
4;0.552345343303875;0.1257647858599592
5;0.5115567641060503;0.23453433038749152
6;0.5744391570360299;0.09857239972807615
mean;0.5449807387264899;0.13227962837072288
standard_deviation;0.02699100215175978;0.055993381140348034
