index;step_length;step_width
1;0.579537729435758;0.17845003399048268
2;0.5251529571719918;0.27532290958531613
3;0.5625424881033311;0.11896668932698845
4;0.5999320190346703;0.20054384772263767
5;0.5217539089055064;0.08327668252889191
6;0.552345343303875;0.13596193065941536
mean;0.5568774076591888;0.16542034896895533
standard_deviation;0.027868510936435182;0.06225663087326649
