index;step_length;step_width
1;0.6084296397008838;0.1274643099932019
2;0.5251529571719918;0.21753908905506458
3;0.5846363018354861;0.07138001359619307
4;0.650917743031951;0.11216859279401768
5;0.5863358259687288;0.21923861318830729
6;0.5455472467709042;0.10027192386131883
mean;0.5835032857466577;0.14134375708135058
standard_deviation;0.040867185127739486;0.05700729101276517
