index;step_length;step_width
1;0.5999320190346703;0.09177430319510538
2;0.5540448674371177;0.16315431679129844
3;0.6135282121006118;0.3195105370496261
4;0.690006798096533;0.08327668252889191
5;0.6067301155676411;0.1291638341264446
mean;0.6128484024473149;0.15737593473827327
standard_deviation;0.04385430944576806;0.08591998001147146
