index;step_length;step_width
1;0.5914343983684569;0.07817811012916384
2;0.6747110808973488;0.13086335825968728
3;0.6203263086335826;0.24813052345343306
4;0.690006798096533;0.07138001359619307
5;0.6050305914343984;0.11216859279401768
mean;0.6363018354860639;0.128144119646499
standard_deviation;0.0390017646224162;0.06384060566465084
