index;step_length;step_width
1;0.6798096532970769;0.27702243371855884
2;0.6169272603670972;0.1342624065261727
3;0.6713120326308634;0.24133242692046228
4;0.6339225016995241;0.08837525492861999
5;0.6815091774303196;0.14106050305914344
mean;0.6566961250849762;0.17641060503059144
standard_deviation;0.026320136890014896;0.07087158280096947
