index;step_length;step_width
1;0.5982324949014276;0.28891910265125764
2;0.667912984364378;0.07138001359619307
3;0.6152277362338545;0.110469068660775
4;0.6781101291638342;0.20564242012236575
5;0.5863358259687288;0.07987763426240653
mean;0.6291638341264447;0.1512576478585996
standard_deviation;0.03710104390857869;0.08372291272900322
