index;step_length;step_width
1;0.5914343983684569;0.2549286199864038
2;0.6407205982324949;0.10367097212780423
3;0.5812372535690007;0.1971447994561523
4;0.645819170632223;0.07307953772943576
5;0.6883072739632903;0.11896668932698845
mean;0.6295037389530932;0.14955812372535693
standard_deviation;0.03906096587783661;0.06672012267019468
