index;step_length;step_width
1;0.5642420122365738;0.07817811012916384
2;0.6271244051665534;0.1291638341264446
3;0.5727396329027873;0.22603670972127804
4;0.5251529571719918;0.3467029231815092
5;0.5744391570360299;0.1342624065261727
6;0.5353501019714481;0.21753908905506458
mean;0.5665080444142306;0.18864717878993884
standard_deviation;0.032818373800045875;0.08747735394043787
