index;step_length;step_width
1;0.5285520054384772;0.3280081577158396
2;0.5744391570360299;0.07987763426240653
3;0.6526172671651937;0.13256288239293
4;0.5693405846363019;0.24813052345343306
5;0.5183548606390211;0.11896668932698845
6;0.5455472467709042;0.17845003399048268
mean;0.5648085202809879;0.1809993201903467
standard_deviation;0.04409674746299313;0.08420651873570226
