index;step_length;step_width
1;0.6135282121006118;0.3229095853161115
2;0.6815091774303196;0.07477906186267845
3;0.6373215499660095;0.1257647858599592
4;0.6866077498300476;0.23283480625424882
5;0.6407205982324949;0.08497620666213461
mean;0.6519374575118968;0.16825288919102652
standard_deviation;0.0278970557833898;0.09546425387650284
