index;step_length;step_width
1;0.650917743031951;0.20734194425560845
2;0.712100611828688;0.10367097212780423
3;0.6696125084976207;0.1733514615907546
4;0.6033310673011557;0.33820530251529574
5;0.6390210740992522;0.08157715839564922
mean;0.6549966009517335;0.18082936777702244
standard_deviation;0.03582087301886532;0.09091802869998226
