index;step_length;step_width
1;0.6135282121006118;0.33310673011556763
2;0.5778382053025153;0.12236573759347383
3;0.6305234534330387;0.22433718558803536
4;0.6798096532970769;0.07477906186267845
5;0.6390210740992522;0.1342624065261727
mean;0.628144119646499;0.17777022433718562
standard_deviation;0.033279442622159955;0.09150702576025102
