index;step_length;step_width
1;0.6492182188987083;0.1750509857239973
2;0.6815091774303196;0.2821210061182869
3;0.6288239292997961;0.13086335825968728
4;0.6968048946295038;0.1971447994561523
5;0.6322229775662814;0.30761386811692726
mean;0.6577158395649219;0.2185588035350102
standard_deviation;0.027021899271722365;0.06635199925899704
