index;step_length;step_width
1;0.773283480625425;0.08837525492861999
2;0.8514615907545887;0.16485384092454114
3;0.9177430319510538;0.2974167233174711
4;0.8072739632902788;0.13256288239293
mean;0.8374405166553367;0.17080217539089057
standard_deviation;0.05401673512853648;0.0779792715653546
