index;step_length;step_width
1;0.888851121685928;0.14445955132562882
2;0.7698844323589396;0.22603670972127804
3;0.8276682528891911;0.110469068660775
4;0.7104010876954453;0.1750509857239973
mean;0.7992012236573759;0.1640040788579198
standard_deviation;0.06631819955470036;0.04247960486046903
