index;step_length;step_width
1;0.7256968048946295;0.1274643099932019
2;0.7851801495581238;0.20054384772263767
3;0.8956492182188988;0.32460910944935417
4;0.7647858599592114;0.16145479265805576
mean;0.7928280081577159;0.20351801495581237
standard_deviation;0.0630944758016539;0.07454089405317234
