index;step_length;step_width
1;0.7868796736913665;0.24133242692046228
2;0.7443915703602991;0.07647858599592114
3;0.7902787219578519;0.11726716519374576
4;0.6866077498300476;0.23113528212100612
mean;0.7520394289598913;0.16655336505778381
standard_deviation;0.04188042668372405;0.07124838142846562
