index;step_length;step_width
1;0.8072739632902788;0.3450033990482665
2;0.6883072739632903;0.1257647858599592
3;0.739292997960571;0.23453433038749152
4;0.7885791978246092;0.09007477906186268
mean;0.7558633582596873;0.19884432358939497
standard_deviation;0.04623791148493197;0.09975931607588728
