index;step_length;step_width
1;0.8242692046227057;0.13086335825968728
2;0.7426920462270564;0.1954452753229096
3;0.8514615907545887;0.07477906186267845
4;0.7307953772943576;0.1257647858599592
mean;0.7873045547246771;0.13171312032630864
standard_deviation;0.05163834249501238;0.042835088922938684
