index;step_length;step_width
1;0.8191706322229776;0.08837525492861999
2;0.7630863358259687;0.16145479265805576
3;0.871855880353501;0.2532290958531611
4;0.7596872875594833;0.1070700203942896
mean;0.8034500339904826;0.1525322909585316
standard_deviation;0.04601875468254309;0.06403592911320335
