index;step_length;step_width
1;0.7851801495581238;0.16825288919102652
2;0.6883072739632903;0.07647858599592114
3;0.7868796736913665;0.12066621346023114
4;0.8531611148878314;0.1903467029231815
mean;0.778382053025153;0.1389360978925901
standard_deviation;0.058787323441291575;0.043980831140230416
