index;step_length;step_width
1;0.7885791978246092;0.26002719238613187
2;0.7307953772943576;0.110469068660775
3;0.8259687287559484;0.17845003399048268
4;0.778382053025153;0.27532290958531613
mean;0.780931339225017;0.20606730115567642
standard_deviation;0.033937330978443;0.06635085655510613
