index;step_length;step_width
1;0.8310673011556764;0.09007477906186268
2;0.7358939496940857;0.15465669612508498
3;0.7868796736913665;0.26002719238613187
4;0.8701563562202583;0.09177430319510538
mean;0.8059993201903467;0.14913324269204623
standard_deviation;0.05006209343526671;0.06911209496743818
