index;step_length;step_width
1;0.7800815771583957;0.27532290958531613
2;0.8344663494221618;0.10197144799456152
3;0.7477906186267845;0.20394289598912305
4;0.6917063222297757;0.07817811012916384
mean;0.7635112168592795;0.16485384092454114
standard_deviation;0.05175009125354369;0.07936977857808034
