index;step_length;step_width
1;0.7715839564921823;0.07138001359619307
2;0.7070020394289599;0.1342624065261727
3;0.7681849082256968;0.21923861318830729
4;0.6849082256968049;0.1070700203942896
mean;0.7329197824609109;0.13298776342624066
standard_deviation;0.0378000874189129;0.05456207025650413
