index;step_length;step_width
1;0.7800815771583957;0.13596193065941536
2;0.8395649218218899;0.2668252889191027
3;0.7851801495581238;0.110469068660775
4;0.7205982324949014;0.21753908905506458
mean;0.7813562202583276;0.1826988443235894
standard_deviation;0.042118977804246845;0.06263501601417533
