index;step_length;step_width
1;0.8055744391570361;0.13766145479265807
2;0.8633582596872876;0.24473147518694766
3;0.7800815771583957;0.0866757307953773
4;0.844663494221618;0.1495581237253569
mean;0.8234194425560843;0.15465669612508498
standard_deviation;0.03256928602436576;0.05711766613462291
