index;step_length;step_width
1;0.6815091774303196;0.18184908225696805
2;0.7460910944935418;0.33480625424881033
3;0.8378653976886472;0.16145479265805576
4;0.7715839564921823;0.3212100611828688
mean;0.7592624065261726;0.24983004758667576
standard_deviation;0.05601182667246727;0.07865694402043599
