index;step_length;step_width
1;0.739292997960571;0.15465669612508498
2;0.6662134602311353;0.2821210061182869
3;0.6169272603670972;0.10367097212780423
4;0.6798096532970769;0.18354860639021076
5;0.6186267845003399;0.07647858599592114
mean;0.6641740312712441;0.1600951733514616
standard_deviation;0.04516259547981701;0.07161755173558591
