index;step_length;step_width
1;0.7290958531611149;0.3042148198504419
2;0.6594153636981646;0.13256288239293
3;0.6118286879673691;0.23283480625424882
4;0.6798096532970769;0.08837525492861999
5;0.6152277362338545;0.13256288239293
mean;0.6590754588715161;0.17811012916383412
standard_deviation;0.043560895563836306;0.07886524497729548
