index;step_length;step_width
1;0.7290958531611149;0.2821210061182869
2;0.7970768184908226;0.11896668932698845
3;0.7273963290278722;0.20564242012236575
4;0.650917743031951;0.31271244051665537
mean;0.7261216859279402;0.22986063902107412
standard_deviation;0.051722176698884445;0.0749659209000643
