index;step_length;step_width
1;0.7409925220938137;0.12406526172671653
2;0.6492182188987083;0.24133242692046228
3;0.6067301155676411;0.11386811692726037
4;0.6492182188987083;0.2124405166553365
5;0.6849082256968049;0.10367097212780423
mean;0.6662134602311353;0.15907545887151597
standard_deviation;0.044849408239417354;0.056485596404734155
