index;step_length;step_width
1;0.6084296397008838;0.29231815091774305
2;0.6390210740992522;0.1342624065261727
3;0.5982324949014276;0.2583276682528892
4;0.6475186947654656;0.0866757307953773
5;0.7002039428959892;0.1342624065261727
mean;0.6386811692726037;0.181169272603671
standard_deviation;0.035817647511405835;0.0795449920278306
