index;step_length;step_width
1;0.6118286879673691;0.3212100611828688
2;0.6849082256968049;0.14785859959211423
3;0.6118286879673691;0.2668252889191027
4;0.6985044187627465;0.110469068660775
5;0.7460910944935418;0.18694765465669613
mean;0.6706322229775663;0.20666213460231136
standard_deviation;0.05213524009992204;0.07725342064362606
