index;step_length;step_width
1;0.6968048946295038;0.20054384772263767
2;0.6356220258327668;0.3025152957171992
3;0.7053025152957172;0.08157715839564922
4;0.6118286879673691;0.14615907545887152
5;0.66281441196465;0.07138001359619307
mean;0.6624745071380014;0.16043507817811015
standard_deviation;0.03549361653897109;0.08502785649900514
