index;step_length;step_width
1;0.6934058463630184;0.3433038749150238
2;0.6339225016995241;0.06968048946295037
3;0.6815091774303196;0.11556764106050306
4;0.6067301155676411;0.2158395649218219
5;0.6424201223657376;0.0866757307953773
mean;0.6515975526852481;0.16621346023113528
standard_deviation;0.03178791683409433;0.10201336097617218
