index;step_length;step_width
1;0.6747110808973488;0.1342624065261727
2;0.601631543167913;0.22433718558803536
3;0.6424201223657376;0.07817811012916384
4;0.6917063222297757;0.14276002719238615
5;0.5999320190346703;0.22093813732155
mean;0.6420802175390891;0.1600951733514616
standard_deviation;0.03725642210712377;0.05569047814849815
