index;step_length;step_width
1;0.761386811692726;0.2158395649218219
2;0.6662134602311353;0.09857239972807615
3;0.6135282121006118;0.15635622025832768
4;0.6832087015635623;0.23453433038749152
5;0.6135282121006118;0.08497620666213461
mean;0.6675730795377295;0.15805574439157039
standard_deviation;0.054569282520909604;0.060116086932519776
