index;step_length;step_width
1;0.7154996600951734;0.09517335146159075
2;0.6084296397008838;0.16145479265805576
3;0.6883072739632903;0.27532290958531613
4;0.6169272603670972;0.11556764106050306
5;0.6917063222297757;0.1920462270564242
mean;0.6641740312712441;0.167912984364378
standard_deviation;0.043161221425832695;0.0635485685745149
