index;step_length;step_width
1;0.6118286879673691;0.12066621346023114
2;0.6526172671651937;0.1954452753229096
3;0.734194425560843;0.07817811012916384
4;0.6730115567641061;0.12236573759347383
5;0.6033310673011557;0.22773623385452074
mean;0.6549966009517335;0.14887831407205981
standard_deviation;0.04719171826460533;0.054560812975224415
