index;step_length;step_width
1;0.6645139360978927;0.3195105370496261
2;0.7409925220938137;0.1257647858599592
3;0.6645139360978927;0.24473147518694766
4;0.5965329707681849;0.10537049626104691
5;0.6543167912984365;0.20224337185588037
mean;0.664174031271244;0.19952413324269205
standard_deviation;0.04598649768942967;0.07842599544286195
