index;step_length;step_width
1;0.6951053704962611;0.13766145479265807
2;0.7834806254248811;0.270224337185588
3;0.7087015635622026;0.11556764106050306
4;0.7936777702243372;0.18184908225696805
mean;0.7452413324269205;0.1763256288239293
standard_deviation;0.043752432569191015;0.05923243917060116
