index;step_length;step_width
1;0.6322229775662814;0.12406526172671653
2;0.6764106050305915;0.1937457511896669
3;0.7205982324949014;0.09517335146159075
4;0.6186267845003399;0.1716519374575119
5;0.6798096532970769;0.3042148198504419
mean;0.6655336505778382;0.17777022433718562
standard_deviation;0.03650774053595527;0.07209348520481777
