index;step_length;step_width
1;0.6815091774303196;0.23963290278721958
2;0.6220258327668253;0.08327668252889191
3;0.66281441196465;0.1512576478585996
4;0.6067301155676411;0.28721957851801494
5;0.6781101291638342;0.11726716519374576
mean;0.650237933378654;0.17573079537729436
standard_deviation;0.030337338867008408;0.07625997912919187
