index;step_length;step_width
1;0.7070020394289599;0.14785859959211423
2;0.6203263086335826;0.23453433038749152
3;0.6696125084976207;0.11726716519374576
4;0.6220258327668253;0.22773623385452074
5;0.6849082256968049;0.07647858599592114
mean;0.6607749830047587;0.16077498300475868
standard_deviation;0.03445300540697091;0.06178979877213018
