index;step_length;step_width
1;0.7375934738273284;0.08497620666213461
2;0.6492182188987083;0.1512576478585996
3;0.6135282121006118;0.24643099932019036
4;0.6662134602311353;0.10027192386131883
5;0.601631543167913;0.18354860639021076
mean;0.6536369816451394;0.15329707681849084
standard_deviation;0.048040951037538436;0.05843397980202415
