index;step_length;step_width
1;0.6645139360978927;0.26342624065261727
2;0.6050305914343984;0.07647858599592114
3;0.6696125084976207;0.11896668932698845
4;0.7154996600951734;0.17845003399048268
5;0.6577158395649219;0.33990482664853844
mean;0.6624745071380014;0.1954452753229096
standard_deviation;0.03518302303230233;0.09568788756124574
