index;step_length;step_width
1;0.7222977566281441;0.1342624065261727
2;0.7715839564921823;0.24983004758667574
3;0.7324949014276003;0.10027192386131883
4;0.66281441196465;0.18524813052345343
mean;0.7222977566281441;0.16740312712440517
standard_deviation;0.03895952884550527;0.05638605141461283
