index;step_length;step_width
1;0.6866077498300476;0.27702243371855884
2;0.7256968048946295;0.10876954452753229
3;0.7885791978246092;0.20564242012236575
4;0.6798096532970769;0.0866757307953773
mean;0.7201733514615908;0.16952753229095854
standard_deviation;0.04320227452597624;0.07651044543741803
