index;step_length;step_width
1;0.6645139360978927;0.30591434398368456
2;0.6985044187627465;0.11386811692726037
3;0.6407205982324949;0.2124405166553365
4;0.6747110808973488;0.33310673011556763
5;0.7477906186267845;0.10027192386131883
mean;0.6852481305234535;0.21312032630863356
standard_deviation;0.036361873882573295;0.09549208549189622
