index;step_length;step_width
1;0.5200543847722637;0.27362338545207343
2;0.4707681849082257;0.07307953772943576
3;0.5370496261046908;0.12236573759347383
4;0.4945615227736234;0.1954452753229096
5;0.5472467709041469;0.29401767505098575
6;0.47926580557443915;0.13086335825968728
7;0.4435757987763426;0.24643099932019036
mean;0.49893172768767596;0.19083228124696514
standard_deviation;0.03484003324201632;0.07816076612226618
