index;step_length;step_width
1;0.43337865397688646;0.09007477906186268
2;0.46227056424201224;0.17845003399048268
3;0.49796057104010877;0.0866757307953773
4;0.4554724677090415;0.13086335825968728
5;0.4894629503738953;0.22603670972127804
6;0.5166553365057784;0.07307953772943576
7;0.5744391570360299;0.110469068660775
mean;0.4899485286976789;0.12794988831698553
standard_deviation;0.0432123786708344;0.051594839114847024
