index;step_length;step_width
1;0.49796057104010877;0.2787219578518015
2;0.4282800815771584;0.07987763426240653
3;0.46227056424201224;0.15465669612508498
4;0.49796057104010877;0.2821210061182869
5;0.5234534330387491;0.09007477906186268
6;0.5710401087695446;0.15975526852481306
mean;0.49682755495128034;0.17420122365737592
standard_deviation;0.04492948121209689;0.08076316785901164
