index;step_length;step_width
1;0.5591434398368457;0.13596193065941536
2;0.47926580557443915;0.21753908905506458
3;0.5370496261046908;0.33990482664853844
4;0.46057104010876954;0.1512576478585996
5;0.5030591434398368;0.2549286199864038
6;0.46736913664174035;0.110469068660775
7;0.5268524813052345;0.1733514615907546
mean;0.5047586675730795;0.19763037777993592
standard_deviation;0.034829880237796054;0.07373839005444754
