index;step_length;step_width
1;0.5268524813052345;0.14615907545887152
2;0.4724677090414684;0.2838205302515296
3;0.5387491502379333;0.07987763426240653
4;0.5047586675730795;0.13936097892590074
5;0.4537729435757988;0.22773623385452074
6;0.5098572399728076;0.07477906186267845
7;0.5710401087695446;0.11556764106050306
mean;0.5110711857822666;0.15247159366805868
standard_deviation;0.03669571648035172;0.07151119739258129
