index;step_length;step_width
1;0.5336505778382054;0.07307953772943576
2;0.4758667573079538;0.11726716519374576
3;0.4265805574439157;0.22093813732155
4;0.48436437797416726;0.07817811012916384
5;0.540448674371176;0.12236573759347383
6;0.46227056424201224;0.2379333786539769
7;0.5149558123725357;0.09857239972807615
mean;0.49116247450713807;0.13547635233563174
standard_deviation;0.03795905862133257;0.061925040401710874
