index;step_length;step_width
1;0.5370496261046908;0.21074099252209383
2;0.5064581917063222;0.3195105370496261
3;0.5336505778382054;0.12236573759347383
4;0.46227056424201224;0.22943575798776344
5;0.5200543847722637;0.07477906186267845
6;0.4435757987763426;0.1342624065261727
7;0.46906866077498305;0.26512576478586
mean;0.4960182577449744;0.19374575118966691
standard_deviation;0.03464491598437515;0.08041050954709364
