index;step_length;step_width
1;0.43507817811012917;0.21753908905506458
2;0.48266485384092456;0.07817811012916384
3;0.5183548606390211;0.1257647858599592
4;0.48436437797416726;0.23963290278721958
5;0.446974847042828;0.08497620666213461
6;0.5013596193065941;0.14785859959211423
7;0.5659415363698165;0.28891910265125764
mean;0.49067689618335436;0.16898125667670197
standard_deviation;0.04079580442580502;0.07497665819961984
