index;step_length;step_width
1;0.4741672331747111;0.2379333786539769
2;0.5098572399728076;0.10537049626104691
3;0.43847722637661457;0.16825288919102652
4;0.46566961250849764;0.07647858599592114
5;0.5251529571719918;0.13596193065941536
6;0.5608429639700884;0.20904146838885113
7;0.4928619986403807;0.09517335146159075
mean;0.4952898902592988;0.14688744294454695
standard_deviation;0.0377175912871806;0.0561677915545159
