index;step_length;step_width
1;0.43507817811012917;0.1733514615907546
2;0.49966009517335147;0.27702243371855884
3;0.5489462950373896;0.13596193065941536
4;0.48436437797416726;0.2532290958531611
5;0.5455472467709042;0.09177430319510538
6;0.48096532970768185;0.18014955812372535
7;0.43847722637661457;0.07477906186267845
mean;0.49043410702146256;0.1694668350004856
standard_deviation;0.042150324254534154;0.07054686036433978
