index;step_length;step_width
1;0.5727396329027873;0.21753908905506458
2;0.5268524813052345;0.09177430319510538
3;0.46397008837525494;0.16485384092454114
4;0.5098572399728076;0.2685248130523454
5;0.4775662814411965;0.11386811692726037
6;0.446974847042828;0.22263766145479266
7;0.5030591434398368;0.3433038749150238
mean;0.5001456734971351;0.20321452850344762
standard_deviation;0.03915459842792943;0.08136878728038617
