index;step_length;step_width
1;0.46736913664174035;0.07987763426240653
2;0.5166553365057784;0.14445955132562882
3;0.5727396329027873;0.28721957851801494
4;0.5166553365057784;0.1274643099932019
5;0.48606390210740996;0.2158395649218219
6;0.4401767505098573;0.3450033990482665
7;0.5013596193065941;0.0866757307953773
mean;0.5001456734971351;0.18379139555210258
standard_deviation;0.03907020042709808;0.09461428533574434
