index;step_length;step_width
1;0.4928619986403807;0.3008157715839565
2;0.5642420122365738;0.14445955132562882
3;0.5030591434398368;0.2668252889191027
4;0.5506458191706323;0.12236573759347383
5;0.5115567641060503;0.21753908905506458
6;0.45037389530931343;0.10027192386131883
7;0.4265805574439157;0.18694765465669613
mean;0.49990288433524327;0.19131785957074876
standard_deviation;0.04588650929368729;0.06932045129549548
