index;step_length;step_width
1;0.48606390210740996;0.08157715839564922
2;0.5438477226376615;0.13766145479265807
3;0.46397008837525494;0.24303195105370498
4;0.513256288239293;0.09687287559483344
5;0.44867437117607073;0.18524813052345343
6;0.5013596193065941;0.2974167233174711
7;0.4571719918422842;0.14106050305914344
mean;0.48776342624065266;0.16898125667670197
standard_deviation;0.03165210932841072;0.0725488791927746
