index;step_length;step_width
1;0.4945615227736234;0.1274643099932019
2;0.5421481985044188;0.23283480625424882
3;0.48606390210740996;0.09007477906186268
4;0.5098572399728076;0.13936097892590074
5;0.48266485384092456;0.27702243371855884
6;0.4316791298436438;0.13596193065941536
7;0.46736913664174035;0.20904146838885113
mean;0.4877634262406526;0.17310867242886277
standard_deviation;0.03180816011491174;0.062281927192058585
