index;step_length;step_width
1;0.5030591434398368;0.33480625424881033
2;0.4571719918422842;0.1070700203942896
3;0.48436437797416726;0.19884432358939497
4;0.43847722637661457;0.31101291638341266
5;0.4741672331747111;0.10876954452753229
6;0.5064581917063222;0.1750509857239973
7;0.5557443915703604;0.331407205982325
mean;0.48849179372632806;0.2238516072642517
standard_deviation;0.035380637529274304;0.09362914641251392
