index;step_length;step_width
1;0.5285520054384772;0.07138001359619307
2;0.46736913664174035;0.14106050305914344
3;0.4435757987763426;0.27362338545207343
4;0.5081577158395649;0.08837525492861999
5;0.4724677090414684;0.16315431679129844
6;0.5149558123725357;0.29401767505098575
7;0.46397008837525494;0.09007477906186268
mean;0.4855783237836263;0.1602408468485967
standard_deviation;0.02916503228211179;0.0837619089835859
