index;step_length;step_width
1;0.49966009517335147;0.26342624065261727
2;0.4401767505098573;0.13086335825968728
3;0.46227056424201224;0.2583276682528892
4;0.424881033310673;0.1257647858599592
5;0.46227056424201224;0.24473147518694766
6;0.5149558123725357;0.10197144799456152
7;0.540448674371176;0.18184908225696805
mean;0.4778090706030883;0.1867048654948043
standard_deviation;0.03869574850432981;0.06371631392543038
