index;step_length;step_width
1;0.4452753229095853;0.1070700203942896
2;0.48606390210740996;0.18864717878993884
3;0.4435757987763426;0.08837525492861999
4;0.48436437797416726;0.16825288919102652
5;0.5319510537049627;0.29061862678450034
6;0.5744391570360299;0.09347382732834807
7;0.5166553365057784;0.18184908225696805
mean;0.49747499271632517;0.1597552685248131
standard_deviation;0.0437721320374359;0.06631567185454446
