index;step_length;step_width
1;0.4775662814411965;0.1342624065261727
2;0.5268524813052345;0.24813052345343306
3;0.48436437797416726;0.10537049626104691
4;0.5217539089055064;0.21074099252209383
5;0.4588715159755269;0.3501019714479946
6;0.5115567641060503;0.16825288919102652
7;0.4758667573079538;0.2685248130523454
mean;0.49383315528794797;0.2121977274934447
standard_deviation;0.024152335855969466;0.07828585839362981
