index;step_length;step_width
1;0.4435757987763426;0.11896668932698845
2;0.46736913664174035;0.21923861318830729
3;0.4945615227736234;0.09177430319510538
4;0.5200543847722637;0.13936097892590074
5;0.48436437797416726;0.24643099932019036
6;0.557443915703603;0.09517335146159075
7;0.48096532970768185;0.18014955812372535
mean;0.49261920947848886;0.15587064193454406
standard_deviation;0.034237576328494945;0.056357426032718864
