index;step_length;step_width
1;0.48096532970768185;0.33990482664853844
2;0.4299796057104011;0.15635622025832768
3;0.4775662814411965;0.07477906186267845
4;0.43677770224337187;0.1274643099932019
5;0.46566961250849764;0.24643099932019036
6;0.4894629503738953;0.11726716519374576
7;0.5268524813052345;0.20564242012236575
mean;0.47246770904146845;0.1811207147712926
standard_deviation;0.03040201193065655;0.0836295012754043
