index;step_length;step_width
1;0.4758667573079538;0.09517335146159075
2;0.4282800815771584;0.18864717878993884
3;0.46057104010876954;0.3008157715839565
4;0.5200543847722637;0.11896668932698845
5;0.5608429639700884;0.22433718558803536
6;0.5098572399728076;0.10367097212780423
7;0.4588715159755269;0.20564242012236575
mean;0.4877634262406526;0.17675050985723997
standard_deviation;0.04161975631361557;0.06965976047559211
