index;step_length;step_width
1;0.49796057104010877;0.20224337185588037
2;0.45037389530931343;0.07138001359619307
3;0.4962610469068661;0.12406526172671653
4;0.5336505778382054;0.18694765465669613
5;0.4588715159755269;0.3178110129163834
6;0.43677770224337187;0.15465669612508498
7;0.491162474507138;0.23963290278721958
mean;0.4807225405457901;0.18524813052345343
standard_deviation;0.03111871413035276;0.07413065222780563
