index;step_length;step_width
1;0.48606390210740996;0.07307953772943576
2;0.44867437117607073;0.11726716519374576
3;0.48096532970768185;0.20904146838885113
4;0.43847722637661457;0.3297076818490823
5;0.48266485384092456;0.14785859959211423
6;0.5387491502379333;0.29571719918422845
7;0.5047586675730795;0.13936097892590074
mean;0.4829076430028163;0.18743323298047976
standard_deviation;0.031065629895548806;0.08808396147108369
