index;step_length;step_width
1;0.4554724677090415;0.2566281441196465
2;0.491162474507138;0.10197144799456152
3;0.43507817811012917;0.16825288919102652
4;0.4945615227736234;0.26002719238613187
5;0.5387491502379333;0.06968048946295037
6;0.4877634262406526;0.1257647858599592
7;0.5149558123725357;0.20904146838885113
mean;0.48824900456443626;0.17019520248616102
standard_deviation;0.03210146509777832;0.06947249702165932
