index;step_length;step_width
1;0.5200543847722637;0.09347382732834807
2;0.5676410605030592;0.1716519374575119
3;0.48606390210740996;0.2974167233174711
4;0.53025152957172;0.07647858599592114
5;0.4588715159755269;0.14785859959211423
6;0.49796057104010877;0.270224337185588
7;0.44867437117607073;0.09857239972807615
mean;0.5013596193065942;0.16509663008643294
standard_deviation;0.03855228911244444;0.08133618107299385
