index;step_length;step_width
1;0.4435757987763426;0.14106050305914344
2;0.4945615227736234;0.24643099932019036
3;0.5506458191706323;0.09687287559483344
4;0.48096532970768185;0.1495581237253569
5;0.4316791298436438;0.28891910265125764
6;0.4554724677090415;0.10027192386131883
7;0.5013596193065941;0.1954452753229096
mean;0.4797513838982228;0.17407982907643005
standard_deviation;0.037650329173507094;0.06759051428191878
