index;step_length;step_width
1;0.4435757987763426;0.12066621346023114
2;0.4758667573079538;0.21753908905506458
3;0.5285520054384772;0.08327668252889191
4;0.5693405846363019;0.1291638341264446
5;0.491162474507138;0.2583276682528892
6;0.4282800815771584;0.11216859279401768
7;0.4877634262406526;0.17675050985723997
mean;0.48922016121200357;0.1568417985821113
standard_deviation;0.04463756490020739;0.058385619424230005
