index;step_length;step_width
1;0.5166553365057784;0.07987763426240653
2;0.4741672331747111;0.12406526172671653
3;0.4265805574439157;0.2141400407885792
4;0.46057104010876954;0.06968048946295037
5;0.5149558123725357;0.1257647858599592
6;0.5642420122365738;0.20224337185588037
7;0.5200543847722637;0.3484024473147519
mean;0.4967466252306497;0.16631057589589202
standard_deviation;0.04237349099902735;0.09021634935498991
