index;step_length;step_width
1;0.5030591434398368;0.13766145479265807
2;0.5506458191706323;0.2685248130523454
3;0.49796057104010877;0.09007477906186268
4;0.4520734194425561;0.13596193065941536
5;0.491162474507138;0.22773623385452074
6;0.4265805574439157;0.09007477906186268
7;0.46566961250849764;0.16995241332426922
mean;0.48387879965038366;0.1599980576867049
standard_deviation;0.03723154184074502;0.062473760612536615
