index;step_length;step_width
1;0.4520734194425561;0.1512576478585996
2;0.5149558123725357;0.28891910265125764
3;0.5625424881033311;0.10197144799456152
4;0.48606390210740996;0.15465669612508498
5;0.5319510537049627;0.2838205302515296
6;0.5591434398368457;0.11216859279401768
mean;0.5177883525946069;0.18213233627917516
standard_deviation;0.03925700462059917;0.07612791085353737
