index;step_length;step_width
1;0.49796057104010877;0.33650577838205303
2;0.4265805574439157;0.0866757307953773
3;0.4724677090414684;0.13596193065941536
4;0.53025152957172;0.24643099932019036
5;0.5710401087695446;0.09177430319510538
6;0.49796057104010877;0.18014955812372535
7;0.5591434398368457;0.2991162474507138
mean;0.5079149266776731;0.19665922113236864
standard_deviation;0.046564910536027404;0.09226179825551976
