index;step_length;step_width
1;0.5030591434398368;0.15295717199184228
2;0.4452753229095853;0.23453433038749152
3;0.48096532970768185;0.10027192386131883
4;0.5455472467709042;0.15975526852481306
5;0.4945615227736234;0.2515295717199184
6;0.5268524813052345;0.11556764106050306
7;0.5540448674371177;0.20734194425560845
mean;0.5071865591919977;0.17456540740021365
standard_deviation;0.03535730487209388;0.05382586985868545
