index;step_length;step_width
1;0.45037389530931343;0.22943575798776344
2;0.5013596193065941;0.09687287559483344
3;0.446974847042828;0.18524813052345343
4;0.48096532970768185;0.0866757307953773
5;0.5336505778382054;0.14785859959211423
6;0.491162474507138;0.24133242692046228
7;0.5268524813052345;0.10027192386131883
mean;0.4901913178595708;0.1553850636107604
standard_deviation;0.031388422868733064;0.05976263973784708
