index;step_length;step_width
1;0.47926580557443915;0.1512576478585996
2;0.5353501019714481;0.2991162474507138
3;0.46397008837525494;0.14445955132562882
4;0.5268524813052345;0.2379333786539769
5;0.4707681849082257;0.08327668252889191
6;0.4928619986403807;0.1342624065261727
7;0.5336505778382054;0.23453433038749152
mean;0.5003884626590269;0.18354860639021076
standard_deviation;0.028624420031445087;0.06965976047559211
