index;step_length;step_width
1;0.46227056424201224;0.3229095853161115
2;0.5030591434398368;0.15975526852481306
3;0.4588715159755269;0.3195105370496261
4;0.4316791298436438;0.14785859959211423
5;0.46906866077498305;0.29571719918422845
6;0.5336505778382054;0.09687287559483344
7;0.5676410605030592;0.1495581237253569
mean;0.4894629503738953;0.21316888414101196
standard_deviation;0.04420629960858907;0.08852387167933576
