index;step_length;step_width
1;0.5081577158395649;0.14106050305914344
2;0.46906866077498305;0.23453433038749152
3;0.49796057104010877;0.10027192386131883
4;0.4452753229095853;0.1512576478585996
5;0.4945615227736234;0.2379333786539769
6;0.5472467709041469;0.09857239972807615
7;0.5013596193065941;0.1903467029231815
mean;0.4948043119355153;0.16485384092454117
standard_deviation;0.029512618042192372;0.053666840401460435
