index;step_length;step_width
1;0.48606390210740996;0.33820530251529574
2;0.5149558123725357;0.16825288919102652
3;0.5421481985044188;0.06968048946295037
4;0.4928619986403807;0.11386811692726037
5;0.43507817811012917;0.20734194425560845
6;0.4741672331747111;0.33650577838205303
7;0.5353501019714481;0.1291638341264446
mean;0.4972322035544333;0.19471690783723414
standard_deviation;0.03448289944174225;0.09857598767994775
