index;step_length;step_width
1;0.8259687287559484;0.2974167233174711
2;0.7443915703602991;0.13256288239293
3;0.6424201223657376;0.23963290278721958
4;0.6798096532970769;0.07477906186267845
mean;0.7231475186947656;0.18609789259007478
standard_deviation;0.06967530779427149;0.0873438017014462
