index;step_length;step_width
1;0.756288239292998;0.10876954452753229
2;0.7070020394289599;0.1733514615907546
3;0.8038749150237934;0.33650577838205303
4;0.8514615907545887;0.07138001359619307
mean;0.779656696125085;0.17250169952413325
standard_deviation;0.05377557283219955;0.1014709846742215
