index;step_length;step_width
1;0.7307953772943576;0.10367097212780423
2;0.7766825288919103;0.1750509857239973
3;0.6798096532970769;0.27362338545207343
4;0.778382053025153;0.07477906186267845
mean;0.7414174031271245;0.15678110129163836
standard_deviation;0.04036817034869078;0.07669897055258866
