index;step_length;step_width
1;0.734194425560843;0.11726716519374576
2;0.6526172671651937;0.21753908905506458
3;0.7375934738273284;0.09347382732834807
4;0.8361658735554045;0.17845003399048268
mean;0.7401427600271924;0.15168252889191028
standard_deviation;0.06504427679557992;0.049056742762636746
