index;step_length;step_width
1;0.773283480625425;0.14785859959211423
2;0.7053025152957172;0.29061862678450034
3;0.667912984364378;0.110469068660775
4;0.7239972807613868;0.21923861318830729
mean;0.7176240652617267;0.1920462270564242
standard_deviation;0.037952603836829885;0.06903499664034636
