index;step_length;step_width
1;0.7273963290278722;0.17675050985723997
2;0.6747110808973488;0.3212100611828688
3;0.7664853840924541;0.10027192386131883
4;0.6764106050305915;0.15295717199184228
mean;0.7112508497620667;0.1877974167233175
standard_deviation;0.03827704156884843;0.08184668961950035
