index;step_length;step_width
1;0.7273963290278722;0.13766145479265807
2;0.8310673011556764;0.22773623385452074
3;0.7477906186267845;0.10197144799456152
4;0.8157715839564922;0.18014955812372535
mean;0.7805064581917064;0.1618796736913664
standard_deviation;0.043849287094177056;0.047027632373052713
