index;step_length;step_width
1;0.7426920462270564;0.07817811012916384
2;0.6832087015635623;0.14615907545887152
3;0.7443915703602991;0.27532290958531613
4;0.66281441196465;0.10537049626104691
mean;0.708276682528892;0.1512576478585996
standard_deviation;0.035999736443780156;0.07560495044029648
