index;step_length;step_width
1;0.773283480625425;0.08497620666213461
2;0.712100611828688;0.16995241332426922
3;0.8089734874235215;0.08327668252889191
4;0.7477906186267845;0.16145479265805576
mean;0.7605370496261048;0.12491502379333788
standard_deviation;0.03541581574468851;0.04090348928130096
