index;step_length;step_width
1;0.7273963290278722;0.33480625424881033
2;0.7885791978246092;0.110469068660775
3;0.8327668252889191;0.21074099252209383
4;0.7426920462270564;0.08157715839564922
mean;0.7728585995921141;0.1843983684568321
standard_deviation;0.0412703637666003;0.09918947595112808
