index;step_length;step_width
1;0.7205982324949014;0.33310673011556763
2;0.8038749150237934;0.12406526172671653
3;0.756288239292998;0.22943575798776344
4;0.6781101291638342;0.09857239972807615
mean;0.7397178789938818;0.19629503738953094
standard_deviation;0.04623791148493195;0.09298198889051856
