index;step_length;step_width
1;0.7019034670292318;0.2974167233174711
2;0.7596872875594833;0.10537049626104691
3;0.8293677770224338;0.1750509857239973
4;0.7443915703602991;0.3212100611828688
mean;0.7588375254928621;0.224762066621346
standard_deviation;0.04589501909038337;0.08846814883286007
