index;step_length;step_width
1;0.7087015635622026;0.3433038749150238
2;0.8123725356900068;0.1257647858599592
3;0.7070020394289599;0.2362338545207342
4;0.8089734874235215;0.09857239972807615
mean;0.7592624065261727;0.20096872875594834
standard_deviation;0.051428159101178664;0.09700974712988766
