index;step_length;step_width
1;0.7494901427600272;0.07477906186267845
2;0.849762066621346;0.1342624065261727
3;0.7273963290278722;0.2141400407885792
4;0.6730115567641061;0.10537049626104691
mean;0.749915023793338;0.1321380013596193
standard_deviation;0.06401337231478847;0.051805875239291616
