index;step_length;step_width
1;0.7579877634262406;0.21074099252209383
2;0.8429639700883753;0.09517335146159075
3;0.7596872875594833;0.16995241332426922
4;0.8174711080897349;0.32460910944935417
mean;0.7945275322909585;0.200118966689327
standard_deviation;0.03681539602725099;0.08296720161403971
