index;step_length;step_width
1;0.623725356900068;0.13086335825968728
2;0.6696125084976207;0.22093813732155
3;0.7443915703602991;0.09517335146159075
4;0.6968048946295038;0.18354860639021076
5;0.6101291638341265;0.08327668252889191
mean;0.6689326988443236;0.14276002719238615
standard_deviation;0.04893449136320302;0.05238285182672482
