index;step_length;step_width
1;0.6305234534330387;0.2821210061182869
2;0.5625424881033311;0.12066621346023114
3;0.6050305914343984;0.18354860639021076
4;0.690006798096533;0.2838205302515296
5;0.7358939496940857;0.11896668932698845
mean;0.6447994561522774;0.19782460910944938
standard_deviation;0.061471108931753386;0.07331708503065909
