index;step_length;step_width
1;0.6441196464989803;0.18014955812372535
2;0.7002039428959892;0.07307953772943576
3;0.6441196464989803;0.14106050305914344
4;0.5863358259687288;0.22603670972127804
5;0.6560163154316792;0.3467029231815092
mean;0.6461590754588716;0.19340584636301836
standard_deviation;0.03634598353794236;0.09160671558075599
