index;step_length;step_width
1;0.6254248810333107;0.09857239972807615
2;0.6798096532970769;0.16995241332426922
3;0.7171991842284161;0.31271244051665537
4;0.6271244051665534;0.07477906186267845
5;0.5863358259687288;0.1291638341264446
mean;0.6471787899388172;0.15703602991162474
standard_deviation;0.04592364538210107;0.08409880132803327
