index;step_length;step_width
1;0.6152277362338545;0.12236573759347383
2;0.6696125084976207;0.20564242012236575
3;0.7087015635622026;0.3178110129163834
4;0.6203263086335826;0.07647858599592114
5;0.552345343303875;0.1257647858599592
mean;0.6332426920462271;0.16961250849762066
standard_deviation;0.05301425745230894;0.08495852977256113
