index;step_length;step_width
1;0.6883072739632903;0.23283480625424882
2;0.5948334466349422;0.07477906186267845
3;0.6713120326308634;0.12406526172671653
4;0.6305234534330387;0.20904146838885113
5;0.6883072739632903;0.3161114887831407
mean;0.654656696125085;0.1913664174031271
standard_deviation;0.03661518153499724;0.0845167729650818
