index;step_length;step_width
1;0.5557443915703604;0.07307953772943576
2;0.5115567641060503;0.14106050305914344
3;0.5744391570360299;0.23963290278721958
4;0.6084296397008838;0.07138001359619307
5;0.6611148878314073;0.11556764106050306
6;0.5761386811692726;0.21923861318830729
mean;0.5812372535690007;0.14332653523680036
standard_deviation;0.04600240664097393;0.06573202384476841
