index;step_length;step_width
1;0.5591434398368457;0.18524813052345343
2;0.6033310673011557;0.33650577838205303
3;0.5336505778382054;0.1257647858599592
4;0.5659415363698165;0.23453433038749152
5;0.5268524813052345;0.07477906186267845
6;0.5829367777022434;0.13766145479265807
mean;0.5619759800589169;0.1824155903013823
standard_deviation;0.026486901716657515;0.08491764732015274
