index;step_length;step_width
1;0.5863358259687288;0.06968048946295037
2;0.5540448674371177;0.12066621346023114
3;0.5965329707681849;0.19884432358939497
4;0.5115567641060503;0.33310673011556763
5;0.5846363018354861;0.14276002719238615
6;0.6373215499660095;0.27192386131883073
mean;0.5784047133469296;0.1894969408565602
standard_deviation;0.038651461825097856;0.09016959253649165
