index;step_length;step_width
1;0.5217539089055064;0.1733514615907546
2;0.5931339225016995;0.2974167233174711
3;0.5489462950373896;0.12236573759347383
4;0.5948334466349422;0.2124405166553365
5;0.6322229775662814;0.07987763426240653
6;0.5761386811692726;0.12406526172671653
mean;0.5778382053025153;0.16825288919102652
standard_deviation;0.03526939138063308;0.07133278897071528
