index;step_length;step_width
1;0.667912984364378;0.12236573759347383
2;0.5693405846363019;0.23283480625424882
3;0.601631543167913;0.07987763426240653
4;0.6662134602311353;0.15805574439157036
5;0.6186267845003399;0.2583276682528892
mean;0.6247450713800136;0.17029231815091775
standard_deviation;0.03801163442269003;0.06675820789938645
