index;step_length;step_width
1;0.513256288239293;0.10876954452753229
2;0.5489462950373896;0.19884432358939497
3;0.5999320190346703;0.33310673011556763
4;0.5642420122365738;0.07987763426240653
5;0.6084296397008838;0.12236573759347383
6;0.5455472467709042;0.20904146838885113
mean;0.5633922501699524;0.1753342397462044
standard_deviation;0.03267258714563407;0.0845867842541811
