index;step_length;step_width
1;0.5778382053025153;0.07987763426240653
2;0.5319510537049627;0.13256288239293
3;0.5625424881033311;0.22263766145479266
4;0.6135282121006118;0.3450033990482665
5;0.5251529571719918;0.1733514615907546
6;0.5642420122365738;0.07138001359619307
mean;0.5625424881033311;0.17080217539089057
standard_deviation;0.02935473919789624;0.0936783190530918
