index;step_length;step_width
1;0.5200543847722637;0.3263086335825969
2;0.5710401087695446;0.08157715839564922
3;0.5268524813052345;0.14615907545887152
4;0.579537729435758;0.27702243371855884
5;0.6492182188987083;0.10876954452753229
6;0.5914343983684569;0.19884432358939497
mean;0.5730228869249944;0.1897801948787673
standard_deviation;0.04306672250854479;0.08804052653551965
