index;step_length;step_width
1;0.540448674371176;0.33820530251529574
2;0.6118286879673691;0.14276002719238615
3;0.6866077498300476;0.22263766145479266
4;0.6203263086335826;0.09177430319510538
5;0.6815091774303196;0.14615907545887152
mean;0.628144119646499;0.1883072739632903
standard_deviation;0.05344834524745633;0.0858109914171877
