index;step_length;step_width
1;0.6305234534330387;0.1920462270564242
2;0.6696125084976207;0.30931339225016996
3;0.6033310673011557;0.07307953772943576
4;0.6798096532970769;0.11216859279401768
5;0.6441196464989803;0.17675050985723997
mean;0.6454792658055746;0.1726716519374575
standard_deviation;0.02743349935279548;0.08079874481301703
