index;step_length;step_width
1;0.5965329707681849;0.22433718558803536
2;0.5387491502379333;0.07307953772943576
3;0.5897348742352142;0.11556764106050306
4;0.6560163154316792;0.1903467029231815
5;0.5642420122365738;0.3484024473147519
6;0.5217539089055064;0.13596193065941536
mean;0.5778382053025152;0.1812825742125538
standard_deviation;0.04370564586899143;0.08939166651230925
