index;step_length;step_width
1;0.6866077498300476;0.07817811012916384
2;0.6254248810333107;0.14445955132562882
3;0.6645139360978927;0.21923861318830729
4;0.579537729435758;0.07477906186267845
5;0.6526172671651937;0.13766145479265807
mean;0.6417403127124406;0.13086335825968728
standard_deviation;0.036838533225254995;0.05284399670535695
