index;step_length;step_width
1;0.5166553365057784;0.07307953772943576
2;0.5489462950373896;0.11216859279401768
3;0.5217539089055064;0.2158395649218219
4;0.5948334466349422;0.3467029231815092
5;0.6645139360978927;0.11386811692726037
6;0.6169272603670972;0.1750509857239973
mean;0.5772716972581011;0.17278495354634038
standard_deviation;0.053308978902604665;0.0905474105978192
