index;step_length;step_width
1;0.6866077498300476;0.33310673011556763
2;0.6322229775662814;0.1512576478585996
3;0.5540448674371177;0.2685248130523454
4;0.6118286879673691;0.08497620666213461
5;0.6781101291638342;0.1342624065261727
mean;0.63256288239293;0.19442556084296397
standard_deviation;0.04814665182767034;0.09185358008066793
