index;step_length;step_width
1;0.4146838885112169;0.14445955132562882
2;0.46566961250849764;0.24473147518694766
3;0.513256288239293;0.07647858599592114
4;0.4588715159755269;0.12236573759347383
5;0.4894629503738953;0.20054384772263767
6;0.43677770224337187;0.33820530251529574
7;0.46736913664174035;0.13256288239293
8;0.4078857919782461;0.2583276682528892
mean;0.4567471108089735;0.18970938137321552
standard_deviation;0.03357097944166044;0.08106631020591007
