index;step_length;step_width
1;0.4282800815771584;0.2124405166553365
2;0.4554724677090415;0.3450033990482665
3;0.4962610469068661;0.16655336505778381
4;0.4316791298436438;0.2787219578518015
5;0.4554724677090415;0.10027192386131883
6;0.3891910265125765;0.20054384772263767
7;0.4129843643779742;0.07138001359619307
8;0.446974847042828;0.11556764106050306
mean;0.4395394289598913;0.18631033310673012
standard_deviation;0.030018829761049526;0.08704541161748792
