index;step_length;step_width
1;0.4537729435757988;0.2515295717199184
2;0.4282800815771584;0.09857239972807615
3;0.4707681849082257;0.18524813052345343
4;0.4078857919782461;0.30931339225016996
5;0.4520734194425561;0.12406526172671653
6;0.4265805574439157;0.20054384772263767
7;0.48606390210740996;0.3450033990482665
8;0.4265805574439157;0.1495581237253569
mean;0.4440006798096533;0.20797926580557446
standard_deviation;0.024507202823622946;0.08211066437978579
