index;step_length;step_width
1;0.48096532970768185;0.11216859279401768
2;0.43677770224337187;0.2141400407885792
3;0.4724677090414684;0.3467029231815092
4;0.424881033310673;0.09687287559483344
5;0.4775662814411965;0.18694765465669613
6;0.4299796057104011;0.06968048946295037
7;0.39768864717878993;0.11386811692726037
8;0.41808293677770225;0.1971447994561523
mean;0.4423011556764106;0.16719068660774983
standard_deviation;0.02896367601487809;0.08369590188487121
