index;step_length;step_width
1;0.46736913664174035;0.08837525492861999
2;0.43677770224337187;0.1733514615907546
3;0.4775662814411965;0.2685248130523454
4;0.41638341264445955;0.12406526172671653
5;0.3891910265125765;0.22093813732155
6;0.42318150917743036;0.07138001359619307
7;0.4520734194425561;0.11556764106050306
8;0.5013596193065941;0.2158395649218219
mean;0.44548776342624063;0.15975526852481306
standard_deviation;0.034026976288103424;0.06617786360447837
