index;step_length;step_width
1;0.46566961250849764;0.1716519374575119
2;0.42318150917743036;0.31271244051665537
3;0.46906866077498305;0.110469068660775
4;0.40108769544527534;0.18694765465669613
5;0.43507817811012917;0.3450033990482665
6;0.46227056424201224;0.12066621346023114
7;0.48606390210740996;0.23963290278721958
8;0.44867437117607073;0.07647858599592114
mean;0.44888681169272604;0.19544527532290962
standard_deviation;0.02594819816344355;0.09060631619173079
