index;step_length;step_width
1;0.4758667573079538;0.1495581237253569
2;0.5115567641060503;0.07307953772943576
3;0.46736913664174035;0.11896668932698845
4;0.39938817131203264;0.22603670972127804
5;0.42148198504418766;0.34160435078178114
6;0.3823929299796057;0.14785859959211423
7;0.41638341264445955;0.2583276682528892
8;0.47926580557443915;0.09177430319510538
mean;0.44421312032630866;0.17590074779061865
standard_deviation;0.042462071393053004;0.0859772780956961
