index;step_length;step_width
1;0.41808293677770225;0.22433718558803536
2;0.4452753229095853;0.10197144799456152
3;0.49966009517335147;0.20394289598912305
4;0.4707681849082257;0.31101291638341266
5;0.5081577158395649;0.12066621346023114
6;0.46736913664174035;0.2141400407885792
7;0.4129843643779742;0.3467029231815092
8;0.4418762746431;0.07138001359619307
mean;0.45802175390890554;0.19926920462270564
standard_deviation;0.03267995330222537;0.09158034461679591
