index;step_length;step_width
1;0.46736913664174035;0.2379333786539769
2;0.49966009517335147;0.08497620666213461
3;0.4520734194425561;0.16655336505778381
4;0.39938817131203264;0.3008157715839565
5;0.4299796057104011;0.1257647858599592
6;0.3942895989123046;0.2379333786539769
7;0.4520734194425561;0.10367097212780423
8;0.4282800815771584;0.18014955812372535
mean;0.4403891910265126;0.17972467709041468
standard_deviation;0.03273997163249827;0.07007703936942365
