index;step_length;step_width
1;0.4537729435757988;0.20054384772263767
2;0.3925900747790619;0.34160435078178114
3;0.44867437117607073;0.11216859279401768
4;0.49966009517335147;0.1937457511896669
5;0.46397008837525494;0.3297076818490823
6;0.424881033310673;0.1342624065261727
7;0.48096532970768185;0.22433718558803536
8;0.43847722637661457;0.09177430319510538
mean;0.4503738953093134;0.2035180149558124
standard_deviation;0.031013405151078616;0.08743366213482197
