index;step_length;step_width
1;0.4112848402447315;0.3484024473147519
2;0.43337865397688646;0.16485384092454114
3;0.40448674371176074;0.3025152957171992
4;0.446974847042828;0.07138001359619307
5;0.48606390210740996;0.110469068660775
6;0.43847722637661457;0.18354860639021076
7;0.4146838885112169;0.34160435078178114
8;0.4588715159755269;0.07307953772943576
mean;0.43677770224337187;0.199481645139361
standard_deviation;0.025535314754107277;0.10883238719049224
