index;step_length;step_width
1;0.4588715159755269;0.09177430319510538
2;0.48436437797416726;0.14445955132562882
3;0.4571719918422842;0.23283480625424882
4;0.40108769544527534;0.3501019714479946
5;0.4520734194425561;0.12406526172671653
6;0.39938817131203264;0.2362338545207342
7;0.43677770224337187;0.07817811012916384
8;0.46057104010876954;0.12236573759347383
mean;0.44378823929299793;0.17250169952413325
standard_deviation;0.027944609996200586;0.08682140089780928
