index;step_length;step_width
1;0.4061862678450034;0.20734194425560845
2;0.4316791298436438;0.08157715839564922
3;0.4724677090414684;0.13596193065941536
4;0.5081577158395649;0.2515295717199184
5;0.4724677090414684;0.07138001359619307
6;0.49966009517335147;0.11556764106050306
7;0.46736913664174035;0.21753908905506458
8;0.40448674371176074;0.08837525492861999
mean;0.4578093133922502;0.14615907545887152
standard_deviation;0.037078630423151564;0.06527146284728592
