index;step_length;step_width
1;0.4282800815771584;0.3450033990482665
2;0.48096532970768185;0.13256288239293
3;0.41638341264445955;0.26342624065261727
4;0.45037389530931343;0.110469068660775
5;0.42318150917743036;0.18864717878993884
6;0.3891910265125765;0.3025152957171992
7;0.43677770224337187;0.10197144799456152
8;0.4095853161114888;0.18014955812372535
mean;0.4293422841604351;0.20309313392250172
standard_deviation;0.02591338937701249;0.08527733863193948
