index;step_length;step_width
1;0.46397008837525494;0.11556764106050306
2;0.40278721957851804;0.2124405166553365
3;0.42318150917743036;0.3229095853161115
4;0.44867437117607073;0.07817811012916384
5;0.4146838885112169;0.13936097892590074
6;0.4435757987763426;0.2685248130523454
7;0.4741672331747111;0.07138001359619307
8;0.4452753229095853;0.11386811692726037
mean;0.4395394289598913;0.16527872195785182
standard_deviation;0.02281634885125422;0.08654546101532029
