index;step_length;step_width
1;0.645819170632223;0.09857239972807615
2;0.6050305914343984;0.15465669612508498
3;0.6883072739632903;0.26002719238613187
4;0.6118286879673691;0.11556764106050306
5;0.5387491502379333;0.1937457511896669
mean;0.6179469748470428;0.1645139360978926
standard_deviation;0.04940443868163046;0.05799736603833503
