index;step_length;step_width
1;0.5897348742352142;0.33480625424881033
2;0.6696125084976207;0.09687287559483344
3;0.623725356900068;0.1733514615907546
4;0.557443915703603;0.08157715839564922
5;0.5880353501019715;0.1495581237253569
mean;0.6057104010876955;0.1672331747110809
standard_deviation;0.0382238053083323;0.09024201091532197
