index;step_length;step_width
1;0.6118286879673691;0.18184908225696805
2;0.53025152957172;0.3008157715839565
3;0.579537729435758;0.10027192386131883
4;0.5472467709041469;0.17675050985723997
5;0.5149558123725357;0.3161114887831407
6;0.5710401087695446;0.11896668932698845
mean;0.5591434398368457;0.19912757761160207
standard_deviation;0.032305863198239845;0.08268737521363952
