index;step_length;step_width
1;0.5982324949014276;0.07138001359619307
2;0.5438477226376615;0.13256288239293
3;0.513256288239293;0.19884432358939497
4;0.5608429639700884;0.3008157715839565
5;0.6271244051665534;0.10876954452753229
6;0.5948334466349422;0.20564242012236575
mean;0.5730228869249944;0.16966915930206208
standard_deviation;0.03788092347093803;0.07537804128478982
