index;step_length;step_width
1;0.6050305914343984;0.16315431679129844
2;0.6526172671651937;0.2583276682528892
3;0.5812372535690007;0.10537049626104691
4;0.650917743031951;0.20054384772263767
5;0.5965329707681849;0.31101291638341266
mean;0.6172671651937458;0.20768184908225695
standard_deviation;0.029188306513974843;0.07175454491598252
