index;step_length;step_width
1;0.6288239292997961;0.09857239972807615
2;0.66281441196465;0.16485384092454114
3;0.5863358259687288;0.07647858599592114
4;0.552345343303875;0.1342624065261727
5;0.6305234534330387;0.21753908905506458
mean;0.6121685927940177;0.13834126444595513
standard_deviation;0.03853687367722657;0.04980040723174694
