index;step_length;step_width
1;0.5744391570360299;0.2855200543847723
2;0.5251529571719918;0.10876954452753229
3;0.5744391570360299;0.20734194425560845
4;0.5251529571719918;0.07477906186267845
5;0.5778382053025153;0.11386811692726037
6;0.5285520054384772;0.18524813052345343
mean;0.5509290731928392;0.16258780874688422
standard_deviation;0.02469513768284283;0.07142496040097208
