index;step_length;step_width
1;0.6033310673011557;0.16485384092454114
2;0.5540448674371177;0.08157715839564922
3;0.5149558123725357;0.1291638341264446
4;0.5710401087695446;0.23283480625424882
5;0.6305234534330387;0.10537049626104691
6;0.5421481985044188;0.16145479265805576
mean;0.5693405846363019;0.14587582143666442
standard_deviation;0.03836811395467265;0.04868097603240496
