index;step_length;step_width
1;0.5897348742352142;0.14785859959211423
2;0.6356220258327668;0.22943575798776344
3;0.5421481985044188;0.10027192386131883
4;0.6067301155676411;0.15635622025832768
5;0.5387491502379333;0.26172671651937457
6;0.5914343983684569;0.12236573759347383
mean;0.5840697937910718;0.16966915930206214
standard_deviation;0.034324030046909405;0.05737764520013917
