index;step_length;step_width
1;0.6254248810333107;0.08497620666213461
2;0.5931339225016995;0.16825288919102652
3;0.6356220258327668;0.2566281441196465
4;0.5540448674371177;0.08497620666213461
5;0.6339225016995241;0.1495581237253569
mean;0.6084296397008837;0.14887831407205981
standard_deviation;0.031208372348437863;0.06348672434509163
