index;step_length;step_width
1;0.6390210740992522;0.07987763426240653
2;0.5778382053025153;0.14615907545887152
3;0.53025152957172;0.2549286199864038
4;0.5897348742352142;0.07647858599592114
5;0.5115567641060503;0.1274643099932019
6;0.5455472467709042;0.20904146838885113
mean;0.5656582823476093;0.14899161568094266
standard_deviation;0.042220054839390495;0.06498071991927355
