index;step_length;step_width
1;0.5540448674371177;0.2362338545207342
2;0.6373215499660095;0.08157715839564922
3;0.5812372535690007;0.15975526852481306
4;0.5336505778382054;0.270224337185588
5;0.5897348742352142;0.1257647858599592
6;0.5217539089055064;0.20394289598912305
mean;0.569623838658509;0.1795830500793111
standard_deviation;0.03862342831116098;0.0644376442184732
