index;step_length;step_width
1;0.5336505778382054;0.15295717199184228
2;0.5778382053025153;0.2515295717199184
3;0.5336505778382054;0.09517335146159075
4;0.5642420122365738;0.16995241332426922
5;0.6067301155676411;0.07307953772943576
6;0.6747110808973488;0.1274643099932019
mean;0.581803761613415;0.14502605937004306
standard_deviation;0.04867355885794378;0.05773103341487127
