index;step_length;step_width
1;0.5812372535690007;0.1257647858599592
2;0.6560163154316792;0.21074099252209383
3;0.5710401087695446;0.3229095853161115
4;0.6220258327668253;0.07987763426240653
5;0.5540448674371177;0.12066621346023114
6;0.5183548606390211;0.23283480625424882
mean;0.5837865397688647;0.18213233627917516
standard_deviation;0.04474786045439015;0.08227883344579055
