index;step_length;step_width
1;0.540448674371176;0.14785859959211423
2;0.6033310673011557;0.27532290958531613
3;0.5234534330387491;0.12236573759347383
4;0.552345343303875;0.24133242692046228
5;0.5115567641060503;0.10367097212780423
6;0.5880353501019715;0.20054384772263767
mean;0.5531951053704963;0.18184908225696805
standard_deviation;0.032936730931680196;0.06249074204911705
