index;step_length;step_width
1;0.4520734194425561;0.15465669612508498
2;0.5030591434398368;0.24473147518694766
3;0.4707681849082257;0.10027192386131883
4;0.43847722637661457;0.15635622025832768
5;0.5047586675730795;0.07477906186267845
6;0.5489462950373896;0.1257647858599592
7;0.49796057104010877;0.1954452753229096
mean;0.48800621540254446;0.15028649121103235
standard_deviation;0.034561444399872285;0.05321016813364174
