index;step_length;step_width
1;0.5659415363698165;0.18014955812372535
2;0.4928619986403807;0.31101291638341266
3;0.540448674371176;0.09347382732834807
4;0.4894629503738953;0.15465669612508498
5;0.4418762746431;0.2532290958531611
6;0.46906866077498305;0.07307953772943576
7;0.4435757987763426;0.11726716519374576
mean;0.49189084199281347;0.16898125667670197
standard_deviation;0.043432802826693026;0.08033276648585697
