index;step_length;step_width
1;0.513256288239293;0.1291638341264446
2;0.5642420122365738;0.24983004758667574
3;0.5081577158395649;0.10876954452753229
4;0.43507817811012917;0.2124405166553365
5;0.4928619986403807;0.3263086335825969
6;0.4401767505098573;0.07817811012916384
7;0.4894629503738953;0.14785859959211423
mean;0.4918908419928134;0.1789356123142663
standard_deviation;0.04116976899203151;0.08140355283945179
