index;step_length;step_width
1;0.5557443915703604;0.110469068660775
2;0.4758667573079538;0.2141400407885792
3;0.5115567641060503;0.10367097212780423
4;0.5557443915703604;0.19884432358939497
5;0.48096532970768185;0.07307953772943576
6;0.5149558123725357;0.10876954452753229
7;0.4435757987763426;0.1716519374575119
mean;0.505487035058755;0.1400893464115762
standard_deviation;0.038710978854234454;0.050152272592854125
