index;step_length;step_width
1;0.43507817811012917;0.3195105370496261
2;0.48606390210740996;0.12406526172671653
3;0.43337865397688646;0.24813052345343306
4;0.4894629503738953;0.08837525492861999
5;0.5608429639700884;0.15975526852481306
6;0.5013596193065941;0.30761386811692726
7;0.5489462950373896;0.13936097892590074
mean;0.49359036612605606;0.19811595610371954
standard_deviation;0.045935298791035334;0.08592198329404475
