index;step_length;step_width
1;0.4401767505098573;0.2991162474507138
2;0.48266485384092456;0.1274643099932019
3;0.4401767505098573;0.1903467029231815
4;0.5013596193065941;0.3467029231815092
5;0.5727396329027873;0.14445955132562882
6;0.5115567641060503;0.2532290958531611
7;0.4520734194425561;0.09517335146159075
mean;0.48582111294551816;0.20807031174128388
standard_deviation;0.044359380494149524;0.08713797388936587
