index;step_length;step_width
1;0.4316791298436438;0.31271244051665537
2;0.4877634262406526;0.10876954452753229
3;0.5166553365057784;0.1971447994561523
4;0.5625424881033311;0.31441196464989807
5;0.5115567641060503;0.10197144799456152
6;0.43677770224337187;0.1971447994561523
7;0.4724677090414684;0.07307953772943576
mean;0.4884917937263281;0.18646207633291254
standard_deviation;0.04304152676321499;0.09147127992593448
