index;step_length;step_width
1;0.4877634262406526;0.31441196464989807
2;0.552345343303875;0.07307953772943576
3;0.48096532970768185;0.1291638341264446
4;0.5353501019714481;0.21074099252209383
5;0.5030591434398368;0.3212100611828688
6;0.5455472467709042;0.11216859279401768
7;0.48606390210740996;0.1937457511896669
mean;0.5130134990774012;0.1935029620277751
standard_deviation;0.028270084767425204;0.08982674025118777
