index;step_length;step_width
1;0.46227056424201224;0.12066621346023114
2;0.513256288239293;0.23963290278721958
3;0.4401767505098573;0.09687287559483344
4;0.5030591434398368;0.1716519374575119
5;0.5625424881033311;0.270224337185588
6;0.49796057104010877;0.1257647858599592
7;0.53025152957172;0.22093813732155
mean;0.5013596193065942;0.17796445566669902
standard_deviation;0.03780656824283137;0.06185837136520024
