index;step_length;step_width
1;0.4894629503738953;0.17845003399048268
2;0.5591434398368457;0.3195105370496261
3;0.5319510537049627;0.14785859959211423
4;0.4962610469068661;0.22603670972127804
5;0.43847722637661457;0.08157715839564922
6;0.48096532970768185;0.15975526852481306
7;0.5370496261046908;0.2787219578518015
mean;0.5047586675730795;0.198844323589395
standard_deviation;0.03780656824283137;0.07556946733013713
