index;step_length;step_width
1;0.5013596193065941;0.33480625424881033
2;0.4282800815771584;0.13766145479265807
3;0.48266485384092456;0.21074099252209383
4;0.4299796057104011;0.07307953772943576
5;0.4877634262406526;0.110469068660775
6;0.4452753229095853;0.17675050985723997
7;0.3942895989123046;0.27532290958531613
8;0.43337865397688646;0.10537049626104691
mean;0.4503738953093134;0.17802515295717197
standard_deviation;0.03428660945246772;0.0848560928798694
