index;step_length;step_width
1;0.46736913664174035;0.13256288239293
2;0.5013596193065941;0.24133242692046228
3;0.4316791298436438;0.08327668252889191
4;0.3874915023793338;0.13936097892590074
5;0.4418762746431;0.2532290958531611
6;0.4758667573079538;0.08157715839564922
7;0.4401767505098573;0.14106050305914344
8;0.4741672331747111;0.2532290958531611
mean;0.45249830047586675;0.1657036029911625
standard_deviation;0.032688238244252814;0.0682935962282055
