index;step_length;step_width
1;0.5047586675730795;0.1954452753229096
2;0.43507817811012917;0.3212100611828688
3;0.4707681849082257;0.13766145479265807
4;0.424881033310673;0.2158395649218219
5;0.3959891230455473;0.33650577838205303
6;0.4571719918422842;0.10876954452753229
7;0.3959891230455473;0.20564242012236575
8;0.4554724677090415;0.331407205982325
mean;0.44251359619306596;0.23156016315431682
standard_deviation;0.03491206368814434;0.08301940550559934
