index;step_length;step_width
1;0.4418762746431;0.09177430319510538
2;0.4945615227736234;0.18184908225696805
3;0.46566961250849764;0.27532290958531613
4;0.43847722637661457;0.08497620666213461
5;0.4061862678450034;0.14276002719238615
6;0.46397008837525494;0.23283480625424882
7;0.4282800815771584;0.07987763426240653
8;0.4588715159755269;0.13256288239293
mean;0.4497365737593474;0.15274473147518697
standard_deviation;0.025235751656151877;0.06746617147647763
