index;step_length;step_width
1;0.5030591434398368;0.18694765465669613
2;0.4571719918422842;0.33990482664853844
3;0.4146838885112169;0.07647858599592114
4;0.46227056424201224;0.1495581237253569
5;0.41808293677770225;0.26512576478586
6;0.44867437117607073;0.08837525492861999
7;0.41638341264445955;0.14615907545887152
8;0.46057104010876954;0.24813052345343306
mean;0.447612168592794;0.18758497620666215
standard_deviation;0.02846306551338823;0.0853151698896637
