index;step_length;step_width
1;0.46906866077498305;0.2549286199864038
2;0.4146838885112169;0.11726716519374576
3;0.4435757987763426;0.23113528212100612
4;0.5013596193065941;0.09177430319510538
5;0.46057104010876954;0.14106050305914344
6;0.42148198504418766;0.26172671651937457
7;0.4520734194425561;0.11386811692726037
8;0.4078857919782461;0.22773623385452074
mean;0.446337525492862;0.17993711760707004
standard_deviation;0.02933756616200858;0.06595072049743111
