index;step_length;step_width
1;0.3925900747790619;0.23283480625424882
2;0.41808293677770225;0.11386811692726037
3;0.46227056424201224;0.1920462270564242
4;0.41978246091094495;0.29571719918422845
5;0.446974847042828;0.10197144799456152
6;0.4877634262406526;0.17845003399048268
7;0.4554724677090415;0.07647858599592114
8;0.42318150917743036;0.14276002719238615
mean;0.4382647858599592;0.16676580557443915
standard_deviation;0.028418634096748746;0.06845959512923597
