index;step_length;step_width
1;0.4401767505098573;0.08327668252889191
2;0.4775662814411965;0.1342624065261727
3;0.4435757987763426;0.20224337185588037
4;0.4095853161114888;0.3212100611828688
5;0.43337865397688646;0.13596193065941536
6;0.3840924541128484;0.23283480625424882
7;0.43847722637661457;0.1070700203942896
8;0.4928619986403807;0.18014955812372535
mean;0.4399643099932019;0.17462610469068662
standard_deviation;0.03223990449509281;0.07219852765111502
