index;step_length;step_width
1;0.45037389530931343;0.11726716519374576
2;0.4894629503738953;0.22263766145479266
3;0.4265805574439157;0.1070700203942896
4;0.4724677090414684;0.1937457511896669
5;0.4095853161114888;0.29571719918422845
6;0.46397008837525494;0.13766145479265807
7;0.4078857919782461;0.24303195105370498
8;0.4452753229095853;0.11556764106050306
mean;0.445700203942896;0.1790873555404487
standard_deviation;0.027584564646718955;0.0657286289492684
