index;step_length;step_width
1;0.39938817131203264;0.1342624065261727
2;0.4452753229095853;0.22773623385452074
3;0.47926580557443915;0.07987763426240653
4;0.5115567641060503;0.12066621346023114
5;0.4401767505098573;0.21753908905506458
6;0.4707681849082257;0.3297076818490823
7;0.4146838885112169;0.13596193065941536
8;0.3857919782460911;0.22943575798776344
mean;0.4433633582596873;0.1843983684568321
standard_deviation;0.039960846109551404;0.0758004910897304
