index;step_length;step_width
1;0.6526172671651937;0.2838205302515296
2;0.5965329707681849;0.12236573759347383
3;0.6577158395649219;0.20224337185588037
4;0.7579877634262406;0.09687287559483344
5;0.6475186947654656;0.18354860639021076
mean;0.6624745071380014;0.17777022433718562
standard_deviation;0.05256339936927556;0.0655637555636105
