index;step_length;step_width
1;0.6271244051665534;0.3008157715839565
2;0.6951053704962611;0.09177430319510538
3;0.6322229775662814;0.15465669612508498
4;0.7053025152957172;0.2855200543847723
5;0.6152277362338545;0.09687287559483344
mean;0.6549966009517336;0.18592794017675052
standard_deviation;0.037460534521811154;0.09043384942262926
