index;step_length;step_width
1;0.5982324949014276;0.26172671651937457
2;0.6798096532970769;0.09007477906186268
3;0.7171991842284161;0.13766145479265807
4;0.6407205982324949;0.24133242692046228
5;0.6866077498300476;0.11896668932698845
mean;0.6645139360978927;0.16995241332426922
standard_deviation;0.041127079435089545;0.06861532711824048
