index;step_length;step_width
1;0.7426920462270564;0.3025152957171992
2;0.7953772943575799;0.09177430319510538
3;0.734194425560843;0.13766145479265807
4;0.6815091774303196;0.27362338545207343
mean;0.7384432358939497;0.20139360978925902
standard_deviation;0.040370406254995564;0.08877065367550148
