index;step_length;step_width
1;0.7358939496940857;0.1342624065261727
2;0.6594153636981646;0.21753908905506458
3;0.7154996600951734;0.07817811012916384
4;0.7953772943575799;0.13936097892590074
mean;0.7265465669612509;0.14233514615907547
standard_deviation;0.048615005915662125;0.0496129345412013
