index;step_length;step_width
1;0.7104010876954453;0.1971447994561523
2;0.7800815771583957;0.331407205982325
3;0.7205982324949014;0.15635622025832768
4;0.7579877634262406;0.26002719238613187
mean;0.7422671651937458;0.2362338545207342
standard_deviation;0.028116083032912475;0.06620513657641895
