index;step_length;step_width
1;0.6866077498300476;0.14445955132562882
2;0.6288239292997961;0.26172671651937457
3;0.667912984364378;0.10876954452753229
4;0.7545887151597553;0.19884432358939497
5;0.6441196464989803;0.06968048946295037
mean;0.6764106050305915;0.1566961250849762
standard_deviation;0.04380686232181826;0.06756671884623329
