index;step_length;step_width
1;0.712100611828688;0.08327668252889191
2;0.6186267845003399;0.15465669612508498
3;0.690006798096533;0.24133242692046228
4;0.6101291638341265;0.07477906186267845
5;0.6747110808973488;0.1291638341264446
mean;0.6611148878314073;0.13664174031271245
standard_deviation;0.04005977027487718;0.06002569108896165
