index;step_length;step_width
1;0.7460910944935418;0.22433718558803536
2;0.7019034670292318;0.08497620666213461
3;0.7800815771583957;0.16315431679129844
4;0.6968048946295038;0.28721957851801494
mean;0.7312202583276683;0.18992182188987083
standard_deviation;0.03410447828608167;0.07480199226637728
