index;step_length;step_width
1;0.7256968048946295;0.3501019714479946
2;0.6441196464989803;0.1495581237253569
3;0.6067301155676411;0.24133242692046228
4;0.6662134602311353;0.07307953772943576
5;0.7019034670292318;0.13936097892590074
mean;0.6689326988443236;0.19068660774983007
standard_deviation;0.04195587797201757;0.09605784972982426
