index;step_length;step_width
1;0.6985044187627465;0.11556764106050306
2;0.773283480625425;0.1903467029231815
3;0.6832087015635623;0.07647858599592114
4;0.7766825288919103;0.11386811692726037
mean;0.732919782460911;0.12406526172671653
standard_deviation;0.04242645085073583;0.041333740676462644
