index;step_length;step_width
1;0.7987763426240653;0.20224337185588037
2;0.690006798096533;0.3297076818490823
3;0.7579877634262406;0.11726716519374576
4;0.7002039428959892;0.21753908905506458
mean;0.736743711760707;0.21668932698844326
standard_deviation;0.04421213303646689;0.07560972574113436
