index;step_length;step_width
1;0.739292997960571;0.11726716519374576
2;0.66281441196465;0.18524813052345343
3;0.6033310673011557;0.3008157715839565
4;0.6696125084976207;0.12236573759347383
5;0.5965329707681849;0.24133242692046228
mean;0.6543167912984365;0.19340584636301836
standard_deviation;0.05189535275322693;0.07034798264598728
