index;step_length;step_width
1;0.6764106050305915;0.1971447994561523
2;0.6271244051665534;0.33310673011556763
3;0.6917063222297757;0.08327668252889191
4;0.6441196464989803;0.15975526852481306
5;0.739292997960571;0.24643099932019036
mean;0.6757307953772944;0.20394289598912305
standard_deviation;0.03913484150815566;0.08372291272900322
