index;step_length;step_width
1;0.6322229775662814;0.3008157715839565
2;0.6849082256968049;0.07817811012916384
3;0.6407205982324949;0.14106050305914344
4;0.7239972807613868;0.2515295717199184
5;0.6390210740992522;0.10197144799456152
mean;0.6641740312712441;0.17471108089734871
standard_deviation;0.03524863857425808;0.08665506745070461
