index;step_length;step_width
1;0.48436437797416726;0.08157715839564922
2;0.4588715159755269;0.15465669612508498
3;0.43337865397688646;0.2804214819850442
4;0.48266485384092456;0.12236573759347383
5;0.5472467709041469;0.20734194425560845
6;0.4724677090414684;0.33990482664853844
7;0.5251529571719918;0.07477906186267845
mean;0.48630669126930176;0.18014955812372538
standard_deviation;0.035827652220446184;0.09344512965848357
