index;step_length;step_width
1;0.46397008837525494;0.15805574439157036
2;0.5319510537049627;0.28891910265125764
3;0.4707681849082257;0.11556764106050306
4;0.5387491502379333;0.22773623385452074
5;0.49796057104010877;0.1070700203942896
6;0.53025152957172;0.18694765465669613
7;0.46227056424201224;0.09177430319510538
mean;0.49941730601145967;0.16801010002913472
standard_deviation;0.03165769581634865;0.06646128806169016
