index;step_length;step_width
1;0.4877634262406526;0.11896668932698845
2;0.5336505778382054;0.22093813732155
3;0.5727396329027873;0.10537049626104691
4;0.5047586675730795;0.1954452753229096
5;0.4537729435757988;0.08837525492861999
6;0.48096532970768185;0.15635622025832768
7;0.5268524813052345;0.2532290958531611
mean;0.5086432941633486;0.1626687384675148
standard_deviation;0.03643617447221665;0.057846014534127056
