index;step_length;step_width
1;0.5030591434398368;0.3467029231815092
2;0.43337865397688646;0.09517335146159075
3;0.4724677090414684;0.18864717878993884
4;0.43677770224337187;0.09347382732834807
5;0.49796057104010877;0.15465669612508498
6;0.53025152957172;0.27192386131883073
7;0.46736913664174035;0.12066621346023114
mean;0.47732349227930465;0.18160629309507628
standard_deviation;0.032922783301318696;0.08875463245165967
