index;step_length;step_width
1;0.48606390210740996;0.30591434398368456
2;0.4537729435757988;0.14276002719238615
3;0.48096532970768185;0.26342624065261727
4;0.5387491502379333;0.11896668932698845
5;0.4775662814411965;0.23283480625424882
6;0.5268524813052345;0.07817811012916384
7;0.5591434398368457;0.1512576478585996
mean;0.5033019326017287;0.18476255219966983
standard_deviation;0.035538561614575734;0.07723138123098586
