index;step_length;step_width
1;0.5761386811692726;0.1257647858599592
2;0.491162474507138;0.24133242692046228
3;0.424881033310673;0.11726716519374576
4;0.46057104010876954;0.20394289598912305
5;0.43677770224337187;0.3263086335825969
6;0.48096532970768185;0.16315431679129844
7;0.5370496261046908;0.28721957851801494
mean;0.4867922695930854;0.20928425755074292
standard_deviation;0.05011935193025293;0.07406064408405187
