index;step_length;step_width
1;0.540448674371176;0.10027192386131883
2;0.5710401087695446;0.16315431679129844
3;0.5268524813052345;0.2532290958531611
4;0.46057104010876954;0.10197144799456152
5;0.48266485384092456;0.16485384092454114
6;0.5081577158395649;0.07138001359619307
7;0.47926580557443915;0.11726716519374576
mean;0.5098572399728075;0.13887540060211714
standard_deviation;0.03600654131465624;0.05633545697687938
