index;step_length;step_width
1;0.4401767505098573;0.11896668932698845
2;0.49796057104010877;0.18524813052345343
3;0.46057104010876954;0.07138001359619307
4;0.5013596193065941;0.12066621346023114
5;0.5268524813052345;0.22773623385452074
6;0.4962610469068661;0.07138001359619307
7;0.5234534330387491;0.1070700203942896
mean;0.49237642031659706;0.12892104496455278
standard_deviation;0.02932024694464509;0.05372392579379849
