index;step_length;step_width
1;0.43847722637661457;0.27362338545207343
2;0.46227056424201224;0.12236573759347383
3;0.491162474507138;0.22433718558803536
4;0.53025152957172;0.09687287559483344
5;0.48266485384092456;0.15635622025832768
6;0.5387491502379333;0.30591434398368456
7;0.49966009517335147;0.09857239972807615
mean;0.4918908419928134;0.1825774497426435
standard_deviation;0.03282775233136717;0.07924676923700275
