index;step_length;step_width
1;0.4894629503738953;0.2583276682528892
2;0.4537729435757988;0.11556764106050306
3;0.4894629503738953;0.2158395649218219
4;0.5506458191706323;0.3450033990482665
5;0.5064581917063222;0.10197144799456152
6;0.4588715159755269;0.20054384772263767
7;0.5268524813052345;0.3212100611828688
mean;0.496503836068758;0.22263766145479266
standard_deviation;0.03227726450976367;0.086620966919069
