index;step_length;step_width
1;0.4282800815771584;0.23113528212100612
2;0.45037389530931343;0.09007477906186268
3;0.5081577158395649;0.16655336505778381
4;0.5540448674371177;0.33310673011556763
5;0.513256288239293;0.15975526852481306
6;0.4537729435757988;0.2804214819850442
7;0.5013596193065941;0.09517335146159075
mean;0.48703505875497716;0.1937457511896669
standard_deviation;0.040938601356430016;0.0850975146563168
