index;step_length;step_width
1;0.5217539089055064;0.12406526172671653
2;0.5540448674371177;0.21753908905506458
3;0.5234534330387491;0.08497620666213461
4;0.4554724677090415;0.15295717199184228
5;0.4928619986403807;0.2685248130523454
6;0.46566961250849764;0.08837525492861999
7;0.5319510537049627;0.14785859959211423
mean;0.5064581917063223;0.15489948528697678
standard_deviation;0.03356291240335062;0.06228192719205858
