index;step_length;step_width
1;0.46736913664174035;0.12406526172671653
2;0.43337865397688646;0.1954452753229096
3;0.491162474507138;0.30931339225016996
4;0.5183548606390211;0.09857239972807615
5;0.5710401087695446;0.16655336505778381
6;0.5115567641060503;0.3161114887831407
7;0.43677770224337187;0.07307953772943576
mean;0.48994852869767896;0.18330581722831893
standard_deviation;0.0453372600031954;0.09006528949771128
