index;step_length;step_width
1;0.49966009517335147;0.2515295717199184
2;0.4265805574439157;0.12406526172671653
3;0.48606390210740996;0.1920462270564242
4;0.43337865397688646;0.31271244051665537
5;0.4894629503738953;0.07307953772943576
6;0.5251529571719918;0.14785859959211423
7;0.48266485384092456;0.2549286199864038
mean;0.47756628144119645;0.19374575118966691
standard_deviation;0.032829547914704035;0.07815699517668441
