index;step_length;step_width
1;0.46227056424201224;0.3229095853161115
2;0.5285520054384772;0.15635622025832768
3;0.5591434398368457;0.29231815091774305
4;0.491162474507138;0.08327668252889191
5;0.44867437117607073;0.15805574439157036
6;0.4877634262406526;0.2566281441196465
7;0.5489462950373896;0.11726716519374576
mean;0.5037875109255123;0.19811595610371954
standard_deviation;0.03945006374446651;0.08530990680478548
