index;step_length;step_width
1;0.5166553365057784;0.13936097892590074
2;0.4435757987763426;0.23963290278721958
3;0.47926580557443915;0.0866757307953773
4;0.5115567641060503;0.13256288239293
5;0.4418762746431;0.20904146838885113
6;0.48606390210740996;0.32460910944935417
7;0.4452753229095853;0.11556764106050306
mean;0.47489560066038655;0.17820724482859088
standard_deviation;0.0297136640669748;0.07750718398116097
