index;step_length;step_width
1;0.46227056424201224;0.08157715839564922
2;0.4945615227736234;0.1274643099932019
3;0.4265805574439157;0.20564242012236575
4;0.4894629503738953;0.32460910944935417
5;0.5438477226376615;0.07307953772943576
6;0.4928619986403807;0.1342624065261727
7;0.5234534330387491;0.2566281441196465
mean;0.49043410702146256;0.17189472661940372
standard_deviation;0.03553192633415672;0.08697479084979809
