index;step_length;step_width
1;0.5353501019714481;0.08837525492861999
2;0.46227056424201224;0.15295717199184228
3;0.5098572399728076;0.07477906186267845
4;0.43847722637661457;0.13936097892590074
5;0.46397008837525494;0.21074099252209383
6;0.5098572399728076;0.3212100611828688
7;0.5489462950373896;0.1274643099932019
mean;0.49553267942119067;0.15926969020102946
standard_deviation;0.03818510877214239;0.07790695258439263
