index;step_length;step_width
1;0.46397008837525494;0.3229095853161115
2;0.4401767505098573;0.07307953772943576
3;0.4775662814411965;0.12406526172671653
4;0.5064581917063222;0.1937457511896669
5;0.47926580557443915;0.33310673011556763
6;0.5336505778382054;0.09687287559483344
7;0.46227056424201224;0.1750509857239973
mean;0.48047975138389826;0.18840438962804698
standard_deviation;0.028636773230623937;0.09640289077953766
