index;step_length;step_width
1;0.43507817811012917;0.07987763426240653
2;0.4894629503738953;0.13766145479265807
3;0.552345343303875;0.22773623385452074
4;0.49796057104010877;0.3433038749150238
5;0.5421481985044188;0.110469068660775
6;0.4945615227736234;0.1971447994561523
7;0.5693405846363019;0.09347382732834807
mean;0.5115567641060503;0.1699524133242692
standard_deviation;0.04267705871107479;0.08674473162141053
