index;step_length;step_width
1;0.491162474507138;0.14785859959211423
2;0.4520734194425561;0.29061862678450034
3;0.4282800815771584;0.09177430319510538
4;0.46906866077498305;0.18184908225696805
5;0.5268524813052345;0.27702243371855884
6;0.557443915703603;0.12066621346023114
7;0.4894629503738953;0.2362338545207342
mean;0.4877634262406526;0.19228901621831604
standard_deviation;0.04063655265619197;0.07180897349471295
