index;step_length;step_width
1;0.5030591434398368;0.3212100611828688
2;0.46736913664174035;0.11216859279401768
3;0.4265805574439157;0.2158395649218219
4;0.48606390210740996;0.3450033990482665
5;0.513256288239293;0.08837525492861999
6;0.5710401087695446;0.1750509857239973
7;0.53025152957172;0.2668252889191027
mean;0.49966009517335147;0.21778187821695644
standard_deviation;0.042754337287196055;0.0918211790776421
