index;step_length;step_width
1;0.557443915703603;0.08327668252889191
2;0.5183548606390211;0.1291638341264446
3;0.4741672331747111;0.2532290958531611
4;0.446974847042828;0.09347382732834807
5;0.5081577158395649;0.18184908225696805
6;0.46397008837525494;0.27532290958531613
7;0.5319510537049627;0.1257647858599592
mean;0.5001456734971351;0.1631543167912984
standard_deviation;0.03684160535378994;0.07054268240926435
