index;step_length;step_width
1;0.6050305914343984;0.11726716519374576
2;0.6526172671651937;0.22603670972127804
3;0.7358939496940857;0.3450033990482665
4;0.6645139360978927;0.15635622025832768
5;0.6985044187627465;0.3008157715839565
mean;0.6713120326308635;0.22909585316111492
standard_deviation;0.04404358680778573;0.0853045999909526
