index;step_length;step_width
1;0.6305234534330387;0.33990482664853844
2;0.712100611828688;0.13086335825968728
3;0.7698844323589396;0.22093813732155
4;0.6560163154316792;0.08497620666213461
5;0.5982324949014276;0.13256288239293
mean;0.6733514615907547;0.18184908225696805
standard_deviation;0.06098805755404789;0.09046833715238965
