index;step_length;step_width
1;0.7647858599592114;0.12406526172671653
2;0.6883072739632903;0.1937457511896669
3;0.761386811692726;0.29401767505098575
4;0.7970768184908226;0.14276002719238615
mean;0.7528891910265125;0.1886471787899388
standard_deviation;0.03980298582131329;0.06596474743397468
