index;step_length;step_width
1;0.6033310673011557;0.3467029231815092
2;0.6611148878314073;0.1257647858599592
3;0.6067301155676411;0.24133242692046228
4;0.6424201223657376;0.07817811012916384
5;0.7070020394289599;0.15295717199184228
mean;0.6441196464989802;0.18898708361658736
standard_deviation;0.038229850031278004;0.09506646420891009
