index;step_length;step_width
1;0.6730115567641061;0.2668252889191027
2;0.7205982324949014;0.0866757307953773
3;0.7936777702243372;0.1342624065261727
4;0.7443915703602991;0.23283480625424882
mean;0.7329197824609109;0.18014955812372538
standard_deviation;0.0434854892302403;0.07268322495018048
