index;step_length;step_width
1;0.5999320190346703;0.2685248130523454
2;0.6611148878314073;0.12236573759347383
3;0.7290958531611149;0.1954452753229096
4;0.6220258327668253;0.07477906186267845
5;0.6594153636981646;0.11896668932698845
mean;0.6543167912984365;0.15601631543167915
standard_deviation;0.0439648202705779;0.06828957821767584
