index;step_length;step_width
1;0.7324949014276003;0.33990482664853844
2;0.778382053025153;0.1512576478585996
3;0.7104010876954453;0.27362338545207343
4;0.7868796736913665;0.10197144799456152
mean;0.7520394289598913;0.21668932698844323
standard_deviation;0.03171559756376873;0.09469034106527535
