index;step_length;step_width
1;0.5965329707681849;0.2685248130523454
2;0.6475186947654656;0.07138001359619307
3;0.6033310673011557;0.1070700203942896
4;0.6645139360978927;0.1750509857239973
5;0.7239972807613868;0.26342624065261727
mean;0.6471787899388171;0.17709041468388853
standard_deviation;0.04623705254420653;0.07986967864687959
