index;step_length;step_width
1;0.6764106050305915;0.15635622025832768
2;0.7681849082256968;0.2804214819850442
3;0.6713120326308634;0.11896668932698845
4;0.7273963290278722;0.1954452753229096
mean;0.7108259687287559;0.18779741672331748
standard_deviation;0.03971899163209437;0.05992479677859953
