index;step_length;step_width
1;0.7919782460910946;0.07647858599592114
2;0.7070020394289599;0.12406526172671653
3;0.7936777702243372;0.22093813732155
4;0.6883072739632903;0.07307953772943576
mean;0.7452413324269205;0.12364038069340585
standard_deviation;0.048047263573171926;0.05968179724396077
