index;step_length;step_width
1;0.7868796736913665;0.11556764106050306
2;0.7409925220938137;0.22263766145479266
3;0.7902787219578519;0.33820530251529574
4;0.7239972807613868;0.1512576478585996
mean;0.7605370496261047;0.20691706322229778
standard_deviation;0.02870385070369571;0.08503885352203057
