index;step_length;step_width
1;0.6322229775662814;0.12236573759347383
2;0.6832087015635623;0.23453433038749152
3;0.6441196464989803;0.1070700203942896
4;0.5982324949014276;0.17675050985723997
5;0.6713120326308634;0.2838205302515296
mean;0.645819170632223;0.18490822569680493
standard_deviation;0.030000331969566613;0.06675820789938645
