index;step_length;step_width
1;0.7290958531611149;0.22433718558803536
2;0.6560163154316792;0.09007477906186268
3;0.7324949014276003;0.16825288919102652
4;0.7970768184908226;0.3263086335825969
mean;0.7286709721278042;0.20224337185588037
standard_deviation;0.0499321086963463;0.08604863725494105
