index;step_length;step_width
1;0.7239972807613868;0.13596193065941536
2;0.7681849082256968;0.21923861318830729
3;0.6985044187627465;0.08327668252889191
4;0.7953772943575799;0.14785859959211423
mean;0.7465159755268526;0.1465839564921822
standard_deviation;0.037646953127172936;0.04847927965667151
