index;step_length;step_width
1;0.650917743031951;0.11386811692726037
2;0.6084296397008838;0.18694765465669613
3;0.66281441196465;0.07307953772943576
4;0.6968048946295038;0.14106050305914344
5;0.5965329707681849;0.26342624065261727
mean;0.6430999320190347;0.15567641060503062
standard_deviation;0.03661833679214774;0.06537846459238152
