index;step_length;step_width
1;0.6662134602311353;0.1495581237253569
2;0.6067301155676411;0.27702243371855884
3;0.6696125084976207;0.11386811692726037
4;0.7171991842284161;0.22603670972127804
5;0.7545887151597553;0.08497620666213461
mean;0.6828687967369137;0.17029231815091775
standard_deviation;0.05014489083864047;0.07126175824718738
