index;step_length;step_width
1;0.6152277362338545;0.09177430319510538
2;0.6594153636981646;0.13936097892590074
3;0.7511896668932699;0.2668252889191027
4;0.690006798096533;0.10367097212780423
5;0.6135282121006118;0.17675050985723997
mean;0.6658735554044868;0.1556764106050306
standard_deviation;0.051396487209886633;0.06301179109227562
