index;step_length;step_width
1;0.6832087015635623;0.1971447994561523
2;0.6288239292997961;0.07138001359619307
3;0.712100611828688;0.13596193065941536
4;0.667912984364378;0.26512576478586
5;0.5999320190346703;0.1070700203942896
mean;0.6583956492182189;0.15533650577838207
standard_deviation;0.03970635444646442;0.06863721317997841
