index;step_length;step_width
1;0.6985044187627465;0.14445955132562882
2;0.7477906186267845;0.2583276682528892
3;0.7936777702243372;0.0866757307953773
4;0.7409925220938137;0.14276002719238615
mean;0.7452413324269205;0.15805574439157036
standard_deviation;0.03374529172614678;0.06238665820182751
