index;step_length;step_width
1;0.6798096532970769;0.1512576478585996
2;0.7477906186267845;0.24133242692046228
3;0.6611148878314073;0.1070700203942896
4;0.5659415363698165;0.2124405166553365
5;0.6441196464989803;0.3450033990482665
mean;0.6597552685248131;0.2114208021753909
standard_deviation;0.05865106784673865;0.08154599450063116
