index;step_length;step_width
1;0.6220258327668253;0.14276002719238615
2;0.6747110808973488;0.24133242692046228
3;0.6254248810333107;0.07477906186267845
4;0.7087015635622026;0.13936097892590074
5;0.7443915703602991;0.20734194425560845
mean;0.6750509857239974;0.1611148878314072
standard_deviation;0.047360343568734586;0.05802723951835024
