index;step_length;step_width
1;0.6815091774303196;0.3008157715839565
2;0.6101291638341265;0.1342624065261727
3;0.6866077498300476;0.22943575798776344
4;0.7817811012916384;0.09177430319510538
5;0.6934058463630184;0.1733514615907546
mean;0.69068660774983;0.18592794017675054
standard_deviation;0.05458198437525879;0.07319091002852922
