index;step_length;step_width
1;0.6543167912984365;0.2668252889191027
2;0.7019034670292318;0.10197144799456152
3;0.5999320190346703;0.1716519374575119
4;0.6577158395649219;0.3008157715839565
5;0.601631543167913;0.08497620666213461
mean;0.6430999320190346;0.18524813052345343
standard_deviation;0.038419771994411385;0.08623808145587708
