index;step_length;step_width
1;0.761386811692726;0.1512576478585996
2;0.6611148878314073;0.22943575798776344
3;0.7579877634262406;0.08497620666213461
4;0.800475866757308;0.14445955132562882
mean;0.7452413324269205;0.1525322909585316
standard_deviation;0.0513596642972861;0.051343844827766084
