index;step_length;step_width
1;0.7834806254248811;0.3042148198504419
2;0.6696125084976207;0.10027192386131883
3;0.7053025152957172;0.15975526852481306
4;0.7987763426240653;0.26002719238613187
mean;0.739292997960571;0.2060673011556764
standard_deviation;0.05362261238709552;0.0804395293229634
