index;step_length;step_width
1;0.6560163154316792;0.10537049626104691
2;0.6135282121006118;0.15805574439157036
3;0.7002039428959892;0.2804214819850442
4;0.5948334466349422;0.07817811012916384
5;0.6475186947654656;0.15295717199184228
mean;0.6424201223657375;0.15499660095173354
standard_deviation;0.03646657649780112;0.0694388208573796
