index;step_length;step_width
1;0.7579877634262406;0.1716519374575119
2;0.849762066621346;0.27532290958531613
3;0.7494901427600272;0.10027192386131883
4;0.8378653976886472;0.1971447994561523
mean;0.7987763426240653;0.18609789259007478
standard_deviation;0.04533303422280468;0.06256580603059132
