index;step_length;step_width
1;0.6645139360978927;0.1274643099932019
2;0.7256968048946295;0.22603670972127804
3;0.6781101291638342;0.3450033990482665
4;0.5965329707681849;0.110469068660775
5;0.6577158395649219;0.1971447994561523
mean;0.6645139360978926;0.20122365737593478
standard_deviation;0.04146281626642259;0.08364421732931623
