index;step_length;step_width
1;0.667912984364378;0.11216859279401768
2;0.7053025152957172;0.2124405166553365
3;0.6492182188987083;0.0866757307953773
4;0.6152277362338545;0.16995241332426922
5;0.6577158395649219;0.30931339225016996
mean;0.6590754588715161;0.17811012916383412
standard_deviation;0.029109033400416914;0.07895309430459523
