index;step_length;step_width
1;0.7817811012916384;0.10876954452753229
2;0.6849082256968049;0.2124405166553365
3;0.7511896668932699;0.09007477906186268
4;0.6866077498300476;0.1512576478585996
mean;0.7261216859279402;0.14063562202583277
standard_deviation;0.04179196884114975;0.047012275157401806
