index;step_length;step_width
1;0.6084296397008838;0.07477906186267845
2;0.6611148878314073;0.12236573759347383
3;0.6254248810333107;0.21753908905506458
4;0.6611148878314073;0.06968048946295037
5;0.6203263086335826;0.1342624065261727
mean;0.6352821210061184;0.12372535690006799
standard_deviation;0.021801655623146943;0.05334881782104285
