index;step_length;step_width
1;0.6849082256968049;0.11726716519374576
2;0.6288239292997961;0.1903467029231815
3;0.6849082256968049;0.3450033990482665
4;0.7222977566281441;0.16485384092454114
5;0.6781101291638342;0.08157715839564922
mean;0.6798096532970768;0.17980965329707682
standard_deviation;0.029865238118951424;0.09075777128881965
