index;step_length;step_width
1;0.601631543167913;0.331407205982325
2;0.6662134602311353;0.1257647858599592
3;0.7426920462270564;0.23283480625424882
4;0.6883072739632903;0.0866757307953773
5;0.6288239292997961;0.13596193065941536
mean;0.6655336505778383;0.18252889191026514
standard_deviation;0.04879262454545682;0.08862720973884747
