index;step_length;step_width
1;0.7647858599592114;0.1342624065261727
2;0.8038749150237934;0.26342624065261727
3;0.7426920462270564;0.10537049626104691
4;0.6696125084976207;0.15975526852481306
mean;0.7452413324269205;0.16570360299116246
standard_deviation;0.04885208141334063;0.05961067269644997
