index;step_length;step_width
1;0.7036029911624745;0.12066621346023114
2;0.761386811692726;0.1920462270564242
3;0.8072739632902788;0.33480625424881033
4;0.7630863358259687;0.07138001359619307
mean;0.758837525492862;0.17972467709041468
standard_deviation;0.03681539602725099;0.09928316121268264
