index;step_length;step_width
1;0.7409925220938137;0.1733514615907546
2;0.8514615907545887;0.27362338545207343
3;0.7936777702243372;0.09347382732834807
4;0.6917063222297757;0.16825288919102652
mean;0.7694595513256288;0.17717539089055065
standard_deviation;0.05951216889269724;0.06403592911320335
