index;step_length;step_width
1;0.8361658735554045;0.13766145479265807
2;0.7851801495581238;0.24813052345343306
3;0.8480625424881033;0.11726716519374576
4;0.8055744391570361;0.2158395649218219
mean;0.818745751189667;0.1797246770904147
standard_deviation;0.024814652872958576;0.05397661623821243
