index;step_length;step_width
1;0.7358939496940857;0.1903467029231815
2;0.6492182188987083;0.29061862678450034
3;0.7087015635622026;0.12406526172671653
4;0.7511896668932699;0.21753908905506458
mean;0.7112508497620667;0.20564242012236575
standard_deviation;0.038913164996109174;0.05968935869760688
