index;step_length;step_width
1;0.7868796736913665;0.0866757307953773
2;0.712100611828688;0.15635622025832768
3;0.778382053025153;0.24303195105370498
4;0.7019034670292318;0.11556764106050306
mean;0.7448164513936099;0.15040788579197825
standard_deviation;0.03810450980019622;0.05892841076677706
