index;step_length;step_width
1;0.7053025152957172;0.26512576478586
2;0.7834806254248811;0.11556764106050306
3;0.6798096532970769;0.21753908905506458
4;0.7443915703602991;0.331407205982325
mean;0.7282460910944936;0.23240992522093815
standard_deviation;0.039319290622907115;0.07865120611390308
