index;step_length;step_width
1;0.7205982324949014;0.31441196464989807
2;0.6730115567641061;0.08497620666213461
3;0.7154996600951734;0.14276002719238615
4;0.7902787219578519;0.26512576478586
mean;0.7248470428280083;0.2018184908225697
standard_deviation;0.04205249160998854;0.09195803768479667
