index;step_length;step_width
1;0.6560163154316792;0.30591434398368456
2;0.7307953772943576;0.09347382732834807
3;0.7953772943575799;0.16655336505778381
4;0.7528891910265126;0.3178110129163834
mean;0.7337695445275323;0.22093813732155
standard_deviation;0.0505358437817427;0.09461786763202108
