index;step_length;step_width
1;0.7205982324949014;0.3178110129163834
2;0.6560163154316792;0.12066621346023114
3;0.7036029911624745;0.24133242692046228
4;0.7579877634262406;0.07817811012916384
mean;0.709551325628824;0.1894969408565602
standard_deviation;0.03663844516877989;0.09523782049752737
