index;step_length;step_width
1;0.7104010876954453;0.15805574439157036
2;0.7919782460910946;0.3008157715839565
3;0.8514615907545887;0.13766145479265807
4;0.7664853840924541;0.2532290958531611
mean;0.7800815771583957;0.21244051665533653
standard_deviation;0.0506874347111038;0.06712582480670122
