index;step_length;step_width
1;0.6951053704962611;0.24133242692046228
2;0.6526172671651937;0.11556764106050306
3;0.7239972807613868;0.1920462270564242
4;0.6424201223657376;0.07307953772943576
5;0.6781101291638342;0.14785859959211423
mean;0.6784500339904826;0.15397688647178792
standard_deviation;0.029385553700273254;0.0585445979413593
