index;step_length;step_width
1;0.7460910944935418;0.18694765465669613
2;0.7070020394289599;0.28891910265125764
3;0.7596872875594833;0.13256288239293
4;0.8378653976886472;0.26342624065261727
mean;0.762661454792658;0.21796397008837526
standard_deviation;0.047531636982396507;0.06196129131238936
