index;step_length;step_width
1;0.7171991842284161;0.23963290278721958
2;0.8191706322229776;0.09007477906186268
3;0.7698844323589396;0.1495581237253569
4;0.6917063222297757;0.22943575798776344
mean;0.7494901427600272;0.17717539089055068
standard_deviation;0.04912477373485599;0.0611990947401664
