index;step_length;step_width
1;0.6968048946295038;0.26342624065261727
2;0.7749830047586675;0.07138001359619307
3;0.7104010876954453;0.13766145479265807
4;0.7868796736913665;0.23963290278721958
mean;0.7422671651937458;0.178025152957172
standard_deviation;0.03918822212371982;0.0776068207336273
