index;step_length;step_width
1;0.7154996600951734;0.2141400407885792
2;0.6441196464989803;0.07987763426240653
3;0.7154996600951734;0.12066621346023114
4;0.778382053025153;0.19884432358939497
mean;0.71337525492862;0.15338205302515295
standard_deviation;0.04751644266026849;0.05529822975919729
