index;step_length;step_width
1;0.5693405846363019;0.07817811012916384
2;0.6441196464989803;0.14785859959211423
3;0.6764106050305915;0.23453433038749152
4;0.6390210740992522;0.08837525492861999
5;0.6883072739632903;0.15805574439157036
mean;0.6434398368456832;0.14140040788579197
standard_deviation;0.041499024691114966;0.056217011259134246
