index;step_length;step_width
1;0.5710401087695446;0.3467029231815092
2;0.6390210740992522;0.16145479265805576
3;0.6883072739632903;0.2838205302515296
4;0.734194425560843;0.13086335825968728
5;0.6968048946295038;0.20734194425560845
mean;0.6658735554044869;0.22603670972127804
standard_deviation;0.05628889611008688;0.07934430046539094
