index;step_length;step_width
1;0.6832087015635623;0.14276002719238615
2;0.6322229775662814;0.2549286199864038
3;0.7053025152957172;0.12066621346023114
4;0.6152277362338545;0.2124405166553365
5;0.6611148878314073;0.07647858599592114
mean;0.6594153636981644;0.16145479265805573
standard_deviation;0.03276160641746158;0.06414212125337941
