index;step_length;step_width
1;0.6526172671651937;0.08837525492861999
2;0.6135282121006118;0.1342624065261727
3;0.667912984364378;0.2515295717199184
4;0.5676410605030592;0.09177430319510538
5;0.6424201223657376;0.15805574439157036
mean;0.628823929299796;0.14479945615227735
standard_deviation;0.03537297278245463;0.05945323118493642
