index;step_length;step_width
1;0.5642420122365738;0.17845003399048268
2;0.645819170632223;0.2974167233174711
3;0.7426920462270564;0.1274643099932019
4;0.6424201223657376;0.22943575798776344
5;0.5829367777022434;0.110469068660775
mean;0.635622025832767;0.1886471787899388
standard_deviation;0.06242599916274274;0.06848892481172632
