index;step_length;step_width
1;0.66281441196465;0.3229095853161115
2;0.6101291638341265;0.12406526172671653
3;0.6849082256968049;0.23453433038749152
4;0.5982324949014276;0.10197144799456152
5;0.6322229775662814;0.16995241332426922
mean;0.637661454792658;0.19068660774983007
standard_deviation;0.03227127383118401;0.08018008320251839
