index;step_length;step_width
1;0.6951053704962611;0.18864717878993884
2;0.6118286879673691;0.3008157715839565
3;0.6696125084976207;0.08157715839564922
4;0.6084296397008838;0.15805574439157036
5;0.5557443915703604;0.2515295717199184
mean;0.628144119646499;0.19612508497620665
standard_deviation;0.04919351795749889;0.07570497773742578
