index;step_length;step_width
1;0.6084296397008838;0.07817811012916384
2;0.6798096532970769;0.1274643099932019
3;0.6169272603670972;0.20564242012236575
4;0.6492182188987083;0.331407205982325
5;0.7239972807613868;0.07477906186267845
mean;0.6556764106050307;0.163494221617947
standard_deviation;0.042486743690006094;0.09635207723445921
