index;step_length;step_width
1;0.5608429639700884;0.33990482664853844
2;0.6254248810333107;0.12066621346023114
3;0.66281441196465;0.2362338545207342
4;0.7205982324949014;0.09687287559483344
5;0.6441196464989803;0.16315431679129844
mean;0.6427600271923862;0.19136641740312715
standard_deviation;0.05191093460397688;0.08809110833294641
