index;step_length;step_width
1;0.6305234534330387;0.10876954452753229
2;0.7205982324949014;0.16655336505778381
3;0.667912984364378;0.27192386131883073
4;0.5778382053025153;0.1342624065261727
5;0.6169272603670972;0.24813052345343306
mean;0.6427600271923861;0.18592794017675054
standard_deviation;0.048421825649040504;0.06365937380616979
