index;step_length;step_width
1;0.7154996600951734;0.24473147518694766
2;0.6475186947654656;0.07817811012916384
3;0.6033310673011557;0.1274643099932019
4;0.5710401087695446;0.24473147518694766
5;0.6203263086335826;0.10367097212780423
mean;0.6315431679129844;0.15975526852481306
standard_deviation;0.04875709334341565;0.07111244402285471
