index;step_length;step_width
1;0.6883072739632903;0.2515295717199184
2;0.5914343983684569;0.12406526172671653
3;0.6560163154316792;0.1971447994561523
4;0.7375934738273284;0.09177430319510538
5;0.6407205982324949;0.13936097892590074
mean;0.66281441196465;0.16077498300475865
standard_deviation;0.04872627867719732;0.05679157673944446
