index;step_length;step_width
1;0.6339225016995241;0.07647858599592114
2;0.5999320190346703;0.14615907545887152
3;0.6645139360978927;0.2787219578518015
4;0.5948334466349422;0.10876954452753229
5;0.6390210740992522;0.2141400407885792
mean;0.6264445955132563;0.1648538409245411
standard_deviation;0.025944336692401634;0.07307558524084586
