index;step_length;step_width
1;0.6985044187627465;0.29061862678450034
2;0.6118286879673691;0.1257647858599592
3;0.6662134602311353;0.1937457511896669
4;0.7138001359619307;0.3178110129163834
5;0.6560163154316792;0.09007477906186268
mean;0.6692726036709721;0.20360299116247446
standard_deviation;0.035558658954784585;0.0890615510790218
