index;step_length;step_width
1;0.6169272603670972;0.13936097892590074
2;0.552345343303875;0.2362338545207342
3;0.6220258327668253;0.1070700203942896
4;0.7053025152957172;0.18184908225696805
5;0.7443915703602991;0.3484024473147519
mean;0.6481985044187628;0.2025832766825289
standard_deviation;0.06835890861493282;0.08478837159847107
