index;step_length;step_width
1;0.5217539089055064;0.3229095853161115
2;0.5608429639700884;0.12066621346023114
3;0.5081577158395649;0.1937457511896669
4;0.46227056424201224;0.3178110129163834
5;0.4299796057104011;0.10367097212780423
6;0.4724677090414684;0.16315431679129844
7;0.4452753229095853;0.3178110129163834
mean;0.48582111294551816;0.21996698067398274
standard_deviation;0.042951042803721425;0.09027317649979189
