index;step_length;step_width
1;0.48266485384092456;0.23963290278721958
2;0.5200543847722637;0.08327668252889191
3;0.5693405846363019;0.13766145479265807
4;0.5064581917063222;0.21923861318830729
5;0.43847722637661457;0.08157715839564922
6;0.48436437797416726;0.13256288239293
7;0.446974847042828;0.2566281441196465
mean;0.49261920947848886;0.16436826260075751
standard_deviation;0.041425267089911934;0.06797316094437966
