index;step_length;step_width
1;0.44867437117607073;0.08497620666213461
2;0.4928619986403807;0.1495581237253569
3;0.4435757987763426;0.22943575798776344
4;0.47926580557443915;0.3484024473147519
5;0.5183548606390211;0.14615907545887152
6;0.5506458191706323;0.2668252889191027
7;0.4962610469068661;0.09517335146159075
mean;0.4899485286976789;0.18864717878993884
standard_deviation;0.034862021274020216;0.08953490215363517
