index;step_length;step_width
1;0.4741672331747111;0.3229095853161115
2;0.5438477226376615;0.14106050305914344
3;0.48266485384092456;0.2362338545207342
4;0.5268524813052345;0.08327668252889191
5;0.4520734194425561;0.14106050305914344
6;0.4894629503738953;0.27702243371855884
7;0.5319510537049627;0.10876954452753229
mean;0.5001456734971351;0.18719044381858793
standard_deviation;0.031713506570992527;0.08459869807461767
