index;step_length;step_width
1;0.46397008837525494;0.0866757307953773
2;0.43507817811012917;0.14785859959211423
3;0.49796057104010877;0.07307953772943576
4;0.4724677090414684;0.12406526172671653
5;0.5370496261046908;0.24473147518694766
6;0.5744391570360299;0.11386811692726037
7;0.5421481985044188;0.20394289598912305
mean;0.5033019326017286;0.1420316597067107
standard_deviation;0.046119716924930755;0.05775422940009376
