index;step_length;step_width
1;0.48266485384092456;0.26342624065261727
2;0.5319510537049627;0.08157715839564922
3;0.46227056424201224;0.13936097892590074
4;0.5166553365057784;0.22603670972127804
5;0.4418762746431;0.07477906186267845
6;0.4928619986403807;0.13936097892590074
7;0.5489462950373896;0.27362338545207343
mean;0.4967466252306497;0.17116635913372827
standard_deviation;0.0354022897985897;0.07686721736485645
