index;step_length;step_width
1;0.5336505778382054;0.1342624065261727
2;0.4945615227736234;0.24983004758667574
3;0.4418762746431;0.07477906186267845
4;0.48606390210740996;0.12236573759347383
5;0.5183548606390211;0.18864717878993884
6;0.4401767505098573;0.2991162474507138
7;0.491162474507138;0.09857239972807615
mean;0.48654948043119356;0.16679615421967564
standard_deviation;0.032649500775010665;0.07656447742025
