index;step_length;step_width
1;0.5081577158395649;0.13256288239293
2;0.47926580557443915;0.26002719238613187
3;0.4435757987763426;0.1257647858599592
4;0.4894629503738953;0.2379333786539769
5;0.46057104010876954;0.07138001359619307
6;0.491162474507138;0.11556764106050306
7;0.5625424881033311;0.20394289598912305
mean;0.4906768961833544;0.16388268427697386
standard_deviation;0.035308923891058046;0.06509013968946943
