index;step_length;step_width
1;0.49796057104010877;0.20904146838885113
2;0.5659415363698165;0.33310673011556763
3;0.5047586675730795;0.07817811012916384
4;0.44867437117607073;0.13936097892590074
5;0.4741672331747111;0.2532290958531611
6;0.4418762746431;0.12406526172671653
7;0.4962610469068661;0.2362338545207342
mean;0.48994852869767896;0.196173642808585
standard_deviation;0.038474230920734785;0.08117585826122468
