index;step_length;step_width
1;0.4707681849082257;0.09517335146159075
2;0.5047586675730795;0.17845003399048268
3;0.43337865397688646;0.2838205302515296
4;0.4707681849082257;0.11556764106050306
5;0.5098572399728076;0.1971447994561523
6;0.540448674371176;0.07477906186267845
7;0.48436437797416726;0.11556764106050306
mean;0.48776342624065266;0.1515004370204914
standard_deviation;0.03184705333520532;0.06756958032422522
