index;step_length;step_width
1;0.46397008837525494;0.1954452753229096
2;0.4316791298436438;0.33990482664853844
3;0.46736913664174035;0.09687287559483344
4;0.5319510537049627;0.1495581237253569
5;0.46227056424201224;0.2532290958531611
6;0.5115567641060503;0.09517335146159075
7;0.44867437117607073;0.16995241332426922
mean;0.47392444401281936;0.18573370884723706
standard_deviation;0.032696408409308396;0.0811293707763935
