index;step_length;step_width
1;0.491162474507138;0.31441196464989807
2;0.4520734194425561;0.09687287559483344
3;0.4877634262406526;0.1495581237253569
4;0.4299796057104011;0.27532290958531613
5;0.46906866077498305;0.11216859279401768
6;0.5387491502379333;0.20394289598912305
7;0.49966009517335147;0.07307953772943576
mean;0.48120811886957365;0.17505098572399727
standard_deviation;0.03254461703431297;0.08571110788470175
