index;step_length;step_width
1;0.4435757987763426;0.18354860639021076
2;0.48436437797416726;0.3178110129163834
3;0.5234534330387491;0.14615907545887152
4;0.45037389530931343;0.22263766145479266
5;0.48096532970768185;0.07647858599592114
6;0.5370496261046908;0.12066621346023114
7;0.5081577158395649;0.18354860639021076
mean;0.4897057395357871;0.1786928231523745
standard_deviation;0.03273424627370917;0.0719180677151544
