index;step_length;step_width
1;0.4894629503738953;0.33820530251529574
2;0.4520734194425561;0.16825288919102652
3;0.5064581917063222;0.2668252889191027
4;0.5557443915703604;0.07307953772943576
5;0.5013596193065941;0.1274643099932019
6;0.5387491502379333;0.20904146838885113
7;0.48096532970768185;0.3433038749150238
mean;0.5035447217636204;0.2180246673788482
standard_deviation;0.03237026961736227;0.0958331602856755
