index;step_length;step_width
1;0.4452753229095853;0.3484024473147519
2;0.4962610469068661;0.12406526172671653
3;0.5234534330387491;0.20904146838885113
4;0.5557443915703604;0.07817811012916384
5;0.4945615227736234;0.13596193065941536
6;0.4435757987763426;0.21753908905506458
7;0.4877634262406526;0.3280081577158396
mean;0.4923764203165971;0.20588520928425755
standard_deviation;0.0370760593742276;0.09506676183555443
