index;step_length;step_width
1;0.5761386811692726;0.1274643099932019
2;0.5370496261046908;0.24983004758667574
3;0.5693405846363019;0.12066621346023114
4;0.6101291638341265;0.1920462270564242
5;0.5268524813052345;0.29061862678450034
6;0.48096532970768185;0.09857239972807615
mean;0.550079311126218;0.17986630410151824
standard_deviation;0.04111381150199107;0.07090918077849385
