index;step_length;step_width
1;0.5540448674371177;0.22603670972127804
2;0.6254248810333107;0.09347382732834807
3;0.5455472467709042;0.18014955812372535
4;0.6254248810333107;0.3433038749150238
5;0.5778382053025153;0.09177430319510538
6;0.5081577158395649;0.16485384092454114
mean;0.5727396329027873;0.18326535236800365
standard_deviation;0.0424994319816702;0.08585214002767082
