index;step_length;step_width
1;0.5897348742352142;0.1495581237253569
2;0.5455472467709042;0.2804214819850442
3;0.4894629503738953;0.10876954452753229
4;0.5149558123725357;0.20394289598912305
5;0.5625424881033311;0.06968048946295037
6;0.6220258327668253;0.13256288239293
mean;0.5540448674371178;0.15748923634715614
standard_deviation;0.04423118353941342;0.06835994146300207
