index;step_length;step_width
1;0.5047586675730795;0.10027192386131883
2;0.5489462950373896;0.18694765465669613
3;0.4945615227736234;0.2974167233174711
4;0.5421481985044188;0.09857239972807615
5;0.6067301155676411;0.18354860639021076
6;0.5727396329027873;0.07647858599592114
mean;0.5449807387264899;0.15720598232494903
standard_deviation;0.03822565240842363;0.07575602214208578
