index;step_length;step_width
1;0.5030591434398368;0.1937457511896669
2;0.5319510537049627;0.3450033990482665
3;0.4775662814411965;0.1070700203942896
4;0.5251529571719918;0.21074099252209383
5;0.5965329707681849;0.08327668252889191
6;0.5659415363698165;0.14445955132562882
mean;0.5333673238159982;0.1807160661681396
standard_deviation;0.03905722734357785;0.08592080175936434
