index;step_length;step_width
1;0.6186267845003399;0.09177430319510538
2;0.5421481985044188;0.15465669612508498
3;0.513256288239293;0.2821210061182869
4;0.5744391570360299;0.11556764106050306
5;0.6288239292997961;0.2141400407885792
6;0.5693405846363019;0.3450033990482665
mean;0.57443915703603;0.20054384772263767
standard_deviation;0.04025397444706667;0.09024563831024984
