index;step_length;step_width
1;0.513256288239293;0.14615907545887152
2;0.5812372535690007;0.23113528212100612
3;0.5217539089055064;0.3484024473147519
4;0.5812372535690007;0.10027192386131883
5;0.53025152957172;0.17675050985723997
6;0.5591434398368457;0.33820530251529574
mean;0.5478132789485611;0.223487423521414
standard_deviation;0.02752086517446435;0.09324565811225519
