index;step_length;step_width
1;0.5183548606390211;0.26172671651937457
2;0.5676410605030592;0.10367097212780423
3;0.49796057104010877;0.20224337185588037
4;0.5455472467709042;0.32460910944935417
5;0.6220258327668253;0.12406526172671653
6;0.5353501019714481;0.2362338545207342
mean;0.547813278948561;0.208758214366644
standard_deviation;0.03961102675371254;0.07663840507519673
