index;step_length;step_width
1;0.601631543167913;0.07987763426240653
2;0.5183548606390211;0.1274643099932019
3;0.5710401087695446;0.21753908905506458
4;0.5183548606390211;0.34160435078178114
5;0.5659415363698165;0.10027192386131883
6;0.5285520054384772;0.1512576478585996
mean;0.5506458191706323;0.16966915930206208
standard_deviation;0.031152791943955396;0.08836662978589678
