index;step_length;step_width
1;0.5727396329027873;0.11896668932698845
2;0.5387491502379333;0.17845003399048268
3;0.6169272603670972;0.3450033990482665
4;0.552345343303875;0.12236573759347383
5;0.4707681849082257;0.20904146838885113
6;0.5047586675730795;0.33310673011556763
mean;0.542714706548833;0.2178223430772717
standard_deviation;0.04678752864254697;0.09126627451647336
