index;step_length;step_width
1;0.6067301155676411;0.14106050305914344
2;0.5710401087695446;0.2787219578518015
3;0.4877634262406526;0.11896668932698845
4;0.5438477226376615;0.1937457511896669
5;0.4928619986403807;0.09347382732834807
6;0.5183548606390211;0.16825288919102652
mean;0.5367663720824836;0.16570360299116246
standard_deviation;0.042402095893147446;0.059964950091051045
