index;step_length;step_width
1;0.7664853840924541;0.10876954452753229
2;0.712100611828688;0.16315431679129844
3;0.8072739632902788;0.26002719238613187
4;0.7596872875594833;0.09857239972807615
mean;0.761386811692726;0.15763086335825968
standard_deviation;0.03377737408965295;0.06401337231478849
