index;step_length;step_width
1;0.8973487423521415;0.12236573759347383
2;0.7647858599592114;0.2158395649218219
3;0.7019034670292318;0.08157715839564922
4;0.7426920462270564;0.15805574439157036
mean;0.7766825288919103;0.14445955132562882
standard_deviation;0.0732276020489821;0.04930084875717297
