index;step_length;step_width
1;0.7579877634262406;0.08157715839564922
2;0.6866077498300476;0.16145479265805576
3;0.7256968048946295;0.29571719918422845
4;0.8208701563562203;0.09007477906186268
mean;0.7477906186267845;0.15720598232494903
standard_deviation;0.04918353544693333;0.08577547295929631
