index;step_length;step_width
1;0.7885791978246092;0.3025152957171992
2;0.871855880353501;0.110469068660775
3;0.8208701563562203;0.18524813052345343
4;0.7494901427600272;0.2991162474507138
mean;0.8076988443235894;0.22433718558803534
standard_deviation;0.04484256502689749;0.0809284055119587
