index;step_length;step_width
1;0.7902787219578519;0.0866757307953773
2;0.7070020394289599;0.15295717199184228
3;0.7477906186267845;0.29571719918422845
4;0.7053025152957172;0.14615907545887152
mean;0.7375934738273284;0.1703772943575799
standard_deviation;0.034850606142776845;0.07682126377926522
