index;step_length;step_width
1;0.8242692046227057;0.12066621346023114
2;0.7273963290278722;0.20394289598912305
3;0.7970768184908226;0.33480625424881033
4;0.7256968048946295;0.15975526852481306
mean;0.7686097892590074;0.2047926580557444
standard_deviation;0.043152102507277725;0.08063789807941779
