index;step_length;step_width
1;0.8548606390210741;0.14445955132562882
2;0.7715839564921823;0.24473147518694766
3;0.849762066621346;0.10876954452753229
4;0.7936777702243372;0.2141400407885792
mean;0.8174711080897348;0.178025152957172
standard_deviation;0.03575065256281887;0.054030101472107246
