index;step_length;step_width
1;0.7766825288919103;0.2838205302515296
2;0.8259687287559484;0.06968048946295037
3;0.7205982324949014;0.11726716519374576
4;0.6815091774303196;0.1903467029231815
mean;0.7511896668932698;0.16527872195785182
standard_deviation;0.054847517209738024;0.08081567858756647
