index;step_length;step_width
1;0.7087015635622026;0.10537049626104691
2;0.778382053025153;0.17845003399048268
3;0.690006798096533;0.33480625424881033
4;0.7290958531611149;0.08157715839564922
mean;0.726546566961251;0.1750509857239973
standard_deviation;0.032965949594274;0.09890149942968406
