index;step_length;step_width
1;0.6815091774303196;0.2532290958531611
2;0.7222977566281441;0.10027192386131883
3;0.7885791978246092;0.1937457511896669
4;0.8565601631543168;0.07138001359619307
mean;0.7622365737593474;0.15465669612508498
standard_deviation;0.06652611327685191;0.07269315910247864
