index;step_length;step_width
1;0.8276682528891911;0.09007477906186268
2;0.7579877634262406;0.15635622025832768
3;0.6917063222297757;0.26002719238613187
4;0.7630863358259687;0.10876954452753229
mean;0.7601121685927941;0.15380693405846363
standard_deviation;0.048105465152478634;0.06591546892724992
