index;step_length;step_width
1;0.6815091774303196;0.21074099252209383
2;0.7205982324949014;0.07477906186267845
3;0.7970768184908226;0.11386811692726037
4;0.9126444595513257;0.1937457511896669
mean;0.7779571719918422;0.14828348062542487
standard_deviation;0.08817381967955422;0.05602471703030953
