index;step_length;step_width
1;0.7834806254248811;0.14276002719238615
2;0.7070020394289599;0.23283480625424882
3;0.8123725356900068;0.07817811012916384
4;0.6951053704962611;0.14106050305914344
mean;0.7494901427600272;0.14870836165873555
standard_deviation;0.04968020388254066;0.05510364662431501
