index;step_length;step_width
1;0.8633582596872876;0.10537049626104691
2;0.7817811012916384;0.20394289598912305
3;0.7188987083616588;0.07477906186267845
4;0.7902787219578519;0.1495581237253569
mean;0.7885791978246092;0.13341264445955134
standard_deviation;0.05122592410979448;0.04862985699464479
