index;step_length;step_width
1;0.690006798096533;0.14615907545887152
2;0.7919782460910946;0.2668252889191027
3;0.9041468388851122;0.11896668932698845
4;0.8361658735554045;0.21074099252209383
mean;0.8055744391570361;0.18567301155676413
standard_deviation;0.07777064030351835;0.057500392090278525
