index;step_length;step_width
1;0.4435757987763426;0.13596193065941536
2;0.4877634262406526;0.24813052345343306
3;0.46057104010876954;0.08497620666213461
4;0.5115567641060503;0.14106050305914344
5;0.5642420122365738;0.21923861318830729
6;0.48606390210740996;0.09857239972807615
7;0.5472467709041469;0.17845003399048268
mean;0.5001456734971351;0.15805574439157039
standard_deviation;0.040664104339214024;0.05597014288984679
