index;step_length;step_width
1;0.5370496261046908;0.1903467029231815
2;0.5098572399728076;0.30931339225016996
3;0.4724677090414684;0.1512576478585996
4;0.43677770224337187;0.2362338545207342
5;0.49796057104010877;0.09177430319510538
6;0.5693405846363019;0.1716519374575119
7;0.53025152957172;0.3025152957171992
mean;0.5076721375157814;0.20758473341750025
standard_deviation;0.040603175605257606;0.07402163357820239
