index;step_length;step_width
1;0.5421481985044188;0.0866757307953773
2;0.46227056424201224;0.16825288919102652
3;0.5285520054384772;0.31271244051665537
4;0.4877634262406526;0.07647858599592114
5;0.540448674371176;0.13766145479265807
6;0.46227056424201224;0.21753908905506458
7;0.4945615227736234;0.10027192386131883
mean;0.5025735651160533;0.1570845877440031
standard_deviation;0.03208860871624119;0.07843029459364663
