index;step_length;step_width
1;0.46566961250849764;0.1257647858599592
2;0.491162474507138;0.20734194425560845
3;0.5336505778382054;0.31271244051665537
4;0.48606390210740996;0.14106050305914344
5;0.53025152957172;0.22603670972127804
6;0.4877634262406526;0.09687287559483344
7;0.4435757987763426;0.18014955812372535
mean;0.491162474507138;0.18427697387588618
standard_deviation;0.029964550103023246;0.06731523807653825
