index;step_length;step_width
1;0.5472467709041469;0.24813052345343306
2;0.4945615227736234;0.12236573759347383
3;0.5285520054384772;0.24473147518694766
4;0.46566961250849764;0.09347382732834807
5;0.5200543847722637;0.14276002719238615
6;0.46906866077498305;0.21753908905506458
7;0.540448674371176;0.331407205982325
mean;0.509371661649024;0.20005826939885404
standard_deviation;0.030789265230578313;0.07795989854909574
