index;step_length;step_width
1;0.552345343303875;0.3212100611828688
2;0.48266485384092456;0.09857239972807615
3;0.4418762746431;0.18864717878993884
4;0.4741672331747111;0.3229095853161115
5;0.4316791298436438;0.14106050305914344
6;0.4571719918422842;0.07138001359619307
7;0.5098572399728076;0.1342624065261727
mean;0.47853743808876376;0.1825774497426435
standard_deviation;0.03865764637757627;0.0944371819453683
