index;step_length;step_width
1;0.49966009517335147;0.07647858599592114
2;0.4588715159755269;0.11726716519374576
3;0.491162474507138;0.18184908225696805
4;0.5472467709041469;0.32460910944935417
5;0.46906866077498305;0.10367097212780423
6;0.5149558123725357;0.17675050985723997
7;0.4741672331747111;0.07647858599592114
mean;0.49359036612605617;0.15101485869670778
standard_deviation;0.028188647710401072;0.08127528115350106
