index;step_length;step_width
1;0.49966009517335147;0.3025152957171992
2;0.4265805574439157;0.08157715839564922
3;0.4894629503738953;0.14106050305914344
4;0.4435757987763426;0.2141400407885792
5;0.5081577158395649;0.33990482664853844
6;0.46057104010876954;0.09857239972807615
7;0.5200543847722637;0.16995241332426922
mean;0.4782946489268719;0.1925318053802078
standard_deviation;0.03253737121054861;0.09148030146128927
