index;step_length;step_width
1;0.43337865397688646;0.11556764106050306
2;0.46397008837525494;0.18694765465669613
3;0.5098572399728076;0.06968048946295037
4;0.5608429639700884;0.1274643099932019
5;0.5047586675730795;0.22263766145479266
6;0.5676410605030592;0.09007477906186268
7;0.4945615227736234;0.16655336505778381
mean;0.5050014567349713;0.13984655724968437
standard_deviation;0.044702225501412965;0.050609748759950106
