index;step_length;step_width
1;0.6696125084976207;0.16485384092454114
2;0.7036029911624745;0.28721957851801494
3;0.7511896668932699;0.11896668932698845
4;0.844663494221618;0.23453433038749152
mean;0.7422671651937458;0.201393609789259
standard_deviation;0.0658373691912779;0.06440837716396057
