index;step_length;step_width
1;0.8327668252889191;0.2821210061182869
2;0.7596872875594833;0.1342624065261727
3;0.667912984364378;0.24813052345343306
4;0.7664853840924541;0.0866757307953773
mean;0.7567131203263087;0.18779741672331748
standard_deviation;0.05868128533707144;0.08004469995848519
