index;step_length;step_width
1;0.7307953772943576;0.2379333786539769
2;0.6713120326308634;0.07477906186267845
3;0.7545887151597553;0.13256288239293
4;0.8157715839564922;0.23113528212100612
mean;0.7431169272603672;0.16910265125764787
standard_deviation;0.0517640428858666;0.06858901251435105
