index;step_length;step_width
1;0.7053025152957172;0.10027192386131883
2;0.8055744391570361;0.1903467029231815
3;0.7375934738273284;0.30761386811692726
4;0.7987763426240653;0.13766145479265807
mean;0.7618116927260368;0.18397348742352143
standard_deviation;0.04201598677213488;0.07822774080045873
