index;step_length;step_width
1;0.773283480625425;0.12236573759347383
2;0.8191706322229776;0.19884432358939497
3;0.7647858599592114;0.30931339225016996
4;0.7002039428959892;0.1342624065261727
mean;0.7643609789259007;0.19119646498980286
standard_deviation;0.04242645085073584;0.07414387077439043
