index;step_length;step_width
1;0.7987763426240653;0.13086335825968728
2;0.690006798096533;0.22263766145479266
3;0.7375934738273284;0.3450033990482665
4;0.7766825288919103;0.10027192386131883
mean;0.7507647858599592;0.19969408565601632
standard_deviation;0.04135775478826432;0.09521507170453654
