index;step_length;step_width
1;0.7324949014276003;0.07307953772943576
2;0.8157715839564922;0.14276002719238615
3;0.7647858599592114;0.27532290958531613
4;0.8259687287559484;0.1257647858599592
mean;0.7847552685248131;0.1542318150917743
standard_deviation;0.0380476161368099;0.07448274793136891
