index;step_length;step_width
1;0.5489462950373896;0.24473147518694766
2;0.5183548606390211;0.12066621346023114
3;0.47926580557443915;0.22433718558803536
4;0.5234534330387491;0.3501019714479946
5;0.5676410605030592;0.11556764106050306
6;0.6288239292997961;0.1971447994561523
mean;0.5444142306820757;0.20875821436664402
standard_deviation;0.04663293819908608;0.07968102292572585
