index;step_length;step_width
1;0.5370496261046908;0.11216859279401768
2;0.5812372535690007;0.16995241332426922
3;0.5455472467709042;0.28891910265125764
4;0.5727396329027873;0.10027192386131883
5;0.6135282121006118;0.16315431679129844
6;0.5676410605030592;0.2855200543847723
mean;0.569623838658509;0.186664400634489
standard_deviation;0.02488931027783102;0.07535887954084776
