index;step_length;step_width
1;0.5387491502379333;0.30591434398368456
2;0.5931339225016995;0.09177430319510538
3;0.6288239292997961;0.15295717199184228
4;0.5489462950373896;0.24303195105370498
5;0.5013596193065941;0.08497620666213461
6;0.5693405846363019;0.15805574439157036
mean;0.5633922501699524;0.17278495354634038
standard_deviation;0.040548879301292175;0.07910042907639728
