index;step_length;step_width
1;0.557443915703603;0.08157715839564922
2;0.4741672331747111;0.14445955132562882
3;0.5234534330387491;0.270224337185588
4;0.557443915703603;0.08837525492861999
5;0.6220258327668253;0.14276002719238615
6;0.557443915703603;0.2158395649218219
mean;0.5486630410151824;0.157205982324949
standard_deviation;0.04434441004720143;0.06713120326308633
