index;step_length;step_width
1;0.5931339225016995;0.10876954452753229
2;0.5047586675730795;0.1903467029231815
3;0.53025152957172;0.09007477906186268
4;0.5863358259687288;0.15975526852481306
5;0.6322229775662814;0.3161114887831407
6;0.5829367777022434;0.07477906186267845
mean;0.5716066168139587;0.1566394742805348
standard_deviation;0.042154441813473;0.08165039782653984
