index;step_length;step_width
1;0.53025152957172;0.20394289598912305
2;0.5999320190346703;0.3195105370496261
3;0.5387491502379333;0.14106050305914344
4;0.5829367777022434;0.23283480625424882
5;0.5268524813052345;0.10367097212780423
6;0.6033310673011557;0.18354860639021076
mean;0.5636755041921595;0.19742805347835937
standard_deviation;0.03253847831582683;0.06875141720371031
