index;step_length;step_width
1;0.5455472467709042;0.10876954452753229
2;0.5081577158395649;0.21074099252209383
3;0.5472467709041469;0.08157715839564922
4;0.5948334466349422;0.1291638341264446
5;0.5319510537049627;0.2158395649218219
6;0.601631543167913;0.08837525492861999
mean;0.554894629503739;0.13907772490369363
standard_deviation;0.03325672435035321;0.05465334794120059
