index;step_length;step_width
1;0.4877634262406526;0.21923861318830729
2;0.5625424881033311;0.09857239972807615
3;0.5081577158395649;0.1920462270564242
4;0.5353501019714481;0.33650577838205303
5;0.6169272603670972;0.08327668252889191
6;0.5336505778382054;0.15465669612508498
mean;0.5407319283933832;0.1807160661681396
standard_deviation;0.04128615638558927;0.0844629107889208
