index;step_length;step_width
1;0.5438477226376615;0.24983004758667574
2;0.6169272603670972;0.07987763426240653
3;0.5625424881033311;0.12236573759347383
4;0.6254248810333107;0.22943575798776344
5;0.5676410605030592;0.07987763426240653
6;0.48606390210740996;0.14445955132562882
mean;0.5670745524586448;0.15097439383639247
standard_deviation;0.04657095833801181;0.06695648185164475
