index;step_length;step_width
1;0.5540448674371177;0.1070700203942896
2;0.6169272603670972;0.18014955812372535
3;0.5319510537049627;0.3161114887831407
4;0.4758667573079538;0.11386811692726037
5;0.540448674371176;0.17675050985723997
6;0.5880353501019715;0.07477906186267845
mean;0.5512123272150465;0.16145479265805573
standard_deviation;0.04443388069596097;0.07877925313492863
