index;step_length;step_width
1;0.540448674371176;0.13086335825968728
2;0.5030591434398368;0.20904146838885113
3;0.5540448674371177;0.3212100611828688
4;0.5948334466349422;0.15975526852481306
5;0.5217539089055064;0.30931339225016996
6;0.5897348742352142;0.110469068660775
mean;0.5506458191706322;0.2067754362111942
standard_deviation;0.03340476543803666;0.08252565954681047
