index;step_length;step_width
1;0.5285520054384772;0.09007477906186268
2;0.601631543167913;0.14615907545887152
3;0.5676410605030592;0.24133242692046228
4;0.6084296397008838;0.10367097212780423
5;0.5200543847722637;0.20224337185588037
6;0.5625424881033311;0.08837525492861999
mean;0.564808520280988;0.14530931339225017
standard_deviation;0.03313951008885039;0.05843620410249556
