index;step_length;step_width
1;0.6118286879673691;0.18694765465669613
2;0.5455472467709042;0.30761386811692726
3;0.6186267845003399;0.14276002719238615
4;0.5659415363698165;0.27362338545207343
5;0.48266485384092456;0.12066621346023114
6;0.5438477226376615;0.1920462270564242
mean;0.5614094720145025;0.20394289598912307
standard_deviation;0.04582066112370539;0.06672300867589148
