index;step_length;step_width
1;0.5336505778382054;0.13936097892590074
2;0.49796057104010877;0.2158395649218219
3;0.5472467709041469;0.33480625424881033
4;0.6084296397008838;0.12406526172671653
5;0.5625424881033311;0.23283480625424882
6;0.5217539089055064;0.10197144799456152
mean;0.5452639927486971;0.19147971901200997
standard_deviation;0.03468329549739991;0.07970669538618427
