index;step_length;step_width
1;0.5846363018354861;0.09517335146159075
2;0.5013596193065941;0.15465669612508498
3;0.5438477226376615;0.06968048946295037
4;0.6220258327668253;0.11556764106050306
5;0.579537729435758;0.1733514615907546
6;0.5268524813052345;0.33990482664853844
mean;0.5597099478812599;0.15805574439157036
standard_deviation;0.04007018362852034;0.08839704101422856
