index;step_length;step_width
1;0.4299796057104011;0.09857239972807615
2;0.4571719918422842;0.17675050985723997
3;0.4894629503738953;0.2685248130523454
4;0.5285520054384772;0.11726716519374576
5;0.5710401087695446;0.22093813732155
6;0.5098572399728076;0.07647858599592114
7;0.4758667573079538;0.12236573759347383
mean;0.4945615227736234;0.15441390696319318
standard_deviation;0.0433961432182315;0.064966859365485
