index;step_length;step_width
1;0.4928619986403807;0.1291638341264446
2;0.5676410605030592;0.2549286199864038
3;0.49966009517335147;0.10367097212780423
4;0.43507817811012917;0.18864717878993884
5;0.49966009517335147;0.08837525492861999
6;0.46566961250849764;0.1512576478585996
7;0.5030591434398368;0.27532290958531613
mean;0.4948043119355153;0.17019520248616102
standard_deviation;0.037493439045345175;0.0673309984633956
