index;step_length;step_width
1;0.4894629503738953;0.31101291638341266
2;0.5285520054384772;0.15295717199184228
3;0.46057104010876954;0.24303195105370498
4;0.5166553365057784;0.10537049626104691
5;0.45037389530931343;0.1733514615907546
6;0.5013596193065941;0.2991162474507138
7;0.5693405846363019;0.10367097212780423
mean;0.5023307759541614;0.19835874526561134
standard_deviation;0.03778317356953889;0.08030120774706855
