index;step_length;step_width
1;0.5591434398368457;0.3195105370496261
2;0.5285520054384772;0.10876954452753229
3;0.4894629503738953;0.2124405166553365
4;0.4299796057104011;0.33310673011556763
5;0.4554724677090415;0.12236573759347383
6;0.5200543847722637;0.24643099932019036
7;0.4452753229095853;0.10537049626104691
mean;0.48970573953578717;0.2068563659318248
standard_deviation;0.044665288048548114;0.09046429731978248
