index;step_length;step_width
1;0.48606390210740996;0.13256288239293
2;0.5540448674371177;0.22943575798776344
3;0.4945615227736234;0.08157715839564922
4;0.5710401087695446;0.1257647858599592
5;0.4962610469068661;0.20734194425560845
6;0.45037389530931343;0.07307953772943576
7;0.4928619986403807;0.12236573759347383
mean;0.5064581917063222;0.13887540060211712
standard_deviation;0.03859507745981218;0.054753127945221726
