index;step_length;step_width
1;0.5370496261046908;0.08157715839564922
2;0.46057104010876954;0.15465669612508498
3;0.4299796057104011;0.26002719238613187
4;0.4571719918422842;0.10537049626104691
5;0.4299796057104011;0.1903467029231815
6;0.4724677090414684;0.331407205982325
7;0.53025152957172;0.08327668252889191
mean;0.4739244440128193;0.17238030494318735
standard_deviation;0.04049851308535117;0.0880612054266484
