index;step_length;step_width
1;0.5217539089055064;0.11896668932698845
2;0.4554724677090415;0.18524813052345343
3;0.49796057104010877;0.33650577838205303
4;0.5625424881033311;0.110469068660775
5;0.48606390210740996;0.18524813052345343
6;0.446974847042828;0.3297076818490823
7;0.4877634262406526;0.09687287559483344
mean;0.4940759444498397;0.19471690783723414
standard_deviation;0.036413518176772075;0.09328539697542133
