index;step_length;step_width
1;0.6968048946295038;0.09007477906186268
2;0.6169272603670972;0.13936097892590074
3;0.6832087015635623;0.2362338545207342
4;0.734194425560843;0.11216859279401768
5;0.6441196464989803;0.1920462270564242
mean;0.6750509857239974;0.15397688647178792
standard_deviation;0.04092149203472468;0.05340509524421922
