index;step_length;step_width
1;0.739292997960571;0.12236573759347383
2;0.6917063222297757;0.19884432358939497
3;0.5965329707681849;0.07987763426240653
4;0.6849082256968049;0.12236573759347383
5;0.6305234534330387;0.2158395649218219
mean;0.668592794017675;0.1478585995921142
standard_deviation;0.04988153998054151;0.05126819554384214
