index;step_length;step_width
1;0.6611148878314073;0.13256288239293
2;0.6271244051665534;0.26002719238613187
3;0.66281441196465;0.08327668252889191
4;0.6985044187627465;0.13596193065941536
5;0.7851801495581238;0.22093813732155
mean;0.6869476546566962;0.16655336505778381
standard_deviation;0.05405876113157738;0.06437585645713585
