index;step_length;step_width
1;0.7290958531611149;0.3297076818490823
2;0.6543167912984365;0.11386811692726037
3;0.6033310673011557;0.18864717878993884
4;0.6934058463630184;0.09177430319510538
5;0.6339225016995241;0.1716519374575119
mean;0.6628144119646499;0.17912984364377976
standard_deviation;0.04421376625835242;0.08331898646634973
