index;step_length;step_width
1;0.6152277362338545;0.1274643099932019
2;0.650917743031951;0.24643099932019036
3;0.7154996600951734;0.11896668932698845
4;0.6322229775662814;0.21074099252209383
5;0.7087015635622026;0.08327668252889191
mean;0.6645139360978927;0.1573759347382733
standard_deviation;0.0405185943444884;0.06105621758003637
