index;step_length;step_width
1;0.6152277362338545;0.11556764106050306
2;0.7053025152957172;0.22093813732155
3;0.6067301155676411;0.34160435078178114
4;0.6781101291638342;0.1291638341264446
5;0.6033310673011557;0.22093813732155
mean;0.6417403127124405;0.20564242012236575
standard_deviation;0.04187318448520595;0.08113692680511063
