index;step_length;step_width
1;0.6730115567641061;0.07138001359619307
2;0.712100611828688;0.13086335825968728
3;0.761386811692726;0.23113528212100612
4;0.8055744391570361;0.11386811692726037
mean;0.738018354860639;0.13681169272603672
standard_deviation;0.050018802721598275;0.05860894663671101
