index;step_length;step_width
1;0.645819170632223;0.1733514615907546
2;0.5982324949014276;0.31271244051665537
3;0.6577158395649219;0.10027192386131883
4;0.6118286879673691;0.15805574439157036
5;0.6577158395649219;0.31101291638341266
mean;0.6342624065261727;0.21108089734874236
standard_deviation;0.02463782498221637;0.08582445428794896
