index;step_length;step_width
1;0.8021753908905507;0.07987763426240653
2;0.7222977566281441;0.15975526852481306
3;0.800475866757308;0.07817811012916384
4;0.756288239292998;0.13086335825968728
mean;0.7703093133922502;0.1121685927940177
standard_deviation;0.033268483354611585;0.03468445212773377
