index;step_length;step_width
1;0.7070020394289599;0.10197144799456152
2;0.7545887151597553;0.16485384092454114
3;0.6577158395649219;0.2583276682528892
4;0.7511896668932699;0.09857239972807615
mean;0.7176240652617268;0.15593133922501703
standard_deviation;0.039353709780345233;0.06474244557625736
