index;step_length;step_width
1;0.6560163154316792;0.06968048946295037
2;0.5965329707681849;0.12406526172671653
3;0.6390210740992522;0.24473147518694766
4;0.7070020394289599;0.08157715839564922
5;0.6407205982324949;0.14106050305914344
mean;0.6478585995921142;0.13222297756628146
standard_deviation;0.035574900977718406;0.062095690734599626
