index;step_length;step_width
1;0.6577158395649219;0.3178110129163834
2;0.6917063222297757;0.14106050305914344
3;0.6441196464989803;0.24133242692046228
4;0.5982324949014276;0.10027192386131883
5;0.6696125084976207;0.16825288919102652
mean;0.6522773623385453;0.19374575118966691
standard_deviation;0.031215775591893563;0.0772264962992533
