index;step_length;step_width
1;0.756288239292998;0.30591434398368456
2;0.6577158395649219;0.09687287559483344
3;0.5982324949014276;0.18694765465669613
4;0.6747110808973488;0.30931339225016996
5;0.6118286879673691;0.14615907545887152
mean;0.659755268524813;0.20904146838885113
standard_deviation;0.05590788645223443;0.08539664852449874
