index;step_length;step_width
1;0.7171991842284161;0.3450033990482665
2;0.7834806254248811;0.15975526852481306
3;0.7239972807613868;0.3161114887831407
4;0.773283480625425;0.12066621346023114
mean;0.7494901427600272;0.23538409245411282
standard_deviation;0.029215012640501508;0.09671248066567069
