index;step_length;step_width
1;0.7239972807613868;0.09517335146159075
2;0.6560163154316792;0.16485384092454114
3;0.7171991842284161;0.3008157715839565
4;0.7868796736913665;0.07307953772943576
mean;0.7210231135282121;0.15848062542488106
standard_deviation;0.04633151848716837;0.08888344674932266
