index;step_length;step_width
1;0.5064581917063222;0.10367097212780423
2;0.4758667573079538;0.18864717878993884
3;0.5268524813052345;0.331407205982325
4;0.491162474507138;0.15635622025832768
5;0.5234534330387491;0.07307953772943576
6;0.46906866077498305;0.1274643099932019
7;0.5336505778382054;0.2141400407885792
mean;0.5037875109255123;0.17068078080994467
standard_deviation;0.02379086029597717;0.07940282108904104
