index;step_length;step_width
1;0.49966009517335147;0.11556764106050306
2;0.5506458191706323;0.22773623385452074
3;0.5931339225016995;0.09857239972807615
4;0.5098572399728076;0.15465669612508498
5;0.5591434398368457;0.24813052345343306
6;0.601631543167913;0.09007477906186268
mean;0.552345343303875;0.15578971221391344
standard_deviation;0.03812897953878051;0.061798731671401055
