index;step_length;step_width
1;0.5013596193065941;0.29231815091774305
2;0.5319510537049627;0.13596193065941536
3;0.5948334466349422;0.24983004758667574
4;0.5387491502379333;0.12236573759347383
5;0.49966009517335147;0.18524813052345343
6;0.5625424881033311;0.07817811012916384
mean;0.5381826421935192;0.17731701790165422
standard_deviation;0.03337112276234566;0.07427955315243039
