index;step_length;step_width
1;0.6254248810333107;0.2583276682528892
2;0.5421481985044188;0.08497620666213461
3;0.5914343983684569;0.13256288239293
4;0.5370496261046908;0.2532290958531611
5;0.5727396329027873;0.12236573759347383
6;0.5217539089055064;0.22603670972127804
mean;0.5650917743031951;0.1795830500793111
standard_deviation;0.03555148303226334;0.06857789887210726
