index;step_length;step_width
1;0.6254248810333107;0.21074099252209383
2;0.5676410605030592;0.07647858599592114
3;0.5353501019714481;0.1342624065261727
4;0.5676410605030592;0.23113528212100612
5;0.5200543847722637;0.0866757307953773
6;0.5693405846363019;0.15465669612508498
mean;0.5642420122365738;0.14899161568094266
standard_deviation;0.03311529060882731;0.05766428588306387
