index;step_length;step_width
1;0.5234534330387491;0.1512576478585996
2;0.48266485384092456;0.27532290958531613
3;0.552345343303875;0.11216859279401768
4;0.6152277362338545;0.20224337185588037
5;0.53025152957172;0.07138001359619307
6;0.6067301155676411;0.12236573759347383
mean;0.5517788352594607;0.15578971221391344
standard_deviation;0.04670514408212319;0.0665978337171339
