index;step_length;step_width
1;0.5693405846363019;0.14106050305914344
2;0.5268524813052345;0.26342624065261727
3;0.5727396329027873;0.12066621346023114
4;0.5047586675730795;0.22263766145479266
5;0.5472467709041469;0.34160435078178114
6;0.6220258327668253;0.07138001359619307
mean;0.5571606616813959;0.19346249716745978
standard_deviation;0.037330473034844686;0.091870856014459
