index;step_length;step_width
1;0.5863358259687288;0.16315431679129844
2;0.5370496261046908;0.26512576478586
3;0.5948334466349422;0.10876954452753229
4;0.53025152957172;0.1954452753229096
5;0.5642420122365738;0.31441196464989807
6;0.5948334466349422;0.07138001359619307
mean;0.5679243145252663;0.1863811466122819
standard_deviation;0.026373063899851213;0.08412596773553851
