index;step_length;step_width
1;0.491162474507138;0.3280081577158396
2;0.5217539089055064;0.12066621346023114
3;0.5982324949014276;0.2379333786539769
4;0.5455472467709042;0.08157715839564922
5;0.5931339225016995;0.13936097892590074
6;0.623725356900068;0.2141400407885792
mean;0.562259234081124;0.18694765465669613
standard_deviation;0.04654769461328054;0.0826616578538266
