index;step_length;step_width
1;0.5540448674371177;0.07647858599592114
2;0.5897348742352142;0.13256288239293
3;0.5319510537049627;0.22433718558803536
4;0.5744391570360299;0.3450033990482665
5;0.5047586675730795;0.16485384092454114
6;0.540448674371176;0.29401767505098575
mean;0.5492295490595968;0.20620892816677996
standard_deviation;0.027846910227128614;0.09243633833841441
