index;step_length;step_width
1;0.5948334466349422;0.3229095853161115
2;0.5489462950373896;0.09347382732834807
3;0.5948334466349422;0.15975526852481306
4;0.5506458191706323;0.2532290958531611
5;0.579537729435758;0.1070700203942896
6;0.6390210740992522;0.2124405166553365
mean;0.5846363018354862;0.19147971901201
standard_deviation;0.03060716668760502;0.08089369888830202
