index;step_length;step_width
1;0.5846363018354861;0.10027192386131883
2;0.6373215499660095;0.1903467029231815
3;0.5693405846363019;0.07477906186267845
4;0.6169272603670972;0.1291638341264446
5;0.6883072739632903;0.20564242012236575
mean;0.6193065941536371;0.14004078857919783
standard_deviation;0.04192833159784982;0.05058304615629169
