index;step_length;step_width
1;0.5761386811692726;0.20734194425560845
2;0.5183548606390211;0.33480625424881033
3;0.5506458191706323;0.07647858599592114
4;0.5149558123725357;0.11896668932698845
5;0.5880353501019715;0.2124405166553365
6;0.557443915703603;0.3280081577158396
mean;0.5509290731928393;0.21300702469975075
standard_deviation;0.027111124234991027;0.09624303111867254
