index;step_length;step_width
1;0.601631543167913;0.07138001359619307
2;0.5200543847722637;0.12066621346023114
3;0.5625424881033311;0.2158395649218219
4;0.513256288239293;0.33820530251529574
5;0.5608429639700884;0.09857239972807615
6;0.5268524813052345;0.15635622025832768
mean;0.5475300249263539;0.16683661907999095
standard_deviation;0.030786207169332516;0.08923940334132784
