index;step_length;step_width
1;0.5863358259687288;0.28721957851801494
2;0.5268524813052345;0.12406526172671653
3;0.5727396329027873;0.22433718558803536
4;0.6271244051665534;0.110469068660775
5;0.5608429639700884;0.21074099252209383
6;0.5234534330387491;0.32460910944935417
mean;0.5662247903920236;0.213573532744165
standard_deviation;0.03550631820041959;0.07801578895057827
