index;step_length;step_width
1;0.5693405846363019;0.12406526172671653
2;0.5268524813052345;0.20224337185588037
3;0.5608429639700884;0.31101291638341266
4;0.6118286879673691;0.07817811012916384
5;0.5370496261046908;0.1342624065261727
6;0.601631543167913;0.2515295717199184
mean;0.5679243145252664;0.18354860639021076
standard_deviation;0.03097328011352619;0.07988366071639393
