index;step_length;step_width
1;0.5506458191706323;0.20054384772263767
2;0.6101291638341265;0.30931339225016996
3;0.5642420122365738;0.14276002719238615
4;0.5098572399728076;0.2804214819850442
5;0.5676410605030592;0.1070700203942896
6;0.5370496261046908;0.2124405166553365
mean;0.5565941536369817;0.208758214366644
standard_deviation;0.030681784898948444;0.07073925406977494
