index;step_length;step_width
1;0.6050305914343984;0.08497620666213461
2;0.5710401087695446;0.16315431679129844
3;0.6492182188987083;0.24643099932019036
4;0.5540448674371177;0.07138001359619307
5;0.5846363018354861;0.10876954452753229
6;0.5489462950373896;0.16485384092454114
mean;0.5854860639021074;0.13992748697031498
standard_deviation;0.03410006695025251;0.05943206707184861
