index;step_length;step_width
1;0.6118286879673691;0.3263086335825969
2;0.6594153636981646;0.13256288239293
3;0.6067301155676411;0.23283480625424882
4;0.6713120326308634;0.09347382732834807
5;0.6169272603670972;0.15975526852481306
mean;0.6332426920462271;0.18898708361658736
standard_deviation;0.026690646402991954;0.0823902937118771
