index;step_length;step_width
1;0.5540448674371177;0.2787219578518015
2;0.5863358259687288;0.07647858599592114
3;0.6356220258327668;0.1274643099932019
4;0.5863358259687288;0.23113528212100612
5;0.5115567641060503;0.10197144799456152
6;0.5506458191706323;0.18184908225696805
mean;0.5707568547473373;0.16627011103557668
standard_deviation;0.038473571258585984;0.07164535208114588
