index;step_length;step_width
1;0.7919782460910946;0.2362338545207342
2;0.7273963290278722;0.08327668252889191
3;0.7698844323589396;0.15805574439157036
4;0.6747110808973488;0.2515295717199184
mean;0.7409925220938137;0.18227396329027873
standard_deviation;0.04475592821979504;0.0672588151942494
