index;step_length;step_width
1;0.8616587355540449;0.18524813052345343
2;0.7630863358259687;0.31271244051665537
3;0.7087015635622026;0.12236573759347383
4;0.7834806254248811;0.24303195105370498
mean;0.7792318150917744;0.2158395649218219
standard_deviation;0.054880421116476986;0.07035085668191436
