index;step_length;step_width
1;0.6390210740992522;0.09347382732834807
2;0.7222977566281441;0.15465669612508498
3;0.7902787219578519;0.26002719238613187
4;0.8378653976886472;0.09517335146159075
mean;0.7473657375934739;0.15083276682528893
standard_deviation;0.07483094694334944;0.06768689582868813
