index;step_length;step_width
1;0.7834806254248811;0.08327668252889191
2;0.712100611828688;0.15635622025832768
3;0.7919782460910946;0.07477906186267845
4;0.6832087015635623;0.14106050305914344
mean;0.7426920462270565;0.11386811692726037
standard_deviation;0.046278887845649555;0.03538521892191879
