index;step_length;step_width
1;0.7154996600951734;0.20564242012236575
2;0.7936777702243372;0.33990482664853844
3;0.6917063222297757;0.16145479265805576
4;0.7460910944935418;0.2821210061182869
mean;0.736743711760707;0.2472807613868117
standard_deviation;0.03810687852613639;0.06872573842826564
