index;step_length;step_width
1;0.8531611148878314;0.0866757307953773
2;0.800475866757308;0.1291638341264446
3;0.7104010876954453;0.1971447994561523
4;0.7953772943575799;0.33480625424881033
mean;0.7898538409245411;0.18694765465669613
standard_deviation;0.0511465710066804;0.09402071030539584
