index;step_length;step_width
1;0.822569680489463;0.12236573759347383
2;0.6985044187627465;0.2362338545207342
3;0.7919782460910946;0.11216859279401768
4;0.7409925220938137;0.18524813052345343
mean;0.7635112168592795;0.1640040788579198
standard_deviation;0.04751644266026852;0.050222304064538426
