index;step_length;step_width
1;0.7987763426240653;0.14106050305914344
2;0.8463630183548607;0.270224337185588
3;0.739292997960571;0.08327668252889191
4;0.8055744391570361;0.13596193065941536
mean;0.7975016995241333;0.15763086335825968
standard_deviation;0.03821804304188893;0.06882941602262285
