index;step_length;step_width
1;0.7698844323589396;0.331407205982325
2;0.6730115567641061;0.11896668932698845
3;0.7698844323589396;0.22943575798776344
4;0.667912984364378;0.07477906186267845
mean;0.7201733514615908;0.18864717878993884
standard_deviation;0.04974375331684534;0.09983167360775916
