index;step_length;step_width
1;0.7222977566281441;0.2855200543847723
2;0.761386811692726;0.14276002719238615
3;0.6560163154316792;0.270224337185588
4;0.7443915703602991;0.09517335146159075
mean;0.7210231135282121;0.19841944255608432
standard_deviation;0.04000881595981286;0.0813943875807894
