index;step_length;step_width
1;0.734194425560843;0.15465669612508498
2;0.7851801495581238;0.07647858599592114
3;0.7002039428959892;0.13936097892590074
4;0.7358939496940857;0.2515295717199184
mean;0.7388681169272604;0.15550645819170633
standard_deviation;0.030291961729318532;0.06270414960697915
