index;step_length;step_width
1;0.761386811692726;0.08157715839564922
2;0.8395649218218899;0.1495581237253569
3;0.7324949014276003;0.22943575798776344
4;0.8293677770224338;0.09347382732834807
mean;0.7907036029911626;0.13851121685927942
standard_deviation;0.045083461549526;0.058436204102495566
