index;step_length;step_width
1;0.7375934738273284;0.24303195105370498
2;0.822569680489463;0.07138001359619307
3;0.7036029911624745;0.1257647858599592
4;0.756288239292998;0.2362338545207342
mean;0.755013596193066;0.16910265125764787
standard_deviation;0.04333578259747611;0.07314373573421251
