index;step_length;step_width
1;0.7104010876954453;0.20904146838885113
2;0.7698844323589396;0.07817811012916384
3;0.6798096532970769;0.1512576478585996
4;0.7630863358259687;0.2362338545207342
mean;0.7307953772943576;0.1686777702243372
standard_deviation;0.03737021316671655;0.06059435162528985
