index;step_length;step_width
1;0.8344663494221618;0.11556764106050306
2;0.761386811692726;0.18864717878993884
3;0.8463630183548607;0.08837525492861999
4;0.7630863358259687;0.1750509857239973
mean;0.8013256288239293;0.1419102651257648
standard_deviation;0.039319290622907135;0.04135993719795363
