index;step_length;step_width
1;0.6135282121006118;0.14615907545887152
2;0.6611148878314073;0.22603670972127804
3;0.7205982324949014;0.09517335146159075
4;0.6543167912984365;0.1716519374575119
5;0.7171991842284161;0.29231815091774305
mean;0.6733514615907545;0.18626784500339905
standard_deviation;0.040609737087164956;0.06774773042232396
