index;step_length;step_width
1;0.6101291638341265;0.20054384772263767
2;0.6849082256968049;0.07987763426240653
3;0.6492182188987083;0.14106050305914344
4;0.7290958531611149;0.2668252889191027
5;0.645819170632223;0.12236573759347383
mean;0.6638341264445955;0.16213460231135282
standard_deviation;0.0403127697600082;0.06515719307691624
