index;step_length;step_width
1;0.5897348742352142;0.2549286199864038
2;0.66281441196465;0.10197144799456152
3;0.7087015635622026;0.16825288919102652
4;0.6662134602311353;0.2566281441196465
5;0.7205982324949014;0.07477906186267845
mean;0.6696125084976207;0.17131203263086336
standard_deviation;0.045968907705789715;0.07537461381947384
