index;step_length;step_width
1;0.6713120326308634;0.110469068660775
2;0.6169272603670972;0.20224337185588037
3;0.6934058463630184;0.07477906186267845
4;0.6526172671651937;0.14106050305914344
5;0.5846363018354861;0.22603670972127804
mean;0.6437797416723317;0.15091774303195105
standard_deviation;0.03877597554418397;0.05622728615024396
