index;step_length;step_width
1;0.5557443915703604;0.06968048946295037
2;0.5897348742352142;0.13086335825968728
3;0.6594153636981646;0.2583276682528892
4;0.6084296397008838;0.110469068660775
5;0.6849082256968049;0.18354860639021076
mean;0.6196464989802856;0.15057783820530252
standard_deviation;0.04678601956436152;0.06517492244326895
