index;step_length;step_width
1;0.739292997960571;0.1920462270564242
2;0.6934058463630184;0.07987763426240653
3;0.6254248810333107;0.14615907545887152
4;0.5693405846363019;0.26512576478586
5;0.6033310673011557;0.09347382732834807
mean;0.6461590754588715;0.15533650577838204
standard_deviation;0.06175987453826805;0.06783294558320299
