index;step_length;step_width
1;0.601631543167913;0.14615907545887152
2;0.5591434398368457;0.24303195105370498
3;0.6390210740992522;0.110469068660775
4;0.6917063222297757;0.16825288919102652
5;0.6050305914343984;0.30931339225016996
mean;0.6193065941536371;0.19544527532290962
standard_deviation;0.044195470725762354;0.07158205196686841
