index;step_length;step_width
1;0.6305234534330387;0.15295717199184228
2;0.6985044187627465;0.23963290278721958
3;0.6373215499660095;0.1070700203942896
4;0.6968048946295038;0.17675050985723997
5;0.6322229775662814;0.3161114887831407
mean;0.659075458871516;0.1985044187627464
standard_deviation;0.03158372530337823;0.07270627010514794
