index;step_length;step_width
1;0.5608429639700884;0.33990482664853844
2;0.5948334466349422;0.09177430319510538
3;0.6441196464989803;0.15465669612508498
4;0.5846363018354861;0.3042148198504419
5;0.6611148878314073;0.07647858599592114
mean;0.6091094493541809;0.19340584636301839
standard_deviation;0.0375836995245828;0.10885130339857395
