index;step_length;step_width
1;0.6407205982324949;0.18864717878993884
2;0.7154996600951734;0.09347382732834807
3;0.6084296397008838;0.15975526852481306
4;0.6645139360978927;0.2838205302515296
5;0.6186267845003399;0.07138001359619307
mean;0.6495581237253569;0.1594153636981645
standard_deviation;0.03820566540128761;0.07540526387515646
