index;step_length;step_width
1;0.66281441196465;0.29231815091774305
2;0.5625424881033311;0.1070700203942896
3;0.6271244051665534;0.20394289598912305
4;0.5727396329027873;0.07817811012916384
5;0.6526172671651937;0.15635622025832768
mean;0.6155676410605031;0.16757307953772943
standard_deviation;0.04094971570318424;0.07571260798001825
