index;step_length;step_width
1;0.5948334466349422;0.10537049626104691
2;0.6713120326308634;0.21074099252209383
3;0.7104010876954453;0.3501019714479946
4;0.6407205982324949;0.10027192386131883
5;0.7222977566281441;0.1920462270564242
mean;0.6679129843643781;0.19170632222977568
standard_deviation;0.04659300506785221;0.09084683808520116
