index;step_length;step_width
1;0.5948334466349422;0.2838205302515296
2;0.6713120326308634;0.1342624065261727
3;0.6169272603670972;0.21923861318830729
4;0.6492182188987083;0.33310673011556763
5;0.5608429639700884;0.10027192386131883
mean;0.6186267845003399;0.21414004078857918
standard_deviation;0.039037296149332025;0.08761372464363652
