index;step_length;step_width
1;0.6764106050305915;0.09007477906186268
2;0.7273963290278722;0.1733514615907546
3;0.6747110808973488;0.2821210061182869
4;0.5880353501019715;0.09517335146159075
5;0.650917743031951;0.18524813052345343
mean;0.6634942216179469;0.16519374575118967
standard_deviation;0.04522905996828692;0.07026581767290714
