index;step_length;step_width
1;0.7290958531611149;0.3161114887831407
2;0.6288239292997961;0.15465669612508498
3;0.5608429639700884;0.2991162474507138
4;0.601631543167913;0.1274643099932019
5;0.5642420122365738;0.21753908905506458
mean;0.6169272603670972;0.22297756628144122
standard_deviation;0.06144667050157264;0.07522117620855859
