index;step_length;step_width
1;0.7902787219578519;0.28891910265125764
2;0.7324949014276003;0.09857239972807615
3;0.7766825288919103;0.18694765465669613
4;0.6662134602311353;0.34160435078178114
mean;0.7414174031271245;0.22901087695445277
standard_deviation;0.048389827538350895;0.0936079548781126
