index;step_length;step_width
1;0.6186267845003399;0.23963290278721958
2;0.6781101291638342;0.07647858599592114
3;0.6203263086335826;0.14106050305914344
4;0.6696125084976207;0.24303195105370498
5;0.6288239292997961;0.08327668252889191
mean;0.6430999320190347;0.1566961250849762
standard_deviation;0.025495127930114443;0.07266653251699699
