index;step_length;step_width
1;0.6118286879673691;0.3467029231815092
2;0.6832087015635623;0.1495581237253569
3;0.7460910944935418;0.28891910265125764
4;0.6815091774303196;0.14276002719238615
5;0.6254248810333107;0.26512576478586
mean;0.6696125084976206;0.23861318830727396
standard_deviation;0.04788920055610257;0.08004451953520068
