index;step_length;step_width
1;0.6050305914343984;0.20224337185588037
2;0.6781101291638342;0.3042148198504419
3;0.6135282121006118;0.07477906186267845
4;0.6985044187627465;0.11386811692726037
5;0.6152277362338545;0.20904146838885113
mean;0.6420802175390892;0.18082936777702244
standard_deviation;0.03844682711673073;0.08026073569918742
