index;step_length;step_width
1;0.7987763426240653;0.18864717878993884
2;0.712100611828688;0.33820530251529574
3;0.7698844323589396;0.16655336505778381
4;0.6866077498300476;0.26342624065261727
mean;0.7418422841604351;0.23920802175390893
standard_deviation;0.0446185778138174;0.06749459553481606
