index;step_length;step_width
1;0.6696125084976207;0.12406526172671653
2;0.601631543167913;0.22263766145479266
3;0.6594153636981646;0.08157715839564922
4;0.5846363018354861;0.1274643099932019
5;0.6662134602311353;0.22603670972127804
mean;0.636301835486064;0.15635622025832768
standard_deviation;0.035804742575836;0.05782379550599802
