index;step_length;step_width
1;0.5965329707681849;0.08837525492861999
2;0.5234534330387491;0.16145479265805576
3;0.5540448674371177;0.26002719238613187
4;0.5149558123725357;0.1257647858599592
5;0.5880353501019715;0.1937457511896669
6;0.6254248810333107;0.31441196464989807
mean;0.5670745524586449;0.19062995694538865
standard_deviation;0.039792905798404596;0.07709558418787994
