index;step_length;step_width
1;0.6849082256968049;0.3178110129163834
2;0.5897348742352142;0.14276002719238615
3;0.6696125084976207;0.26342624065261727
4;0.6203263086335826;0.09177430319510538
5;0.6696125084976207;0.14445955132562882
mean;0.6468388851121686;0.1920462270564242
standard_deviation;0.03591750355055888;0.08445113098400756
