index;step_length;step_width
1;0.6050305914343984;0.12066621346023114
2;0.5642420122365738;0.1903467029231815
3;0.5200543847722637;0.3467029231815092
4;0.5693405846363019;0.07477906186267845
5;0.6424201223657376;0.13766145479265807
6;0.557443915703603;0.24983004758667574
mean;0.5764219351914798;0.186664400634489
standard_deviation;0.038536082518274825;0.09026919504793732
