index;step_length;step_width
1;0.557443915703603;0.22263766145479266
2;0.513256288239293;0.08157715839564922
3;0.5540448674371177;0.14445955132562882
4;0.6050305914343984;0.2549286199864038
5;0.667912984364378;0.0866757307953773
6;0.6135282121006118;0.1342624065261727
mean;0.5852028098799003;0.15409018808067074
standard_deviation;0.04992347119163444;0.06475065516532766
