index;step_length;step_width
1;0.552345343303875;0.3467029231815092
2;0.623725356900068;0.07307953772943576
3;0.5489462950373896;0.14106050305914344
4;0.6084296397008838;0.24133242692046228
5;0.5268524813052345;0.09347382732834807
6;0.5710401087695446;0.17845003399048268
mean;0.5718898708361659;0.17901654203489692
standard_deviation;0.03405768905448858;0.09307987490841094
