index;step_length;step_width
1;0.5948334466349422;0.1750509857239973
2;0.5387491502379333;0.31441196464989807
3;0.5710401087695446;0.15465669612508498
4;0.6526172671651937;0.270224337185588
5;0.6033310673011557;0.11896668932698845
6;0.5659415363698165;0.21923861318830729
mean;0.5877520960797643;0.20875821436664402
standard_deviation;0.03572258861896735;0.06730070265919386
