index;step_length;step_width
1;0.5880353501019715;0.07987763426240653
2;0.5353501019714481;0.13766145479265807
3;0.5829367777022434;0.22093813732155
4;0.5455472467709042;0.0866757307953773
5;0.6033310673011557;0.16825288919102652
6;0.5591434398368457;0.31441196464989807
mean;0.5690573306140947;0.16796963516881944
standard_deviation;0.02420289182815996;0.0811773609929491
