index;step_length;step_width
1;0.8276682528891911;0.16315431679129844
2;0.7154996600951734;0.28721957851801494
3;0.8123725356900068;0.08837525492861999
4;0.7715839564921823;0.16825288919102652
mean;0.7817811012916385;0.17675050985723997
standard_deviation;0.04341277965480897;0.07118754602694
