index;step_length;step_width
1;0.7273963290278722;0.0866757307953773
2;0.7681849082256968;0.16655336505778381
3;0.8820530251529572;0.33310673011556763
4;0.7936777702243372;0.07307953772943576
mean;0.7928280081577159;0.16485384092454114
standard_deviation;0.05667983054266587;0.10349669407005486
