index;step_length;step_width
1;0.8021753908905507;0.07477906186267845
2;0.7019034670292318;0.11726716519374576
3;0.7817811012916384;0.22263766145479266
4;0.7239972807613868;0.08327668252889191
mean;0.7524643099932019;0.12449014276002719
standard_deviation;0.04091893330272398;0.05885330852863852
