index;step_length;step_width
1;0.43507817811012917;0.3280081577158396
2;0.40278721957851804;0.0866757307953773
3;0.4554724677090415;0.15295717199184228
4;0.4962610469068661;0.07138001359619307
5;0.43847722637661457;0.11726716519374576
6;0.4095853161114888;0.20224337185588037
7;0.4724677090414684;0.30591434398368456
8;0.4962610469068661;0.11896668932698845
mean;0.4507987763426241;0.17292658055744392
standard_deviation;0.03359248207281095;0.09134744594956584
