index;step_length;step_width
1;0.4265805574439157;0.3450033990482665
2;0.3857919782460911;0.1342624065261727
3;0.4146838885112169;0.2566281441196465
4;0.4435757987763426;0.11556764106050306
5;0.5064581917063222;0.18524813052345343
6;0.4741672331747111;0.3008157715839565
7;0.4112848402447315;0.09347382732834807
8;0.3823929299796057;0.16655336505778381
mean;0.43061692726036715;0.19969408565601632
standard_deviation;0.039992456242218845;0.08553521095963032
