index;step_length;step_width
1;0.3942895989123046;0.14615907545887152
2;0.424881033310673;0.2838205302515296
3;0.46227056424201224;0.1342624065261727
4;0.5098572399728076;0.2583276682528892
5;0.4707681849082257;0.07138001359619307
6;0.43677770224337187;0.13256288239293
7;0.46397008837525494;0.20224337185588037
8;0.41978246091094495;0.3297076818490823
mean;0.4478246091094493;0.1948079537729436
standard_deviation;0.03380942600964949;0.08318097510553496
