index;step_length;step_width
1;0.4707681849082257;0.3467029231815092
2;0.4945615227736234;0.15635622025832768
3;0.46906866077498305;0.2379333786539769
4;0.42148198504418766;0.09687287559483344
5;0.4520734194425561;0.14615907545887152
6;0.4078857919782461;0.22093813732155
7;0.4401767505098573;0.07307953772943576
8;0.3840924541128484;0.14106050305914344
mean;0.44251359619306596;0.177387831407206
standard_deviation;0.03421215847887785;0.08240912391016475
