index;step_length;step_width
1;0.46906866077498305;0.20394289598912305
2;0.4316791298436438;0.3161114887831407
3;0.4588715159755269;0.12236573759347383
4;0.424881033310673;0.1971447994561523
5;0.46906866077498305;0.07647858599592114
6;0.4265805574439157;0.12406526172671653
7;0.4061862678450034;0.22263766145479266
8;0.46397008837525494;0.09517335146159075
mean;0.443788239292998;0.16973997280761388
standard_deviation;0.022713259424793814;0.07477634595448109
