index;step_length;step_width
1;0.4418762746431;0.2532290958531611
2;0.491162474507138;0.09517335146159075
3;0.46566961250849764;0.14615907545887152
4;0.40448674371176074;0.24813052345343306
5;0.3840924541128484;0.09857239972807615
6;0.4078857919782461;0.1937457511896669
7;0.4452753229095853;0.33820530251529574
8;0.3823929299796057;0.1274643099932019
mean;0.42785520054384774;0.18758497620666215
standard_deviation;0.0368521538452006;0.08100393393177073
