index;step_length;step_width
1;0.4554724677090415;0.07307953772943576
2;0.43337865397688646;0.12406526172671653
3;0.4571719918422842;0.22773623385452074
4;0.4928619986403807;0.09857239972807615
5;0.446974847042828;0.15465669612508498
6;0.42148198504418766;0.2668252889191027
7;0.4554724677090415;0.10197144799456152
8;0.4265805574439157;0.18184908225696805
mean;0.44867437117607073;0.15359449354180832
standard_deviation;0.021158904823230344;0.06340806732628855
