index;step_length;step_width
1;0.4537729435757988;0.2379333786539769
2;0.3857919782460911;0.11216859279401768
3;0.4435757987763426;0.17845003399048268
4;0.4962610469068661;0.2855200543847723
5;0.4299796057104011;0.08157715839564922
6;0.46057104010876954;0.1342624065261727
7;0.4316791298436438;0.24303195105370498
8;0.40108769544527534;0.10876954452753229
mean;0.43783990482664853;0.1727141400407886
standard_deviation;0.03235727808911506;0.07026323562303669
