index;step_length;step_width
1;0.4452753229095853;0.09687287559483344
2;0.48436437797416726;0.18524813052345343
3;0.4299796057104011;0.33650577838205303
4;0.4758667573079538;0.10027192386131883
5;0.513256288239293;0.16655336505778381
6;0.4724677090414684;0.28891910265125764
7;0.4129843643779742;0.09347382732834807
8;0.3857919782460911;0.14615907545887152
mean;0.4524983004758668;0.17675050985723997
standard_deviation;0.03908674586032265;0.08542539335052475
