index;step_length;step_width
1;0.4299796057104011;0.15295717199184228
2;0.46906866077498305;0.07138001359619307
3;0.424881033310673;0.110469068660775
4;0.3959891230455473;0.17845003399048268
5;0.4265805574439157;0.3484024473147519
6;0.46736913664174035;0.15805574439157036
7;0.4112848402447315;0.26342624065261727
8;0.46566961250849764;0.09177430319510538
mean;0.43635282121006125;0.17186437797416723
standard_deviation;0.02602201223280517;0.08690634891690771
