index;step_length;step_width
1;0.4520734194425561;0.11386811692726037
2;0.3874915023793338;0.18694765465669613
3;0.4401767505098573;0.2974167233174711
4;0.3857919782460911;0.110469068660775
5;0.4282800815771584;0.16825288919102652
6;0.4537729435757988;0.07647858599592114
7;0.5098572399728076;0.1342624065261727
8;0.46566961250849764;0.24813052345343306
mean;0.4403891910265126;0.16697824609109452
standard_deviation;0.038252863178663665;0.07006673430126463
