index;step_length;step_width
1;0.5030591434398368;0.18354860639021076
2;0.46566961250849764;0.30761386811692726
3;0.4265805574439157;0.13086335825968728
4;0.39938817131203264;0.22603670972127804
5;0.43847722637661457;0.07647858599592114
6;0.3942895989123046;0.13936097892590074
7;0.4316791298436438;0.22093813732155
8;0.4962610469068661;0.09517335146159075
mean;0.444425560842964;0.17250169952413325
standard_deviation;0.038135291761245534;0.07212973437427263
