index;step_length;step_width
1;0.42318150917743036;0.14615907545887152
2;0.48436437797416726;0.26512576478586
3;0.42318150917743036;0.11726716519374576
4;0.46057104010876954;0.2158395649218219
5;0.40448674371176074;0.3501019714479946
6;0.4520734194425561;0.15465669612508498
7;0.3942895989123046;0.26342624065261727
8;0.4537729435757988;0.06968048946295037
mean;0.43699014276002723;0.1977821210061183
standard_deviation;0.028659005212191044;0.08645024012208814
