index;step_length;step_width
1;0.4554724677090415;0.1070700203942896
2;0.47926580557443915;0.1750509857239973
3;0.4520734194425561;0.26512576478586
4;0.5047586675730795;0.11556764106050306
5;0.4316791298436438;0.20224337185588037
6;0.40448674371176074;0.33650577838205303
7;0.4418762746431;0.1070700203942896
8;0.3857919782460911;0.16655336505778381
mean;0.444425560842964;0.1843983684568321
standard_deviation;0.03577084496915224;0.0767095613262067
