index;step_length;step_width
1;0.4095853161114888;0.23453433038749152
2;0.4418762746431;0.11556764106050306
3;0.39768864717878993;0.1920462270564242
4;0.45037389530931343;0.3280081577158396
5;0.4129843643779742;0.15805574439157036
6;0.46906866077498305;0.2974167233174711
7;0.43507817811012917;0.14276002719238615
8;0.4724677090414684;0.2838205302515296
mean;0.4361403806934059;0.21902617267165198
standard_deviation;0.025885508646053813;0.07367705419948561
