index;step_length;step_width
1;0.4316791298436438;0.10537049626104691
2;0.491162474507138;0.1750509857239973
3;0.4452753229095853;0.2685248130523454
4;0.47926580557443915;0.13256288239293
5;0.42148198504418766;0.20224337185588037
6;0.3925900747790619;0.30761386811692726
7;0.43337865397688646;0.1512576478585996
8;0.46566961250849764;0.29571719918422845
mean;0.44506288239293;0.20479265805574443
standard_deviation;0.030300154885986696;0.07224976729775655
