index;step_length;step_width
1;0.4265805574439157;0.09517335146159075
2;0.3891910265125765;0.18694765465669613
3;0.4112848402447315;0.33820530251529574
4;0.46566961250849764;0.08327668252889191
5;0.5081577158395649;0.1291638341264446
6;0.46736913664174035;0.2515295717199184
7;0.5013596193065941;0.09007477906186268
8;0.4452753229095853;0.16825288919102652
mean;0.45186097892590077;0.16782800815771587
standard_deviation;0.03922218097750168;0.08394062214973835
