index;step_length;step_width
1;0.3840924541128484;0.34160435078178114
2;0.4401767505098573;0.1274643099932019
3;0.4146838885112169;0.23453433038749152
4;0.43507817811012917;0.11216859279401768
5;0.4775662814411965;0.18354860639021076
6;0.4418762746431;0.09177430319510538
7;0.5098572399728076;0.15295717199184228
8;0.4707681849082257;0.24133242692046228
mean;0.4467624065261727;0.18567301155676413
standard_deviation;0.03651444014070622;0.07784836282167104
