index;step_length;step_width
1;0.5149558123725357;0.10537049626104691
2;0.46736913664174035;0.20054384772263767
3;0.40448674371176074;0.3280081577158396
4;0.46227056424201224;0.14276002719238615
5;0.4129843643779742;0.26342624065261727
6;0.4707681849082257;0.110469068660775
7;0.43507817811012917;0.1733514615907546
8;0.40108769544527534;0.3433038749150238
mean;0.4461250849762067;0.20840414683888514
standard_deviation;0.03714733683615635;0.08756235281153353
