index;step_length;step_width
1;0.48266485384092456;0.20054384772263767
2;0.42148198504418766;0.34160435078178114
3;0.3840924541128484;0.16655336505778381
4;0.4401767505098573;0.2532290958531611
5;0.4741672331747111;0.11216859279401768
6;0.4146838885112169;0.2141400407885792
7;0.4775662814411965;0.3263086335825969
8;0.4537729435757988;0.08497620666213461
mean;0.4435757987763427;0.21244051665533653
standard_deviation;0.03277923440174355;0.08650477669208853
