index;step_length;step_width
1;0.46566961250849764;0.12066621346023114
2;0.43847722637661457;0.18694765465669613
3;0.40108769544527534;0.3025152957171992
4;0.46227056424201224;0.110469068660775
5;0.40448674371176074;0.1937457511896669
6;0.424881033310673;0.08157715839564922
7;0.48606390210740996;0.15805574439157036
8;0.4435757987763426;0.30591434398368456
mean;0.44081407205982326;0.18248640380693404
standard_deviation;0.028041343488031525;0.07872089334883747
