index;step_length;step_width
1;0.41808293677770225;0.27362338545207343
2;0.4724677090414684;0.10197144799456152
3;0.40278721957851804;0.19884432358939497
4;0.4418762746431;0.30761386811692726
5;0.4945615227736234;0.09177430319510538
6;0.44867437117607073;0.15295717199184228
7;0.4078857919782461;0.2787219578518015
8;0.46397008837525494;0.09857239972807615
mean;0.443788239292998;0.18800985723997282
standard_deviation;0.03054935994553772;0.08357070791129986
