index;step_length;step_width
1;0.424881033310673;0.09857239972807615
2;0.3874915023793338;0.16145479265805576
3;0.4299796057104011;0.3195105370496261
4;0.4758667573079538;0.07307953772943576
5;0.44867437117607073;0.13086335825968728
6;0.4724677090414684;0.22603670972127804
7;0.43337865397688646;0.3433038749150238
8;0.46566961250849764;0.10537049626104691
mean;0.4423011556764106;0.18227396329027873
standard_deviation;0.027754196964735068;0.09656584108985115
