index;step_length;step_width
1;0.5149558123725357;0.23453433038749152
2;0.48606390210740996;0.09857239972807615
3;0.42148198504418766;0.1920462270564242
4;0.3925900747790619;0.34160435078178114
5;0.424881033310673;0.13936097892590074
6;0.3840924541128484;0.22603670972127804
7;0.43507817811012917;0.07987763426240653
8;0.49796057104010877;0.1257647858599592
mean;0.44463800135961934;0.17972467709041468
standard_deviation;0.04595741954127193;0.08108774096823042
