index;step_length;step_width
1;0.5149558123725357;0.09007477906186268
2;0.4554724677090415;0.15465669612508498
3;0.4112848402447315;0.2549286199864038
4;0.46227056424201224;0.10367097212780423
5;0.48606390210740996;0.16315431679129844
6;0.41808293677770225;0.31271244051665537
7;0.4401767505098573;0.08497620666213461
8;0.3840924541128484;0.16145479265805576
mean;0.44654996600951735;0.1657036029911625
standard_deviation;0.03962798683470682;0.07566700584460825
