index;step_length;step_width
1;0.446974847042828;0.1274643099932019
2;0.5064581917063222;0.24303195105370498
3;0.4435757987763426;0.12066621346023114
4;0.46736913664174035;0.2362338545207342
5;0.424881033310673;0.08327668252889191
6;0.46906866077498305;0.16145479265805576
7;0.4146838885112169;0.07307953772943576
8;0.45037389530931343;0.11896668932698845
mean;0.45292318150917743;0.1455217539089055
standard_deviation;0.026723632211958507;0.05996055963216611
