index;step_length;step_width
1;0.46566961250849764;0.0866757307953773
2;0.513256288239293;0.15805574439157036
3;0.46736913664174035;0.2804214819850442
4;0.5047586675730795;0.09517335146159075
5;0.46227056424201224;0.18694765465669613
6;0.4962610469068661;0.3467029231815092
7;0.446974847042828;0.09517335146159075
mean;0.47950859473633095;0.17845003399048268
standard_deviation;0.023150427194445405;0.09372290615383916
