index;step_length;step_width
1;0.4537729435757988;0.2362338545207342
2;0.5081577158395649;0.11726716519374576
3;0.4452753229095853;0.18694765465669613
4;0.3959891230455473;0.2855200543847723
5;0.42148198504418766;0.10367097212780423
6;0.40108769544527534;0.20054384772263767
7;0.43507817811012917;0.31271244051665537
8;0.48436437797416726;0.08157715839564922
mean;0.443150917743032;0.19055914343983685
standard_deviation;0.03634906283478345;0.07979368744670907
