index;step_length;step_width
1;0.45037389530931343;0.11556764106050306
2;0.5149558123725357;0.2158395649218219
3;0.4520734194425561;0.3484024473147519
4;0.3925900747790619;0.07647858599592114
5;0.41978246091094495;0.1495581237253569
6;0.4588715159755269;0.24983004758667574
7;0.3908905506458192;0.11556764106050306
8;0.4401767505098573;0.22433718558803536
mean;0.4399643099932019;0.18694765465669616
standard_deviation;0.03757675818780664;0.08370048517699866
