index;step_length;step_width
1;0.43337865397688646;0.09347382732834807
2;0.46736913664174035;0.18014955812372535
3;0.5166553365057784;0.3025152957171992
4;0.43847722637661457;0.0866757307953773
5;0.4129843643779742;0.14276002719238615
6;0.43677770224337187;0.2804214819850442
7;0.46906866077498305;0.11556764106050306
8;0.40278721957851804;0.1937457511896669
mean;0.44718728755948334;0.17441366417403129
standard_deviation;0.03396325281671268;0.07645940493283292
