index;step_length;step_width
1;0.4707681849082257;0.2668252889191027
2;0.4112848402447315;0.08497620666213461
3;0.4520734194425561;0.16145479265805576
4;0.49966009517335147;0.28721957851801494
5;0.4452753229095853;0.1070700203942896
6;0.39768864717878993;0.16655336505778381
7;0.4520734194425561;0.27192386131883073
8;0.513256288239293;0.10197144799456152
mean;0.4552600271923861;0.1809993201903467
standard_deviation;0.036986009870529565;0.07781241130660359
