index;step_length;step_width
1;0.42148198504418766;0.13596193065941536
2;0.3908905506458192;0.23963290278721958
3;0.4401767505098573;0.11386811692726037
4;0.46736913664174035;0.18354860639021076
5;0.4928619986403807;0.07477906186267845
6;0.46397008837525494;0.13256288239293
7;0.42148198504418766;0.22773623385452074
8;0.4418762746431;0.1070700203942896
mean;0.44251359619306596;0.15189496940856562
standard_deviation;0.029934519726125427;0.055319037357223856
