index;step_length;step_width
1;0.49966009517335147;0.10197144799456152
2;0.46057104010876954;0.20394289598912305
3;0.41978246091094495;0.33820530251529574
4;0.3874915023793338;0.16315431679129844
5;0.4316791298436438;0.270224337185588
6;0.48606390210740996;0.10027192386131883
7;0.4316791298436438;0.1733514615907546
8;0.4894629503738953;0.3297076818490823
mean;0.4507987763426241;0.2101036709721278
standard_deviation;0.0369499959232612;0.08780529180245188
