index;step_length;step_width
1;0.43507817811012917;0.10876954452753229
2;0.4894629503738953;0.18184908225696805
3;0.41808293677770225;0.33310673011556763
4;0.4452753229095853;0.06968048946295037
5;0.49796057104010877;0.13086335825968728
6;0.45037389530931343;0.20224337185588037
7;0.40108769544527534;0.3229095853161115
8;0.4401767505098573;0.0866757307953773
mean;0.44718728755948334;0.17951223657375937
standard_deviation;0.0307143733626487;0.0953474598176182
