index;step_length;step_width
1;0.446974847042828;0.29401767505098575
2;0.48436437797416726;0.13766145479265807
3;0.4265805574439157;0.22093813732155
4;0.48096532970768185;0.07987763426240653
5;0.42318150917743036;0.12066621346023114
6;0.3959891230455473;0.2124405166553365
7;0.4452753229095853;0.3433038749150238
8;0.5081577158395649;0.07817811012916384
mean;0.4514360978925901;0.18588545207341944
standard_deviation;0.034860317168891396;0.09207648426636354
