index;step_length;step_width
1;0.49796057104010877;0.07138001359619307
2;0.446974847042828;0.1342624065261727
3;0.40108769544527534;0.24133242692046228
4;0.43337865397688646;0.07307953772943576
5;0.4707681849082257;0.14445955132562882
6;0.41978246091094495;0.2566281441196465
7;0.4571719918422842;0.08837525492861999
8;0.3908905506458192;0.16485384092454114
mean;0.4397518694765466;0.14679639700883754
standard_deviation;0.033592482072810945;0.06710397039465962
