index;step_length;step_width
1;0.43677770224337187;0.3467029231815092
2;0.3908905506458192;0.16995241332426922
3;0.446974847042828;0.32460910944935417
4;0.49796057104010877;0.09347382732834807
5;0.46566961250849764;0.1750509857239973
6;0.4299796057104011;0.26342624065261727
7;0.4554724677090415;0.10027192386131883
8;0.42318150917743036;0.18184908225696805
mean;0.4433633582596873;0.20691706322229775
standard_deviation;0.029625361334541443;0.08932915324083858
