index;step_length;step_width
1;0.4265805574439157;0.11726716519374576
2;0.4520734194425561;0.22773623385452074
3;0.513256288239293;0.07647858599592114
4;0.4707681849082257;0.11726716519374576
5;0.49966009517335147;0.21074099252209383
6;0.4299796057104011;0.33990482664853844
7;0.3874915023793338;0.09177430319510538
8;0.41808293677770225;0.14106050305914344
mean;0.4497365737593474;0.16527872195785182
standard_deviation;0.03996536337350362;0.0828757656778957
