index;step_length;step_width
1;0.43337865397688646;0.22433718558803536
2;0.4945615227736234;0.10367097212780423
3;0.4707681849082257;0.18014955812372535
4;0.4078857919782461;0.34160435078178114
5;0.4537729435757988;0.16145479265805576
6;0.41808293677770225;0.3178110129163834
7;0.46227056424201224;0.1342624065261727
8;0.43847722637661457;0.22943575798776344
mean;0.4473997280761387;0.21159075458871518
standard_deviation;0.026760760105370054;0.07889527116543277
