index;step_length;step_width
1;0.43847722637661457;0.1495581237253569
2;0.41638341264445955;0.2566281441196465
3;0.4452753229095853;0.10367097212780423
4;0.4877634262406526;0.1903467029231815
5;0.424881033310673;0.08497620666213461
6;0.4877634262406526;0.14445955132562882
7;0.513256288239293;0.26002719238613187
8;0.43677770224337187;0.08157715839564922
mean;0.45632222977566284;0.1589055064581917
standard_deviation;0.03283426085377576;0.06666707007617115
