index;step_length;step_width
1;0.46227056424201224;0.22943575798776344
2;0.4095853161114888;0.07647858599592114
3;0.4418762746431;0.11896668932698845
4;0.3857919782460911;0.21074099252209383
5;0.43337865397688646;0.08497620666213461
6;0.4095853161114888;0.14615907545887152
7;0.4554724677090415;0.2583276682528892
8;0.39768864717878993;0.07477906186267845
mean;0.4244561522773624;0.1499830047586676
standard_deviation;0.026049746866025375;0.06892377115533456
