index;step_length;step_width
1;0.4571719918422842;0.07647858599592114
2;0.424881033310673;0.13936097892590074
3;0.3857919782460911;0.23453433038749152
4;0.4282800815771584;0.10197144799456152
5;0.4061862678450034;0.16825288919102652
6;0.46566961250849764;0.07647858599592114
7;0.4316791298436438;0.12066621346023114
8;0.4928619986403807;0.20564242012236575
mean;0.43656526172671656;0.14042318150917743
standard_deviation;0.031958708556604584;0.054695491724569174
