index;step_length;step_width
1;0.3840924541128484;0.34160435078178114
2;0.40448674371176074;0.13766145479265807
3;0.4401767505098573;0.270224337185588
4;0.5013596193065941;0.09177430319510538
5;0.4537729435757988;0.16485384092454114
6;0.5047586675730795;0.3212100611828688
7;0.4520734194425561;0.09857239972807615
8;0.41808293677770225;0.15975526852481306
mean;0.44485044187627465;0.19820700203942898
standard_deviation;0.040269667567939565;0.09245996063540701
