index;step_length;step_width
1;0.424881033310673;0.1954452753229096
2;0.3857919782460911;0.2991162474507138
3;0.4401767505098573;0.07477906186267845
4;0.46227056424201224;0.11386811692726037
5;0.5030591434398368;0.20054384772263767
6;0.45037389530931343;0.33310673011556763
7;0.3823929299796057;0.12066621346023114
8;0.43507817811012917;0.22773623385452074
mean;0.4355030591434399;0.19565771583956493
standard_deviation;0.036959765885336546;0.0848334861132212
