index;step_length;step_width
1;0.4554724677090415;0.0866757307953773
2;0.41808293677770225;0.1716519374575119
3;0.4537729435757988;0.31101291638341266
4;0.3925900747790619;0.1274643099932019
5;0.4299796057104011;0.2379333786539769
6;0.48266485384092456;0.11216859279401768
7;0.4146838885112169;0.16995241332426922
8;0.4520734194425561;0.26342624065261727
mean;0.43741502379333785;0.1850356900067981
standard_deviation;0.026951493693572446;0.07375541908654468
