index;step_length;step_width
1;0.45037389530931343;0.10197144799456152
2;0.3908905506458192;0.15295717199184228
3;0.41978246091094495;0.26002719238613187
4;0.4758667573079538;0.07477906186267845
5;0.43847722637661457;0.11556764106050306
6;0.46736913664174035;0.1733514615907546
7;0.39938817131203264;0.31271244051665537
8;0.4435757987763426;0.14615907545887152
mean;0.43571549966009515;0.16719068660774983
standard_deviation;0.02846306551338825;0.0757763738946503
