index;step_length;step_width
1;0.4775662814411965;0.10027192386131883
2;0.513256288239293;0.16995241332426922
3;0.45037389530931343;0.07647858599592114
4;0.3925900747790619;0.13936097892590074
5;0.41638341264445955;0.24983004758667574
6;0.3891910265125765;0.12406526172671653
7;0.43507817811012917;0.22433718558803536
8;0.48436437797416726;0.08327668252889191
mean;0.44485044187627465;0.14594663494221616
standard_deviation;0.041947185601387674;0.0600778626035829
