index;step_length;step_width
1;0.4588715159755269;0.11896668932698845
2;0.4316791298436438;0.1971447994561523
3;0.3959891230455473;0.09007477906186268
4;0.4418762746431;0.15635622025832768
5;0.4758667573079538;0.29401767505098575
6;0.43507817811012917;0.12236573759347383
7;0.48266485384092456;0.2141400407885792
8;0.4146838885112169;0.07987763426240653
mean;0.4420887151597553;0.15911794697484705
standard_deviation;0.027619718293151335;0.06771989244869075
