index;step_length;step_width
1;0.41638341264445955;0.07817811012916384
2;0.3857919782460911;0.1257647858599592
3;0.41978246091094495;0.20734194425560845
4;0.4452753229095853;0.3195105370496261
5;0.4061862678450034;0.12066621346023114
6;0.4282800815771584;0.18354860639021076
7;0.46906866077498305;0.2991162474507138
8;0.5064581917063222;0.07817811012916384
mean;0.4346532970768185;0.17653806934058464
standard_deviation;0.03578850397899296;0.08768802395294621
