index;step_length;step_width
1;0.4435757987763426;0.14276002719238615
2;0.4112848402447315;0.2838205302515296
3;0.4401767505098573;0.07987763426240653
4;0.491162474507138;0.12406526172671653
5;0.46227056424201224;0.21923861318830729
6;0.491162474507138;0.07647858599592114
7;0.43677770224337187;0.14445955132562882
mean;0.4537729435757988;0.1529571719918423
standard_deviation;0.027388941939831744;0.06940458479152024
