index;step_length;step_width
1;0.3908905506458192;0.1070700203942896
2;0.4435757987763426;0.21074099252209383
3;0.4775662814411965;0.07987763426240653
4;0.4146838885112169;0.11896668932698845
5;0.3891910265125765;0.21753908905506458
6;0.4452753229095853;0.3280081577158396
7;0.4707681849082257;0.11556764106050306
8;0.43337865397688646;0.19884432358939497
mean;0.43316621346023115;0.17207681849082257
standard_deviation;0.031030135537032964;0.07691989713728617
