index;step_length;step_width
1;0.40448674371176074;0.0866757307953773
2;0.46227056424201224;0.16315431679129844
3;0.4129843643779742;0.2515295717199184
4;0.44867437117607073;0.08837525492861999
5;0.4095853161114888;0.1495581237253569
6;0.4401767505098573;0.2379333786539769
7;0.48266485384092456;0.09177430319510538
8;0.5149558123725357;0.13766145479265807
mean;0.4469748470428281;0.1508327668252889
standard_deviation;0.03629190432369583;0.06078472264578544
