index;step_length;step_width
1;0.41638341264445955;0.07307953772943576
2;0.46566961250849764;0.14106050305914344
3;0.42318150917743036;0.23283480625424882
4;0.4775662814411965;0.08497620666213461
5;0.41808293677770225;0.13086335825968728
6;0.4588715159755269;0.20904146838885113
7;0.41978246091094495;0.3178110129163834
8;0.4418762746431;0.1512576478585996
mean;0.4401767505098573;0.1676155676410605
standard_deviation;0.022801508947992426;0.07633653200051946
