index;step_length;step_width
1;0.4520734194425561;0.33480625424881033
2;0.4146838885112169;0.11386811692726037
3;0.43847722637661457;0.20734194425560845
4;0.5030591434398368;0.06968048946295037
5;0.44867437117607073;0.11216859279401768
6;0.3857919782460911;0.18014955812372535
7;0.4146838885112169;0.31441196464989807
8;0.4571719918422842;0.06968048946295037
mean;0.4393269884432359;0.1752634262406526
standard_deviation;0.03299878966510467;0.09741341694271298
