index;step_length;step_width
1;0.43337865397688646;0.1070700203942896
2;0.46736913664174035;0.19884432358939497
3;0.4112848402447315;0.3467029231815092
4;0.46057104010876954;0.14785859959211423
5;0.5013596193065941;0.29061862678450034
6;0.4282800815771584;0.11386811692726037
7;0.3942895989123046;0.18864717878993884
8;0.4265805574439157;0.07138001359619307
mean;0.4403891910265126;0.18312372535690008
standard_deviation;0.03203769220145343;0.0886719692823302
