index;step_length;step_width
1;0.6645139360978927;0.2974167233174711
2;0.6203263086335826;0.08327668252889191
3;0.6883072739632903;0.14615907545887152
4;0.7324949014276003;0.23453433038749152
5;0.6577158395649219;0.10367097212780423
mean;0.6726716519374575;0.17301155676410604
standard_deviation;0.03702311027651965;0.08104716802386946
