index;step_length;step_width
1;0.6339225016995241;0.27362338545207343
2;0.5625424881033311;0.08327668252889191
3;0.623725356900068;0.15805574439157036
4;0.6713120326308634;0.24133242692046228
5;0.7290958531611149;0.09007477906186268
mean;0.6441196464989802;0.16927260367097213
standard_deviation;0.05501840263847262;0.0772982737104249
