index;step_length;step_width
1;0.6169272603670972;0.12236573759347383
2;0.7002039428959892;0.22603670972127804
3;0.6322229775662814;0.07817811012916384
4;0.7171991842284161;0.1495581237253569
5;0.623725356900068;0.2685248130523454
mean;0.6580557443915704;0.1689326988443236
standard_deviation;0.0419806542545975;0.06922385236996771
