index;step_length;step_width
1;0.5982324949014276;0.08157715839564922
2;0.6492182188987083;0.14615907545887152
3;0.5999320190346703;0.28891910265125764
4;0.6356220258327668;0.08327668252889191
5;0.7273963290278722;0.16485384092454114
mean;0.6420802175390891;0.15295717199184228
standard_deviation;0.04705441871018956;0.07566223415891252
