index;step_length;step_width
1;0.5710401087695446;0.08327668252889191
2;0.5387491502379333;0.13086335825968728
3;0.5676410605030592;0.19884432358939497
4;0.6118286879673691;0.31271244051665537
5;0.53025152957172;0.15465669612508498
6;0.579537729435758;0.30591434398368456
mean;0.5665080444142306;0.19771130750056654
standard_deviation;0.026865863814591828;0.08597681150114586
