index;step_length;step_width
1;0.5234534330387491;0.12066621346023114
2;0.5846363018354861;0.20734194425560845
3;0.5047586675730795;0.3229095853161115
4;0.4724677090414684;0.14615907545887152
5;0.5098572399728076;0.28891910265125764
6;0.5761386811692726;0.110469068660775
mean;0.5285520054384772;0.1994108316338092
standard_deviation;0.039784839941263174;0.0819285022817697
