index;step_length;step_width
1;0.5948334466349422;0.30761386811692726
2;0.557443915703603;0.13256288239293
3;0.48606390210740996;0.26342624065261727
4;0.5370496261046908;0.12406526172671653
5;0.5880353501019715;0.24303195105370498
6;0.5166553365057784;0.09007477906186268
mean;0.5466802628597326;0.1934624971674598
standard_deviation;0.038326268469482984;0.08123664123233526
