index;step_length;step_width
1;0.5251529571719918;0.11556764106050306
2;0.4741672331747111;0.18524813052345343
3;0.513256288239293;0.33990482664853844
4;0.48266485384092456;0.15465669612508498
5;0.5455472467709042;0.30591434398368456
6;0.4758667573079538;0.07647858599592114
7;0.5234534330387491;0.1274643099932019
mean;0.5057298242206468;0.1864620763329125
standard_deviation;0.026058867369134188;0.09214096597706302
