index;step_length;step_width
1;0.5370496261046908;0.14785859959211423
2;0.4775662814411965;0.26002719238613187
3;0.5149558123725357;0.07987763426240653
4;0.48096532970768185;0.12236573759347383
5;0.5251529571719918;0.24133242692046228
6;0.4741672331747111;0.11386811692726037
7;0.5455472467709042;0.22093813732155
mean;0.5079149266776731;0.1694668350004856
standard_deviation;0.027769391819816875;0.06526649561510234
