index;step_length;step_width
1;0.5863358259687288;0.16485384092454114
2;0.5217539089055064;0.32460910944935417
3;0.5625424881033311;0.14276002719238615
4;0.6067301155676411;0.22433718558803536
5;0.5336505778382054;0.3467029231815092
6;0.5591434398368457;0.07647858599592114
mean;0.5616927260367098;0.21329027872195785
standard_deviation;0.028937694492206272;0.09691138055065593
