index;step_length;step_width
1;0.5965329707681849;0.1954452753229096
2;0.557443915703603;0.3042148198504419
3;0.6084296397008838;0.08157715839564922
4;0.5625424881033311;0.15465669612508498
5;0.6084296397008838;0.2515295717199184
6;0.5676410605030592;0.10027192386131883
mean;0.5835032857466577;0.1812825742125538
standard_deviation;0.021534758450881753;0.07901518058427726
