index;step_length;step_width
1;0.6118286879673691;0.2804214819850442
2;0.579537729435758;0.08497620666213461
3;0.6135282121006118;0.16485384092454114
4;0.5285520054384772;0.24643099932019036
5;0.4962610469068661;0.08497620666213461
6;0.5387491502379333;0.15295717199184228
mean;0.5614094720145025;0.16910265125764787
standard_deviation;0.04363583143360912;0.07394232182263148
