index;step_length;step_width
1;0.5557443915703604;0.07647858599592114
2;0.6288239292997961;0.14276002719238615
3;0.579537729435758;0.26342624065261727
4;0.5166553365057784;0.07477906186267845
5;0.5880353501019715;0.1257647858599592
6;0.5183548606390211;0.24983004758667574
mean;0.564525266258781;0.1555064581917063
standard_deviation;0.039607988360431036;0.07566700584460824
