index;step_length;step_width
1;0.5268524813052345;0.0866757307953773
2;0.5693405846363019;0.14106050305914344
3;0.6118286879673691;0.23453433038749152
4;0.5506458191706323;0.08327668252889191
5;0.491162474507138;0.14785859959211423
6;0.5251529571719918;0.29231815091774305
mean;0.5458305007931112;0.1642873328801269
standard_deviation;0.03809634972795623;0.07607255985313628
