index;step_length;step_width
1;0.5710401087695446;0.07477906186267845
2;0.5217539089055064;0.11556764106050306
3;0.491162474507138;0.1954452753229096
4;0.5455472467709042;0.32460910944935417
5;0.579537729435758;0.12236573759347383
6;0.6101291638341265;0.2379333786539769
mean;0.5531951053704963;0.17845003399048265
standard_deviation;0.03904900952699255;0.08469247896966946
