index;step_length;step_width
1;0.49966009517335147;0.15805574439157036
2;0.5421481985044188;0.2838205302515296
3;0.6203263086335826;0.07647858599592114
4;0.5710401087695446;0.11386811692726037
5;0.5285520054384772;0.1971447994561523
6;0.48436437797416726;0.3484024473147519
mean;0.5410151824155903;0.19629503738953094
standard_deviation;0.04521784738909445;0.09434910432440034
