index;step_length;step_width
1;0.5217539089055064;0.3450033990482665
2;0.4928619986403807;0.16145479265805576
3;0.5455472467709042;0.29401767505098575
4;0.4707681849082257;0.11726716519374576
5;0.5251529571719918;0.18694765465669613
6;0.5880353501019715;0.07817811012916384
mean;0.5240199410831633;0.1971447994561523
standard_deviation;0.03735947675911524;0.09412561418254284
