index;step_length;step_width
1;0.5727396329027873;0.23453433038749152
2;0.5319510537049627;0.09687287559483344
3;0.4775662814411965;0.18014955812372535
4;0.5251529571719918;0.3467029231815092
5;0.5846363018354861;0.13936097892590074
6;0.6186267845003399;0.26172671651937457
mean;0.5517788352594607;0.20989123045547245
standard_deviation;0.0458206611237054;0.08230418300996103
