index;step_length;step_width
1;0.6288239292997961;0.3433038749150238
2;0.5625424881033311;0.16825288919102652
3;0.5098572399728076;0.2685248130523454
4;0.5625424881033311;0.10197144799456152
5;0.6288239292997961;0.15805574439157036
6;0.5829367777022434;0.2549286199864038
mean;0.5792544754135509;0.2158395649218219
standard_deviation;0.041437459288744906;0.08074677454156734
