index;step_length;step_width
1;0.46906866077498305;0.30931339225016996
2;0.4945615227736234;0.07817811012916384
3;0.4520734194425561;0.15295717199184228
4;0.49796057104010877;0.3042148198504419
5;0.4299796057104011;0.09177430319510538
6;0.46566961250849764;0.1512576478585996
7;0.5268524813052345;0.26342624065261727
mean;0.47659512479362925;0.19301738370399146
standard_deviation;0.02989364663809145;0.09073820643757104
