index;step_length;step_width
1;0.46397008837525494;0.3280081577158396
2;0.5030591434398368;0.07647858599592114
3;0.5693405846363019;0.1342624065261727
4;0.5064581917063222;0.2549286199864038
5;0.4724677090414684;0.10027192386131883
6;0.5268524813052345;0.1920462270564242
7;0.47926580557443915;0.07138001359619307
mean;0.5030591434398369;0.1653394192483248
standard_deviation;0.03380790041679582;0.09033649335305312
