index;step_length;step_width
1;0.4877634262406526;0.2804214819850442
2;0.540448674371176;0.11896668932698845
3;0.47926580557443915;0.2124405166553365
4;0.5285520054384772;0.07307953772943576
5;0.48606390210740996;0.14445955132562882
6;0.4537729435757988;0.21753908905506458
7;0.48606390210740996;0.08157715839564922
mean;0.49456152277362336;0.16121200349616394
standard_deviation;0.02764386778185934;0.07189511426767561
