index;step_length;step_width
1;0.4741672331747111;0.33310673011556763
2;0.5251529571719918;0.08837525492861999
3;0.5013596193065941;0.1716519374575119
4;0.46057104010876954;0.31441196464989807
5;0.5013596193065941;0.07138001359619307
6;0.4435757987763426;0.10876954452753229
7;0.49966009517335147;0.1920462270564242
mean;0.48654948043119356;0.1828202389045353
standard_deviation;0.026119871433972666;0.09778587810141834
