index;step_length;step_width
1;0.53025152957172;0.1291638341264446
2;0.48606390210740996;0.22263766145479266
3;0.5217539089055064;0.08157715839564922
4;0.46906866077498305;0.1342624065261727
5;0.4452753229095853;0.21074099252209383
6;0.5030591434398368;0.3229095853161115
7;0.5370496261046908;0.10367097212780423
mean;0.4989317276876761;0.17213751578129552
standard_deviation;0.031414703473789225;0.0783242502376814
