index;step_length;step_width
1;0.5166553365057784;0.11726716519374576
2;0.46397008837525494;0.1903467029231815
3;0.491162474507138;0.3297076818490823
4;0.5540448674371177;0.13936097892590074
5;0.5166553365057784;0.22603670972127804
6;0.46227056424201224;0.3467029231815092
7;0.4282800815771584;0.15975526852481306
mean;0.49043410702146256;0.21559677575993005
standard_deviation;0.039240317122131885;0.08413896850101286
