index;step_length;step_width
1;0.43847722637661457;0.2583276682528892
2;0.47926580557443915;0.110469068660775
3;0.5183548606390211;0.2158395649218219
4;0.552345343303875;0.10197144799456152
5;0.5149558123725357;0.16995241332426922
6;0.46397008837525494;0.08157715839564922
7;0.5217539089055064;0.12406526172671653
mean;0.4984461493638924;0.15174322618238323
standard_deviation;0.03639084777592316;0.06055728244021534
