index;step_length;step_width
1;0.46736913664174035;0.23453433038749152
2;0.5183548606390211;0.0866757307953773
3;0.5557443915703604;0.1512576478585996
4;0.48436437797416726;0.29061862678450034
5;0.513256288239293;0.13936097892590074
6;0.4724677090414684;0.21923861318830729
7;0.4316791298436438;0.33480625424881033
mean;0.4918908419928134;0.20807031174128388
standard_deviation;0.03759705998649969;0.08140427696404952
