index;step_length;step_width
1;0.491162474507138;0.13256288239293
2;0.4452753229095853;0.26512576478586
3;0.4894629503738953;0.1070700203942896
4;0.552345343303875;0.18184908225696805
5;0.49966009517335147;0.09007477906186268
6;0.53025152957172;0.14785859959211423
mean;0.5013596193065942;0.15409018808067074
standard_deviation;0.03373459082474374;0.057605818349812654
