index;step_length;step_width
1;0.46397008837525494;0.07307953772943576
2;0.5268524813052345;0.14276002719238615
3;0.45037389530931343;0.21923861318830729
4;0.5013596193065941;0.09347382732834807
5;0.46057104010876954;0.1495581237253569
6;0.4945615227736234;0.2787219578518015
7;0.5336505778382054;0.06968048946295037
mean;0.4901913178595708;0.14664465378265515
standard_deviation;0.030535503222904607;0.0726049206305746
