index;step_length;step_width
1;0.48266485384092456;0.14106050305914344
2;0.5421481985044188;0.270224337185588
3;0.5013596193065941;0.08327668252889191
4;0.5506458191706323;0.13596193065941536
5;0.4758667573079538;0.23283480625424882
6;0.43337865397688646;0.07647858599592114
7;0.47926580557443915;0.1257647858599592
mean;0.49504710109740696;0.15222880450616685
standard_deviation;0.0376503291735071;0.06761492904095712
