index;step_length;step_width
1;0.46397008837525494;0.15975526852481306
2;0.5336505778382054;0.3042148198504419
3;0.5642420122365738;0.14785859959211423
4;0.48266485384092456;0.2838205302515296
5;0.4418762746431;0.08157715839564922
6;0.48266485384092456;0.15975526852481306
7;0.5540448674371177;0.31441196464989807
mean;0.5033019326017286;0.2073419442556085
standard_deviation;0.04372227688941812;0.0850053363687534
