index;step_length;step_width
1;0.5047586675730795;0.09007477906186268
2;0.4418762746431;0.16995241332426922
3;0.49966009517335147;0.26172671651937457
4;0.5387491502379333;0.09007477906186268
5;0.5659415363698165;0.14276002719238615
6;0.5030591434398368;0.21923861318830729
mean;0.5090074779061863;0.1623045547246771
standard_deviation;0.03823929299796056;0.0632468873427669
