index;step_length;step_width
1;0.5387491502379333;0.3433038749150238
2;0.48096532970768185;0.13766145479265807
3;0.5421481985044188;0.20904146838885113
4;0.46397008837525494;0.31441196464989807
5;0.5081577158395649;0.1342624065261727
6;0.4554724677090415;0.24133242692046228
7;0.48096532970768185;0.07307953772943576
mean;0.4957754685830825;0.20758473341750025
standard_deviation;0.03212716242657573;0.0920635244791351
