index;step_length;step_width
1;0.513256288239293;0.26002719238613187
2;0.4537729435757988;0.10876954452753229
3;0.4928619986403807;0.2124405166553365
4;0.5336505778382054;0.33480625424881033
5;0.4928619986403807;0.15975526852481306
6;0.5183548606390211;0.2787219578518015
7;0.46736913664174035;0.08837525492861999
mean;0.4960182577449742;0.2061279984461494
standard_deviation;0.02628858441029265;0.0847414173385393
