index;step_length;step_width
1;0.6849082256968049;0.10876954452753229
2;0.6186267845003399;0.18864717878993884
3;0.6951053704962611;0.2855200543847723
4;0.6560163154316792;0.1291638341264446
5;0.6050305914343984;0.1954452753229096
mean;0.6519374575118967;0.18150917743031952
standard_deviation;0.03543171565068109;0.061797277566489714
