index;step_length;step_width
1;0.7171991842284161;0.08497620666213461
2;0.6594153636981646;0.16485384092454114
3;0.6067301155676411;0.2583276682528892
4;0.6594153636981646;0.11216859279401768
5;0.7104010876954453;0.1954452753229096
mean;0.6706322229775663;0.16315431679129844
standard_deviation;0.04021233561161184;0.06134316941354717
