index;step_length;step_width
1;0.6305234534330387;0.22433718558803536
2;0.690006798096533;0.08327668252889191
3;0.6424201223657376;0.1257647858599592
4;0.7256968048946295;0.23963290278721958
5;0.6798096532970769;0.0866757307953773
mean;0.6736913664174031;0.15193745751189666
standard_deviation;0.03420395238094978;0.06721698518116472
