index;step_length;step_width
1;0.7222977566281441;0.09347382732834807
2;0.800475866757308;0.1733514615907546
3;0.7171991842284161;0.27532290958531613
4;0.6815091774303196;0.12406526172671653
mean;0.7303704962610469;0.16655336505778381
standard_deviation;0.04341901667512055;0.06896173883505603
