index;step_length;step_width
1;0.7358939496940857;0.26512576478586
2;0.6594153636981646;0.12066621346023114
3;0.6203263086335826;0.1971447994561523
4;0.6696125084976207;0.3484024473147519
5;0.5982324949014276;0.14276002719238615
mean;0.6566961250849763;0.2148198504418763
standard_deviation;0.04730175947015071;0.08336057595320769
