index;step_length;step_width
1;0.7800815771583957;0.08497620666213461
2;0.6815091774303196;0.1512576478585996
3;0.6322229775662814;0.2668252889191027
4;0.5999320190346703;0.11896668932698845
5;0.667912984364378;0.20224337185588037
mean;0.6723317471108089;0.16485384092454114
standard_deviation;0.06093309541888935;0.06397980436411956
