index;step_length;step_width
1;0.712100611828688;0.12406526172671653
2;0.7936777702243372;0.2362338545207342
3;0.6985044187627465;0.09177430319510538
4;0.6577158395649219;0.14615907545887152
mean;0.7154996600951733;0.1495581237253569
standard_deviation;0.04937402802968709;0.0536495381293834
