index;step_length;step_width
1;0.6373215499660095;0.07817811012916384
2;0.5999320190346703;0.14445955132562882
3;0.6390210740992522;0.21753908905506458
4;0.6730115567641061;0.3280081577158396
5;0.739292997960571;0.13766145479265807
mean;0.6577158395649219;0.18116927260367097
standard_deviation;0.046889621358418475;0.08571130045044337
