index;step_length;step_width
1;0.7307953772943576;0.09687287559483344
2;0.7902787219578519;0.18014955812372535
3;0.6866077498300476;0.08157715839564922
4;0.7273963290278722;0.14445955132562882
mean;0.7337695445275323;0.1257647858599592
standard_deviation;0.03696953326549794;0.039033596457701734
