index;step_length;step_width
1;0.6271244051665534;0.09347382732834807
2;0.6781101291638342;0.17845003399048268
3;0.712100611828688;0.2991162474507138
4;0.6186267845003399;0.09517335146159075
5;0.6883072739632903;0.14785859959211423
mean;0.6648538409245411;0.1628144119646499
standard_deviation;0.03610678919072603;0.07540526387515646
