index;step_length;step_width
1;0.6730115567641061;0.07987763426240653
2;0.7494901427600272;0.15465669612508498
3;0.7970768184908226;0.26512576478586
4;0.7222977566281441;0.11896668932698845
mean;0.735469068660775;0.15465669612508498
standard_deviation;0.04490693045344426;0.0690454556960295
