index;step_length;step_width
1;0.7579877634262406;0.11556764106050306
2;0.6917063222297757;0.2158395649218219
3;0.6339225016995241;0.09687287559483344
4;0.5982324949014276;0.17675050985723997
5;0.6696125084976207;0.270224337185588
mean;0.6702923181509177;0.1750509857239973
standard_deviation;0.054156983869759645;0.06383517619527948
