index;step_length;step_width
1;0.6713120326308634;0.3467029231815092
2;0.6203263086335826;0.14276002719238615
3;0.6543167912984365;0.24473147518694766
4;0.6050305914343984;0.11386811692726037
5;0.6424201223657376;0.1937457511896669
mean;0.6386811692726037;0.20836165873555407
standard_deviation;0.0236325537671906;0.08234961718818733
