index;step_length;step_width
1;0.5982324949014276;0.09007477906186268
2;0.6492182188987083;0.1342624065261727
3;0.7324949014276003;0.22093813732155
4;0.6611148878314073;0.3484024473147519
5;0.7443915703602991;0.12236573759347383
mean;0.6770904146838885;0.18320870156356223
standard_deviation;0.05449724942643142;0.09325665396209544
