index;step_length;step_width
1;0.6322229775662814;0.22943575798776344
2;0.6730115567641061;0.10537049626104691
3;0.7715839564921823;0.1903467029231815
4;0.6934058463630184;0.09347382732834807
5;0.6135282121006118;0.14785859959211423
mean;0.67675050985724;0.15329707681849086
standard_deviation;0.05525309524463932;0.051137322774514445
