index;step_length;step_width
1;0.7494901427600272;0.12406526172671653
2;0.8378653976886472;0.22263766145479266
3;0.7647858599592114;0.07477906186267845
4;0.8667573079537729;0.14615907545887152
mean;0.8047246770904147;0.1419102651257648
standard_deviation;0.04897018876350749;0.05329166798190059
