index;step_length;step_width
1;0.8242692046227057;0.11726716519374576
2;0.7477906186267845;0.20224337185588037
3;0.7970768184908226;0.31101291638341266
4;0.690006798096533;0.09517335146159075
mean;0.7647858599592114;0.1814242012236574
standard_deviation;0.051141276421927534;0.08482630387944498
