index;step_length;step_width
1;0.7409925220938137;0.3433038749150238
2;0.6985044187627465;0.14785859959211423
3;0.7715839564921823;0.28891910265125764
4;0.7138001359619307;0.07647858599592114
mean;0.7312202583276683;0.2141400407885792
standard_deviation;0.027832140100547784;0.10679315254502213
