index;step_length;step_width
1;0.761386811692726;0.14615907545887152
2;0.800475866757308;0.27702243371855884
3;0.8701563562202583;0.08497620666213461
4;0.761386811692726;0.13256288239293
mean;0.7983514615907545;0.16018014955812374
standard_deviation;0.044421916534052926;0.07118120601588152
