index;step_length;step_width
1;0.6849082256968049;0.1291638341264446
2;0.7647858599592114;0.20904146838885113
3;0.8072739632902788;0.07307953772943576
4;0.7375934738273284;0.13086335825968728
mean;0.7486403806934059;0.1355370496261047
standard_deviation;0.04439142721485039;0.04838982753835088
