index;step_length;step_width
1;0.7919782460910946;0.07307953772943576
2;0.7104010876954453;0.12066621346023114
3;0.773283480625425;0.24303195105370498
4;0.8463630183548607;0.11556764106050306
mean;0.7805064581917065;0.13808633582596874
standard_deviation;0.04856856702506456;0.06334433327352366
