index;step_length;step_width
1;0.7749830047586675;0.16655336505778381
2;0.8548606390210741;0.2566281441196465
3;0.7766825288919103;0.10876954452753229
4;0.7002039428959892;0.18354860639021076
mean;0.7766825288919104;0.17887491502379335
standard_deviation;0.05468930288818518;0.05275886558627766
