index;step_length;step_width
1;0.7766825288919103;0.30591434398368456
2;0.6798096532970769;0.1495581237253569
3;0.7647858599592114;0.28891910265125764
4;0.6917063222297757;0.12236573759347383
mean;0.7282460910944936;0.21668932698844323
standard_deviation;0.042902466218097665;0.08151960211814425
