index;step_length;step_width
1;0.7154996600951734;0.15295717199184228
2;0.7545887151597553;0.2821210061182869
3;0.6883072739632903;0.11896668932698845
4;0.7460910944935418;0.2141400407885792
mean;0.7261216859279402;0.1920462270564242
standard_deviation;0.0262293071618808;0.06218958009358256
