index;step_length;step_width
1;0.8259687287559484;0.0866757307953773
2;0.761386811692726;0.14785859959211423
3;0.6832087015635623;0.24643099932019036
4;0.7545887151597553;0.07138001359619307
mean;0.756288239292998;0.13808633582596874
standard_deviation;0.050559057718026906;0.06878743886391137
