index;step_length;step_width
1;0.7579877634262406;0.07647858599592114
2;0.7188987083616588;0.1495581237253569
3;0.7851801495581238;0.22603670972127804
4;0.7256968048946295;0.07817811012916384
mean;0.7469408565601632;0.13256288239293
standard_deviation;0.026561012250319135;0.06150070402012994
