index;step_length;step_width
1;0.8395649218218899;0.11726716519374576
2;0.7494901427600272;0.1903467029231815
3;0.7936777702243372;0.06968048946295037
4;0.7307953772943576;0.1274643099932019
mean;0.778382053025153;0.12618966689326988
standard_deviation;0.04206107637921339;0.04298443950316476
