index;step_length;step_width
1;0.6917063222297757;0.29571719918422845
2;0.7375934738273284;0.1070700203942896
3;0.8123725356900068;0.17845003399048268
4;0.9177430319510538;0.3484024473147519
mean;0.7898538409245413;0.23240992522093815
standard_deviation;0.08547926384572872;0.09497873146381623
