index;step_length;step_width
1;0.8259687287559484;0.29061862678450034
2;0.7596872875594833;0.13766145479265807
3;0.8242692046227057;0.2566281441196465
4;0.778382053025153;0.10197144799456152
mean;0.7970768184908226;0.1967199184228416
standard_deviation;0.028816833714842265;0.07885292910378082
