index;step_length;step_width
1;0.739292997960571;0.11386811692726037
2;0.8327668252889191;0.22263766145479266
3;0.9024473147518695;0.1070700203942896
4;0.7681849082256968;0.2141400407885792
mean;0.8106730115567642;0.16442895989123046
standard_deviation;0.06287090861010847;0.05409688365132405
