index;step_length;step_width
1;0.6951053704962611;0.33480625424881033
2;0.6577158395649219;0.16315431679129844
3;0.5897348742352142;0.30591434398368456
4;0.667912984364378;0.1495581237253569
5;0.5761386811692726;0.2549286199864038
mean;0.6373215499660094;0.24167233174711084
standard_deviation;0.04625703830374983;0.07433276374078393
