index;step_length;step_width
1;0.5642420122365738;0.14445955132562882
2;0.6050305914343984;0.24473147518694766
3;0.6390210740992522;0.110469068660775
4;0.7273963290278722;0.2141400407885792
5;0.6543167912984365;0.09007477906186268
mean;0.6380013596193066;0.16077498300475868
standard_deviation;0.05438052328745091;0.059484315812214104
