index;step_length;step_width
1;0.7070020394289599;0.08157715839564922
2;0.6339225016995241;0.13596193065941536
3;0.6798096532970769;0.24643099932019036
4;0.6441196464989803;0.07307953772943576
5;0.734194425560843;0.11386811692726037
mean;0.6798096532970769;0.1301835486063902
standard_deviation;0.037620570396292755;0.06234821895617969
