index;step_length;step_width
1;0.6730115567641061;0.09857239972807615
2;0.6322229775662814;0.17845003399048268
3;0.6866077498300476;0.29401767505098575
4;0.6407205982324949;0.11556764106050306
5;0.5710401087695446;0.20904146838885113
mean;0.6407205982324948;0.17912984364377976
standard_deviation;0.040189343994173884;0.07017697144929312
