index;step_length;step_width
1;0.6560163154316792;0.15295717199184228
2;0.7070020394289599;0.23453433038749152
3;0.6407205982324949;0.11216859279401768
4;0.601631543167913;0.1937457511896669
5;0.6407205982324949;0.32460910944935417
mean;0.6492182188987085;0.20360299116247452
standard_deviation;0.034041430206809734;0.07296799544109588
