index;step_length;step_width
1;0.734194425560843;0.15295717199184228
2;0.6662134602311353;0.2787219578518015
3;0.5727396329027873;0.10537049626104691
4;0.6305234534330387;0.1954452753229096
5;0.5625424881033311;0.09177430319510538
mean;0.6332426920462272;0.1648538409245411
standard_deviation;0.06315830478444795;0.06770849543433709
