index;step_length;step_width
1;0.47926580557443915;0.12066621346023114
2;0.44867437117607073;0.2124405166553365
3;0.3942895989123046;0.3484024473147519
4;0.43847722637661457;0.09007477906186268
5;0.4962610469068661;0.15635622025832768
6;0.4537729435757988;0.30761386811692726
7;0.4061862678450034;0.12406526172671653
8;0.46566961250849764;0.18694765465669613
mean;0.4478246091094494;0.19332087015635624
standard_deviation;0.032357975466790916;0.08632825639801349
