index;step_length;step_width
1;0.4265805574439157;0.07817811012916384
2;0.4571719918422842;0.13766145479265807
3;0.41808293677770225;0.24133242692046228
4;0.46057104010876954;0.11216859279401768
5;0.3959891230455473;0.18694765465669613
6;0.4316791298436438;0.07647858599592114
7;0.4724677090414684;0.11726716519374576
8;0.4452753229095853;0.18694765465669613
mean;0.43847722637661457;0.14212270564242013
standard_deviation;0.02357994039006051;0.054536836370618055
