index;step_length;step_width
1;0.4316791298436438;0.1495581237253569
2;0.39938817131203264;0.2855200543847723
3;0.4537729435757988;0.07307953772943576
4;0.41978246091094495;0.13766145479265807
5;0.46057104010876954;0.2141400407885792
6;0.39938817131203264;0.3433038749150238
7;0.43507817811012917;0.1291638341264446
8;0.46906866077498305;0.21923861318830729
mean;0.43359109449354183;0.19395819170632222
standard_deviation;0.024824653832626088;0.08343018107840273
