index;step_length;step_width
1;0.5081577158395649;0.15805574439157036
2;0.4435757987763426;0.2583276682528892
3;0.42148198504418766;0.07138001359619307
4;0.48096532970768185;0.110469068660775
5;0.4554724677090415;0.1920462270564242
6;0.3891910265125765;0.3467029231815092
7;0.4401767505098573;0.16145479265805576
8;0.40278721957851804;0.24983004758667574
mean;0.4427260367097213;0.19353331067301155
standard_deviation;0.03678596332752101;0.08287004758211511
