index;step_length;step_width
1;0.4741672331747111;0.34160435078178114
2;0.42148198504418766;0.1342624065261727
3;0.48096532970768185;0.26002719238613187
4;0.4129843643779742;0.1274643099932019
5;0.4435757987763426;0.20394289598912305
6;0.4112848402447315;0.10197144799456152
7;0.46397008837525494;0.1903467029231815
8;0.4945615227736234;0.33310673011556763
mean;0.45037389530931343;0.21159075458871515
standard_deviation;0.030508706782828417;0.08631257147330364
