index;step_length;step_width
1;0.40448674371176074;0.12236573759347383
2;0.4588715159755269;0.21923861318830729
3;0.48606390210740996;0.10876954452753229
4;0.4265805574439157;0.1750509857239973
5;0.3823929299796057;0.3212100611828688
6;0.43507817811012917;0.14276002719238615
7;0.4707681849082257;0.22263766145479266
8;0.424881033310673;0.07477906186267845
mean;0.4361403806934058;0.1733514615907546
standard_deviation;0.032245503401833256;0.07401227596164744
