index;step_length;step_width
1;0.43337865397688646;0.12066621346023114
2;0.4775662814411965;0.2362338545207342
3;0.4316791298436438;0.08157715839564922
4;0.4112848402447315;0.12406526172671653
5;0.4418762746431;0.24643099932019036
6;0.48266485384092456;0.12066621346023114
7;0.41978246091094495;0.2141400407885792
8;0.46227056424201224;0.09007477906186268
mean;0.44506288239293;0.1542318150917743
standard_deviation;0.02467878607652798;0.06262204496871525
