index;step_length;step_width
1;0.4571719918422842;0.2532290958531611
2;0.49796057104010877;0.10876954452753229
3;0.42318150917743036;0.2141400407885792
4;0.48096532970768185;0.07138001359619307
5;0.4401767505098573;0.1342624065261727
6;0.40108769544527534;0.22603670972127804
7;0.46057104010876954;0.07647858599592114
8;0.3908905506458192;0.1512576478585996
mean;0.4440006798096533;0.15444425560842964
standard_deviation;0.03506491453852021;0.06512436716506344
