index;step_length;step_width
1;0.4707681849082257;0.3263086335825969
2;0.4061862678450034;0.11216859279401768
3;0.4299796057104011;0.20394289598912305
4;0.48096532970768185;0.08837525492861999
5;0.4112848402447315;0.1733514615907546
6;0.4418762746431;0.08157715839564922
7;0.5030591434398368;0.13766145479265807
8;0.446974847042828;0.2668252889191027
mean;0.44888681169272604;0.17377634262406527
standard_deviation;0.031800152745353756;0.08195139029604809
