index;step_length;step_width
1;0.3908905506458192;0.3229095853161115
2;0.4146838885112169;0.14445955132562882
3;0.43507817811012917;0.22943575798776344
4;0.49796057104010877;0.07987763426240653
5;0.43847722637661457;0.13086335825968728
6;0.4758667573079538;0.2532290958531611
7;0.4265805574439157;0.07817811012916384
8;0.4571719918422842;0.14615907545887152
mean;0.4420887151597553;0.1731390210740993
standard_deviation;0.031947409238248445;0.08144621428663583
