index;step_length;step_width
1;0.3908905506458192;0.3008157715839565
2;0.42148198504418766;0.09347382732834807
3;0.44867437117607073;0.18354860639021076
4;0.5030591434398368;0.29401767505098575
5;0.45037389530931343;0.07817811012916384
6;0.48606390210740996;0.11896668932698845
7;0.43677770224337187;0.19884432358939497
8;0.4741672331747111;0.3450033990482665
mean;0.4514360978925901;0.20160605030591433
standard_deviation;0.03385144809913338;0.09554794167785799
