index;step_length;step_width
1;0.46906866077498305;0.1342624065261727
2;0.42318150917743036;0.20224337185588037
3;0.4707681849082257;0.3501019714479946
4;0.43677770224337187;0.1716519374575119
5;0.4112848402447315;0.3280081577158396
6;0.4401767505098573;0.14785859959211423
7;0.3840924541128484;0.29231815091774305
8;0.4316791298436438;0.07647858599592114
mean;0.4333786539768865;0.2128653976886472
standard_deviation;0.026818038473928447;0.09301984030217822
