index;step_length;step_width
1;0.5098572399728076;0.08157715839564922
2;0.4707681849082257;0.14785859959211423
3;0.4146838885112169;0.27192386131883073
4;0.46736913664174035;0.13256288239293
5;0.4146838885112169;0.2158395649218219
6;0.3857919782460911;0.3297076818490823
7;0.42148198504418766;0.13256288239293
8;0.39768864717878993;0.22433718558803536
mean;0.43529061862678453;0.1920462270564242
standard_deviation;0.03992468959818943;0.0775986788362669
