index;step_length;step_width
1;0.40448674371176074;0.10027192386131883
2;0.446974847042828;0.18694765465669613
3;0.49966009517335147;0.33480625424881033
4;0.4758667573079538;0.15295717199184228
5;0.43507817811012917;0.2379333786539769
6;0.4707681849082257;0.07138001359619307
7;0.4112848402447315;0.10876954452753229
8;0.43677770224337187;0.20564242012236575
mean;0.44761216859279407;0.17483854520734193
standard_deviation;0.030614292719517478;0.08044710320436678
