index;step_length;step_width
1;0.3874915023793338;0.11726716519374576
2;0.4316791298436438;0.18694765465669613
3;0.4877634262406526;0.29231815091774305
4;0.45037389530931343;0.07987763426240653
5;0.513256288239293;0.1274643099932019
6;0.46057104010876954;0.20224337185588037
7;0.42318150917743036;0.331407205982325
8;0.46566961250849764;0.0866757307953773
mean;0.4524983004758668;0.178025152957172
standard_deviation;0.03656693139305163;0.08766460304033118
