index;step_length;step_width
1;0.5557443915703604;0.13936097892590074
2;0.5149558123725357;0.22603670972127804
3;0.557443915703603;0.1070700203942896
4;0.623725356900068;0.2124405166553365
5;0.5880353501019715;0.07307953772943576
6;0.53025152957172;0.13596193065941536
mean;0.5616927260367098;0.14899161568094266
standard_deviation;0.03598218110084998;0.054381821620991345
