index;step_length;step_width
1;0.6254248810333107;0.26172671651937457
2;0.5863358259687288;0.08497620666213461
3;0.5064581917063222;0.1342624065261727
4;0.5336505778382054;0.2685248130523454
5;0.5030591434398368;0.08157715839564922
6;0.5761386811692726;0.14615907545887152
mean;0.5551778835259461;0.16287106276909136
standard_deviation;0.044531280023611695;0.0760583202279632
