index;step_length;step_width
1;0.5727396329027873;0.0866757307953773
2;0.49796057104010877;0.15635622025832768
3;0.5455472467709042;0.28891910265125764
4;0.5846363018354861;0.09347382732834807
5;0.6305234534330387;0.14615907545887152
6;0.5438477226376615;0.2532290958531611
mean;0.5625424881033311;0.17080217539089057
standard_deviation;0.040871111455761965;0.07595909624115633
