index;step_length;step_width
1;0.5625424881033311;0.16825288919102652
2;0.6203263086335826;0.26342624065261727
3;0.53025152957172;0.1257647858599592
4;0.491162474507138;0.2362338545207342
5;0.5234534330387491;0.10197144799456152
6;0.5965329707681849;0.1971447994561523
mean;0.5540448674371177;0.18213233627917516
standard_deviation;0.04420941086591134;0.05709167338190113
