index;step_length;step_width
1;0.5693405846363019;0.20734194425560845
2;0.6322229775662814;0.07647858599592114
3;0.5642420122365738;0.14785859959211423
4;0.5965329707681849;0.270224337185588
5;0.5455472467709042;0.09007477906186268
6;0.46906866077498305;0.14785859959211423
mean;0.5628257421255382;0.1566394742805348
standard_deviation;0.05014236274290732;0.06643680672068947
