index;step_length;step_width
1;0.5710401087695446;0.14615907545887152
2;0.513256288239293;0.27532290958531613
3;0.5914343983684569;0.11556764106050306
4;0.6254248810333107;0.22093813732155
5;0.5829367777022434;0.09347382732834807
6;0.5455472467709042;0.16485384092454114
mean;0.5716066168139587;0.16938590527985498
standard_deviation;0.035360268602599686;0.062047503150206525
