index;step_length;step_width
1;0.7766825288919103;0.08157715839564922
2;0.8480625424881033;0.15975526852481306
3;0.7222977566281441;0.30761386811692726
4;0.8106730115567642;0.11556764106050306
mean;0.7894289598912305;0.16612848402447317
standard_deviation;0.0462554772272496;0.0862613141773487
