index;step_length;step_width
1;0.7545887151597553;0.16315431679129844
2;0.7036029911624745;0.29231815091774305
3;0.7698844323589396;0.13936097892590074
4;0.8599592114208022;0.2532290958531611
mean;0.7720088375254929;0.21201563562202583
standard_deviation;0.05639725579652466;0.06287521547587742
