index;step_length;step_width
1;0.7902787219578519;0.13766145479265807
2;0.7019034670292318;0.21753908905506458
3;0.6526172671651937;0.3297076818490823
4;0.7477906186267845;0.07987763426240653
mean;0.7231475186947656;0.19119646498980286
standard_deviation;0.05133153742535338;0.09372455712059294
