index;step_length;step_width
1;0.6832087015635623;0.13596193065941536
2;0.7443915703602991;0.26172671651937457
3;0.6968048946295038;0.07307953772943576
4;0.7324949014276003;0.13086335825968728
mean;0.7142250169952413;0.15040788579197825
standard_deviation;0.025046367527514418;0.06885170597877174
