index;step_length;step_width
1;0.7494901427600272;0.08157715839564922
2;0.8157715839564922;0.14106050305914344
3;0.7494901427600272;0.2804214819850442
4;0.8327668252889191;0.09007477906186268
mean;0.7868796736913664;0.14828348062542487
standard_deviation;0.037869272527459516;0.0796093731469107
