index;step_length;step_width
1;0.6764106050305915;0.08497620666213461
2;0.7596872875594833;0.13766145479265807
3;0.8072739632902788;0.2566281441196465
4;0.7494901427600272;0.09177430319510538
mean;0.7482154996600953;0.14276002719238615
standard_deviation;0.046843013491215;0.06879399948337558
