index;step_length;step_width
1;0.8463630183548607;0.1257647858599592
2;0.7817811012916384;0.2515295717199184
3;0.6815091774303196;0.07307953772943576
4;0.7205982324949014;0.1274643099932019
mean;0.75756288239293;0.14445955132562882
standard_deviation;0.062495075114177505;0.06556948240605175
