index;step_length;step_width
1;0.6696125084976207;0.32460910944935417
2;0.7171991842284161;0.11556764106050306
3;0.7953772943575799;0.22603670972127804
4;0.8378653976886472;0.08157715839564922
mean;0.755013596193066;0.1869476546566961
standard_deviation;0.06560663966470272;0.09575578074555728
