index;step_length;step_width
1;0.7766825288919103;0.07307953772943576
2;0.6985044187627465;0.14615907545887152
3;0.778382053025153;0.22093813732155
4;0.8531611148878314;0.07307953772943576
mean;0.7766825288919103;0.12831407205982326
standard_deviation;0.05468930288818518;0.061235955894617514
