index;step_length;step_width
1;0.7902787219578519;0.33480625424881033
2;0.7494901427600272;0.07987763426240653
3;0.8276682528891911;0.15295717199184228
4;0.7188987083616588;0.23283480625424882
mean;0.7715839564921823;0.20011896668932697
standard_deviation;0.04110600483496882;0.09472750985254699
