index;step_length;step_width
1;0.7290958531611149;0.30761386811692726
2;0.8208701563562203;0.12066621346023114
3;0.756288239292998;0.22773623385452074
4;0.6560163154316792;0.10197144799456152
mean;0.7405676410605031;0.18949694085656016
standard_deviation;0.05911040465689266;0.0833850001035232
