index;step_length;step_width
1;0.7171991842284161;0.14276002719238615
2;0.7630863358259687;0.2566281441196465
3;0.800475866757308;0.08157715839564922
4;0.7070020394289599;0.15975526852481306
mean;0.7469408565601632;0.16018014955812374
standard_deviation;0.037437781733362825;0.06281776632004141
