index;step_length;step_width
1;0.7307953772943576;0.08327668252889191
2;0.8327668252889191;0.1257647858599592
3;0.7256968048946295;0.21074099252209383
4;0.8038749150237934;0.33480625424881033
mean;0.773283480625425;0.1886471787899388
standard_deviation;0.04621643317772653;0.09605694764971832
