index;step_length;step_width
1;0.8548606390210741;0.2515295717199184
2;0.7579877634262406;0.07987763426240653
3;0.6951053704962611;0.14276002719238615
4;0.7749830047586675;0.2838205302515296
mean;0.7707341944255608;0.18949694085656016
standard_deviation;0.05695941884727699;0.08207575507605148
