index;step_length;step_width
1;0.7070020394289599;0.08837525492861999
2;0.8123725356900068;0.16145479265805576
3;0.7460910944935418;0.2855200543847723
4;0.8038749150237934;0.07817811012916384
mean;0.7673351461590754;0.15338205302515298
standard_deviation;0.04317092384731658;0.08277550566798429
