index;step_length;step_width
1;0.7817811012916384;0.20734194425560845
2;0.7171991842284161;0.33650577838205303
3;0.7698844323589396;0.14276002719238615
4;0.6713120326308634;0.26172671651937457
mean;0.7350441876274644;0.23708361658735555
standard_deviation;0.04409765719010579;0.07119261762927086
