index;step_length;step_width
1;0.7409925220938137;0.19884432358939497
2;0.6951053704962611;0.331407205982325
3;0.6407205982324949;0.14615907545887152
4;0.6917063222297757;0.2838205302515296
mean;0.6921312032630864;0.24005778382053028
standard_deviation;0.03549473546215277;0.07206839050632556
