index;step_length;step_width
1;0.7443915703602991;0.14615907545887152
2;0.8242692046227057;0.27362338545207343
3;0.7188987083616588;0.09857239972807615
4;0.8140720598232495;0.16145479265805576
mean;0.7754078857919783;0.16995241332426922
standard_deviation;0.04482645922947509;0.06418938636309061
