index;step_length;step_width
1;0.7936777702243372;0.2141400407885792
2;0.8361658735554045;0.10197144799456152
3;0.7647858599592114;0.15805574439157036
4;0.7002039428959892;0.2804214819850442
mean;0.7737083616587355;0.1886471787899388
standard_deviation;0.049452574970899284;0.06618331909796314
