index;step_length;step_width
1;0.8582596872875595;0.2515295717199184
2;0.7681849082256968;0.06968048946295037
3;0.66281441196465;0.11216859279401768
4;0.7002039428959892;0.22263766145479266
mean;0.7473657375934739;0.1640040788579198
standard_deviation;0.07433718364527796;0.07530349600236344
