index;step_length;step_width
1;0.6407205982324949;0.15635622025832768
2;0.6764106050305915;0.07477906186267845
3;0.7596872875594833;0.12066621346023114
4;0.8242692046227057;0.2362338545207342
mean;0.7252719238613188;0.14700883752549287
standard_deviation;0.07162617189284794;0.0590752730774463
