index;step_length;step_width
1;0.6645139360978927;0.12406526172671653
2;0.7104010876954453;0.22603670972127804
3;0.7851801495581238;0.07307953772943576
4;0.7036029911624745;0.14276002719238615
mean;0.715924541128484;0.14148538409245412
standard_deviation;0.0436512277604046;0.0550757929141782
