index;step_length;step_width
1;0.7443915703602991;0.13766145479265807
2;0.7868796736913665;0.23963290278721958
3;0.7002039428959892;0.1070700203942896
4;0.7477906186267845;0.20734194425560845
mean;0.7448164513936099;0.17292658055744392
standard_deviation;0.030694530372462624;0.052950132897918514
