index;step_length;step_width
1;0.601631543167913;0.270224337185588
2;0.6781101291638342;0.12066621346023114
3;0.761386811692726;0.20564242012236575
4;0.6526172671651937;0.33650577838205303
5;0.6050305914343984;0.10367097212780423
mean;0.6597552685248131;0.20734194425560842
standard_deviation;0.058463630183548596;0.08820513878449508
