index;step_length;step_width
1;0.6849082256968049;0.33310673011556763
2;0.601631543167913;0.13936097892590074
3;0.6696125084976207;0.2124405166553365
4;0.7579877634262406;0.09177430319510538
5;0.7138001359619307;0.18184908225696805
mean;0.6855880353501019;0.19170632222977566
standard_deviation;0.05165658801227156;0.08154457767696519
