index;step_length;step_width
1;0.66281441196465;0.2379333786539769
2;0.7070020394289599;0.10197144799456152
3;0.6152277362338545;0.15635622025832768
4;0.6798096532970769;0.07307953772943576
5;0.5965329707681849;0.110469068660775
mean;0.6522773623385452;0.13596193065941536
standard_deviation;0.04085084755288544;0.057573496540723794
