index;step_length;step_width
1;0.6781101291638342;0.10027192386131883
2;0.7138001359619307;0.17675050985723997
3;0.6220258327668253;0.29231815091774305
4;0.6713120326308634;0.10367097212780423
5;0.712100611828688;0.15635622025832768
mean;0.6794697484704283;0.16587355540448673
standard_deviation;0.03350089280172311;0.06981383669213541
