index;step_length;step_width
1;0.6747110808973488;0.2362338545207342
2;0.6067301155676411;0.06968048946295037
3;0.6764106050305915;0.13596193065941536
4;0.6118286879673691;0.24303195105370498
5;0.6985044187627465;0.07477906186267845
mean;0.6536369816451393;0.15193745751189666
standard_deviation;0.03721298160684213;0.07533781729289896
