index;step_length;step_width
1;0.7273963290278722;0.24133242692046228
2;0.6645139360978927;0.07307953772943576
3;0.7426920462270564;0.1291638341264446
4;0.7851801495581238;0.20734194425560845
mean;0.7299456152277363;0.1627294357579878
standard_deviation;0.043304528573218565;0.06582640040962963
