index;step_length;step_width
1;0.6288239292997961;0.15295717199184228
2;0.6611148878314073;0.26512576478586
3;0.7205982324949014;0.1070700203942896
4;0.6407205982324949;0.20904146838885113
5;0.6866077498300476;0.0866757307953773
mean;0.6675730795377295;0.16417403127124405
standard_deviation;0.032979527455056855;0.06572216061586139
