index;step_length;step_width
1;0.5948334466349422;0.27192386131883073
2;0.6798096532970769;0.11726716519374576
3;0.6152277362338545;0.18354860639021076
4;0.6832087015635623;0.33820530251529574
5;0.623725356900068;0.13766145479265807
mean;0.6393609789259008;0.20972127804214818
standard_deviation;0.03568838816697947;0.08342984569306361
