index;step_length;step_width
1;0.7698844323589396;0.11386811692726037
2;0.7104010876954453;0.1716519374575119
3;0.7817811012916384;0.3280081577158396
4;0.7138001359619307;0.07987763426240653
mean;0.7439666893269884;0.1733514615907546
standard_deviation;0.03216492542707365;0.09512781760133603
