index;step_length;step_width
1;0.6186267845003399;0.15975526852481306
2;0.6985044187627465;0.3178110129163834
3;0.6475186947654656;0.08327668252889191
4;0.6067301155676411;0.16315431679129844
5;0.6475186947654656;0.07307953772943576
mean;0.6437797416723317;0.1594153636981645
standard_deviation;0.03171149908821374;0.08758338953555479
