index;step_length;step_width
1;0.6356220258327668;0.24303195105370498
2;0.7188987083616588;0.07477906186267845
3;0.6390210740992522;0.11556764106050306
4;0.7036029911624745;0.18014955812372535
5;0.6050305914343984;0.3450033990482665
mean;0.6604350781781101;0.19170632222977566
standard_deviation;0.04341743671471317;0.09564199466658986
