index;step_length;step_width
1;0.7630863358259687;0.13086335825968728
2;0.6985044187627465;0.2158395649218219
3;0.7681849082256968;0.09007477906186268
4;0.6883072739632903;0.1716519374575119
mean;0.7295207341944256;0.15210740992522093
standard_deviation;0.0363391286824157;0.046752361330655745
