index;step_length;step_width
1;0.8038749150237934;0.15465669612508498
2;0.7138001359619307;0.2838205302515296
3;0.7664853840924541;0.13936097892590074
4;0.712100611828688;0.24813052345343306
mean;0.7490652617267166;0.20649218218898707
standard_deviation;0.038462882091287114;0.06104699203148135
