index;step_length;step_width
1;0.8021753908905507;0.2566281441196465
2;0.7426920462270564;0.07647858599592114
3;0.6832087015635623;0.1291638341264446
4;0.7426920462270564;0.2532290958531611
mean;0.7426920462270564;0.17887491502379335
standard_deviation;0.04206107637921338;0.07831077289237663
