index;step_length;step_width
1;0.6951053704962611;0.18354860639021076
2;0.6271244051665534;0.3433038749150238
3;0.7138001359619307;0.11896668932698845
4;0.6424201223657376;0.21753908905506458
5;0.7205982324949014;0.07477906186267845
mean;0.6798096532970768;0.1876274643099932
standard_deviation;0.03801771288030028;0.09229902616156223
