index;step_length;step_width
1;0.6135282121006118;0.08327668252889191
2;0.6662134602311353;0.14106050305914344
3;0.7222977566281441;0.24813052345343306
4;0.6288239292997961;0.10027192386131883
5;0.6747110808973488;0.18014955812372535
mean;0.6611148878314073;0.15057783820530252
standard_deviation;0.03810877340088092;0.05923128102565985
