index;step_length;step_width
1;0.6288239292997961;0.29061862678450034
2;0.6849082256968049;0.11216859279401768
3;0.6203263086335826;0.20224337185588037
4;0.690006798096533;0.0866757307953773
5;0.650917743031951;0.16825288919102652
mean;0.6549966009517336;0.17199184228416045
standard_deviation;0.0283693291840453;0.07191537926157064
