index;step_length;step_width
1;0.8463630183548607;0.0866757307953773
2;0.773283480625425;0.1342624065261727
3;0.7256968048946295;0.24303195105370498
4;0.6849082256968049;0.07307953772943576
mean;0.75756288239293;0.1342624065261727
standard_deviation;0.06005569787789581;0.06678070259819341
