index;step_length;step_width
1;0.8871515975526852;0.09347382732834807
2;0.7664853840924541;0.1495581237253569
3;0.7154996600951734;0.2685248130523454
4;0.7698844323589396;0.12406526172671653
mean;0.7847552685248131;0.1589055064581917
standard_deviation;0.06292113703436199;0.06633044781402629
