index;step_length;step_width
1;0.7851801495581238;0.15805574439157036
2;0.8582596872875595;0.29231815091774305
3;0.7426920462270564;0.09857239972807615
4;0.8123725356900068;0.1971447994561523
mean;0.7996261046906866;0.18652277362338546
standard_deviation;0.041983750261847815;0.07044701787736858
