index;step_length;step_width
1;0.8786539768864718;0.1342624065261727
2;0.8140720598232495;0.26002719238613187
3;0.7528891910265126;0.110469068660775
4;0.690006798096533;0.17845003399048268
mean;0.7839055064581917;0.17080217539089054
standard_deviation;0.07011824449701162;0.056997438265581235
