index;step_length;step_width
1;0.7443915703602991;0.14615907545887152
2;0.8174711080897349;0.2855200543847723
3;0.7239972807613868;0.13256288239293
4;0.6798096532970769;0.21923861318830729
mean;0.7414174031271245;0.19587015635622027
standard_deviation;0.04972923489163513;0.0613640601082766
