index;step_length;step_width
1;0.7749830047586675;0.09347382732834807
2;0.7256968048946295;0.15805574439157036
3;0.8327668252889191;0.2515295717199184
4;0.739292997960571;0.09177430319510538
mean;0.7681849082256968;0.14870836165873555
standard_deviation;0.04140356123412588;0.06509976113288513
