index;step_length;step_width
1;0.6883072739632903;0.07987763426240653
2;0.7443915703602991;0.15295717199184228
3;0.8106730115567642;0.22943575798776344
4;0.8514615907545887;0.08327668252889191
mean;0.7737083616587357;0.13638681169272604
standard_deviation;0.0623794237078968;0.06112825901477515
