index;step_length;step_width
1;0.8038749150237934;0.0866757307953773
2;0.7053025152957172;0.1716519374575119
3;0.7715839564921823;0.2787219578518015
4;0.6815091774303196;0.07647858599592114
mean;0.7405676410605031;0.15338205302515295
standard_deviation;0.04924772578806149;0.08125231856024767
