index;step_length;step_width
1;0.7817811012916384;0.31271244051665537
2;0.6815091774303196;0.09857239972807615
3;0.7154996600951734;0.15805574439157036
4;0.7800815771583957;0.27532290958531613
mean;0.7397178789938818;0.2111658735554045
standard_deviation;0.04293401292660654;0.08649538528451042
