index;step_length;step_width
1;0.8038749150237934;0.3433038749150238
2;0.7019034670292318;0.16485384092454114
3;0.7664853840924541;0.2838205302515296
4;0.8344663494221618;0.10537049626104691
mean;0.7766825288919103;0.22433718558803534
standard_deviation;0.049432493447481275;0.09405142599073188
