index;step_length;step_width
1;0.7239972807613868;0.22603670972127804
2;0.7919782460910946;0.09177430319510538
3;0.739292997960571;0.14106050305914344
4;0.7936777702243372;0.26512576478586
mean;0.7622365737593473;0.1809993201903467
standard_deviation;0.031071558971417796;0.06830416881070218
