index;step_length;step_width
1;0.7307953772943576;0.15975526852481306
2;0.7817811012916384;0.07138001359619307
3;0.7138001359619307;0.12066621346023114
4;0.7749830047586675;0.18694765465669613
mean;0.7503399048266485;0.13468728755948337
standard_deviation;0.02877922199503074;0.043485489230240315
