index;step_length;step_width
1;0.8429639700883753;0.30591434398368456
2;0.7766825288919103;0.08327668252889191
3;0.871855880353501;0.15465669612508498
4;0.7426920462270564;0.2787219578518015
mean;0.8085486063902106;0.20564242012236572
standard_deviation;0.0513438448277661;0.09078545497203823
