index;step_length;step_width
1;0.8174711080897349;0.2974167233174711
2;0.8837525492862;0.14785859959211423
3;0.7630863358259687;0.27362338545207343
4;0.7002039428959892;0.12236573759347383
mean;0.7911284840244732;0.21031611148878313
standard_deviation;0.06768822933727951;0.0762078351914062
