index;step_length;step_width
1;0.7171991842284161;0.11896668932698845
2;0.7749830047586675;0.22773623385452074
3;0.6917063222297757;0.10367097212780423
4;0.7358939496940857;0.1937457511896669
mean;0.7299456152277364;0.1610299116247451
standard_deviation;0.030366363673021122;0.05142815910117865
