index;step_length;step_width
1;0.5472467709041469;0.08497620666213461
2;0.4877634262406526;0.1291638341264446
3;0.5591434398368457;0.1954452753229096
4;0.5965329707681849;0.29401767505098575
5;0.5489462950373896;0.12236573759347383
6;0.5829367777022434;0.21074099252209383
mean;0.5537616134149105;0.17278495354634038
standard_deviation;0.0344744699040114;0.06929021006762139
