index;step_length;step_width
1;0.540448674371176;0.13936097892590074
2;0.5863358259687288;0.24643099932019036
3;0.5489462950373896;0.08497620666213461
4;0.6169272603670972;0.16315431679129844
5;0.5642420122365738;0.2838205302515296
6;0.5948334466349422;0.11726716519374576
mean;0.5752889191026512;0.17250169952413327
standard_deviation;0.026669535735002064;0.07042096048289972
