index;step_length;step_width
1;0.5336505778382054;0.08157715839564922
2;0.579537729435758;0.1274643099932019
3;0.5387491502379333;0.2362338545207342
4;0.6203263086335826;0.07647858599592114
5;0.557443915703603;0.14445955132562882
6;0.491162474507138;0.24643099932019036
mean;0.5534783593927034;0.15210740992522095
standard_deviation;0.040118210234206246;0.06749593284266008
