index;step_length;step_width
1;0.5642420122365738;0.06968048946295037
2;0.48266485384092456;0.13766145479265807
3;0.5506458191706323;0.23453433038749152
4;0.601631543167913;0.09857239972807615
5;0.5625424881033311;0.1903467029231815
6;0.4894629503738953;0.3042148198504419
mean;0.5418649444822117;0.17250169952413327
standard_deviation;0.04248149355641557;0.08038078415057154
