index;step_length;step_width
1;0.5438477226376615;0.2566281441196465
2;0.5931339225016995;0.07647858599592114
3;0.5319510537049627;0.13766145479265807
4;0.5812372535690007;0.2379333786539769
5;0.5013596193065941;0.08837525492861999
6;0.5659415363698165;0.15465669612508498
mean;0.5529118513482891;0.1586222524359846
standard_deviation;0.03100823064446864;0.06835289900751769
