index;step_length;step_width
1;0.5370496261046908;0.28721957851801494
2;0.6033310673011557;0.09347382732834807
3;0.557443915703603;0.18184908225696805
4;0.5064581917063222;0.31441196464989807
5;0.5676410605030592;0.09687287559483344
6;0.5149558123725357;0.15465669612508498
mean;0.5478132789485611;0.1880806707455246
standard_deviation;0.032847697743766655;0.08584232672561813
