index;step_length;step_width
1;0.49966009517335147;0.33310673011556763
2;0.5506458191706323;0.09687287559483344
3;0.5965329707681849;0.1512576478585996
4;0.5608429639700884;0.2515295717199184
5;0.6033310673011557;0.1070700203942896
6;0.5591434398368457;0.18184908225696805
mean;0.5616927260367097;0.18694765465669613
standard_deviation;0.033972774675808885;0.08299294513663859
