index;step_length;step_width
1;0.579537729435758;0.12406526172671653
2;0.5489462950373896;0.23453433038749152
3;0.49796057104010877;0.07138001359619307
4;0.5506458191706323;0.10876954452753229
5;0.5183548606390211;0.20564242012236575
6;0.5846363018354861;0.32460910944935417
mean;0.5466802628597326;0.17816677996827557
standard_deviation;0.030868191085033483;0.08614322515540628
