index;step_length;step_width
1;0.5931339225016995;0.2804214819850442
2;0.5200543847722637;0.07307953772943576
3;0.5744391570360299;0.13766145479265807
4;0.6186267845003399;0.22603670972127804
5;0.5676410605030592;0.3450033990482665
6;0.6084296397008838;0.12066621346023114
mean;0.5803874915023793;0.1971447994561523
standard_deviation;0.032272318018292154;0.09522897439044599
