index;step_length;step_width
1;0.5489462950373896;0.10027192386131883
2;0.6271244051665534;0.16315431679129844
3;0.5387491502379333;0.26002719238613187
4;0.5047586675730795;0.07647858599592114
5;0.5540448674371177;0.13086335825968728
6;0.6305234534330387;0.24473147518694766
mean;0.5673578064808521;0.1625878087468842
standard_deviation;0.046215565157532876;0.06897686189602266
