index;step_length;step_width
1;0.5880353501019715;0.12236573759347383
2;0.552345343303875;0.23963290278721958
3;0.48266485384092456;0.09007477906186268
4;0.5506458191706323;0.15295717199184228
5;0.6305234534330387;0.24643099932019036
6;0.5693405846363019;0.11896668932698845
mean;0.562259234081124;0.16173804668026284
standard_deviation;0.04461498128166469;0.06032246714326241
