index;step_length;step_width
1;0.5455472467709042;0.0866757307953773
2;0.4962610469068661;0.14445955132562882
3;0.5353501019714481;0.2362338545207342
4;0.5999320190346703;0.09177430319510538
5;0.5455472467709042;0.18184908225696805
6;0.5812372535690007;0.3263086335825969
mean;0.5506458191706322;0.1778835259460684
standard_deviation;0.033187896025100395;0.08396558945682712
