index;step_length;step_width
1;0.5081577158395649;0.1750509857239973
2;0.5608429639700884;0.270224337185588
3;0.623725356900068;0.10367097212780423
4;0.5455472467709042;0.15975526852481306
5;0.5948334466349422;0.24473147518694766
6;0.5591434398368457;0.08327668252889191
mean;0.5653750283254023;0.17278495354634038
standard_deviation;0.036512311453256334;0.06786520470980693
