index;step_length;step_width
1;0.5506458191706323;0.30591434398368456
2;0.5030591434398368;0.14106050305914344
3;0.4707681849082257;0.2124405166553365
4;0.5387491502379333;0.09177430319510538
5;0.6169272603670972;0.18354860639021076
6;0.5285520054384772;0.3178110129163834
mean;0.5347835939270337;0.208758214366644
standard_deviation;0.045015115625014576;0.08190352624422235
