index;step_length;step_width
1;0.6084296397008838;0.09347382732834807
2;0.5217539089055064;0.17845003399048268
3;0.5965329707681849;0.3212100611828688
4;0.5370496261046908;0.14276002719238615
5;0.48436437797416726;0.26342624065261727
6;0.5438477226376615;0.08837525492861999
mean;0.5486630410151824;0.18128257421255387
standard_deviation;0.04258335874050096;0.08579184058422659
