index;step_length;step_width
1;0.5200543847722637;0.07307953772943576
2;0.4707681849082257;0.12066621346023114
3;0.5370496261046908;0.1971447994561523
4;0.4945615227736234;0.30931339225016996
5;0.4435757987763426;0.12066621346023114
6;0.4775662814411965;0.20564242012236575
7;0.45037389530931343;0.08497620666213461
mean;0.4848499562979508;0.1587841118772458
standard_deviation;0.03207574718169759;0.07748284318320464
