index;step_length;step_width
1;0.49796057104010877;0.2804214819850442
2;0.4282800815771584;0.13256288239293
3;0.4741672331747111;0.19884432358939497
4;0.5183548606390211;0.08327668252889191
5;0.46906866077498305;0.12406526172671653
6;0.5200543847722637;0.21923861318830729
7;0.46227056424201224;0.10876954452753229
mean;0.48145090803146556;0.16388268427697386
standard_deviation;0.030533572734315798;0.06543156651881822
