index;step_length;step_width
1;0.5183548606390211;0.3467029231815092
2;0.4707681849082257;0.14445955132562882
3;0.5064581917063222;0.24983004758667574
4;0.4724677090414684;0.10367097212780423
5;0.5370496261046908;0.17675050985723997
6;0.5064581917063222;0.3008157715839565
7;0.46227056424201224;0.07987763426240653
mean;0.4962610469068661;0.20030105856074587
standard_deviation;0.025997720157679077;0.09373359761336293
