index;step_length;step_width
1;0.4571719918422842;0.11896668932698845
2;0.5200543847722637;0.1903467029231815
3;0.46906866077498305;0.3229095853161115
4;0.5234534330387491;0.12236573759347383
5;0.44867437117607073;0.18694765465669613
6;0.48266485384092456;0.08327668252889191
7;0.43847722637661457;0.13256288239293
mean;0.4770807031174128;0.16533941924832476
standard_deviation;0.031135757699387905;0.07341311563467771
