index;step_length;step_width
1;0.5693405846363019;0.15635622025832768
2;0.49796057104010877;0.07647858599592114
3;0.4265805574439157;0.13936097892590074
4;0.4554724677090415;0.21753908905506458
5;0.513256288239293;0.09007477906186268
6;0.5676410605030592;0.16485384092454114
7;0.5047586675730795;0.2668252889191027
mean;0.5050014567349714;0.1587841118772458
standard_deviation;0.04896642698243851;0.06215212862503329
