index;step_length;step_width
1;0.5217539089055064;0.08497620666213461
2;0.48436437797416726;0.1512576478585996
3;0.43847722637661457;0.2583276682528892
4;0.48096532970768185;0.11726716519374576
5;0.5353501019714481;0.23113528212100612
6;0.4962610469068661;0.3484024473147519
7;0.5319510537049627;0.16995241332426922
mean;0.49844614936389237;0.1944741186753423
standard_deviation;0.03192100456292037;0.0841214520295378
