index;step_length;step_width
1;0.4894629503738953;0.22263766145479266
2;0.5353501019714481;0.08157715839564922
3;0.48266485384092456;0.15295717199184228
4;0.5455472467709042;0.2804214819850442
5;0.4741672331747111;0.11216859279401768
6;0.4435757987763426;0.18014955812372535
7;0.4928619986403807;0.27702243371855884
mean;0.49480431193551516;0.18670486549480433
standard_deviation;0.03262060101207816;0.07173423448623634
