index;step_length;step_width
1;0.48266485384092456;0.10027192386131883
2;0.5285520054384772;0.18524813052345343
3;0.5659415363698165;0.07987763426240653
4;0.4877634262406526;0.13766145479265807
5;0.4265805574439157;0.21753908905506458
6;0.45037389530931343;0.08837525492861999
7;0.49796057104010877;0.14106050305914344
mean;0.49140526366902987;0.13571914149752354
standard_deviation;0.043018238486554276;0.04750360897628899
