index;step_length;step_width
1;0.4894629503738953;0.26342624065261727
2;0.5251529571719918;0.07987763426240653
3;0.4741672331747111;0.1495581237253569
4;0.43337865397688646;0.2566281441196465
5;0.4758667573079538;0.10027192386131883
6;0.5285520054384772;0.18524813052345343
7;0.4775662814411965;0.29231815091774305
mean;0.48630669126930176;0.18961833543750609
standard_deviation;0.030326300407657335;0.07758395953591327
