index;step_length;step_width
1;0.4554724677090415;0.1937457511896669
2;0.4894629503738953;0.3161114887831407
3;0.5166553365057784;0.11216859279401768
4;0.5489462950373896;0.2124405166553365
5;0.49796057104010877;0.3229095853161115
6;0.46057104010876954;0.07477906186267845
7;0.4265805574439157;0.12236573759347383
mean;0.4850927454598427;0.1935029620277751
standard_deviation;0.038098563165840614;0.09095427712800128
