index;step_length;step_width
1;0.4894629503738953;0.14445955132562882
2;0.43507817811012917;0.23283480625424882
3;0.48436437797416726;0.09177430319510538
4;0.4537729435757988;0.16145479265805576
5;0.491162474507138;0.26512576478586
6;0.43677770224337187;0.08157715839564922
7;0.46736913664174035;0.14106050305914344
mean;0.4654268233466058;0.15975526852481306
standard_deviation;0.022296982565638262;0.06297746815932007
