index;step_length;step_width
1;0.5455472467709042;0.1716519374575119
2;0.48096532970768185;0.33990482664853844
3;0.446974847042828;0.1342624065261727
4;0.5115567641060503;0.24473147518694766
5;0.4554724677090415;0.11726716519374576
6;0.5047586675730795;0.18864717878993884
7;0.5370496261046908;0.08497620666213461
mean;0.4974749927163252;0.18306302806642716
standard_deviation;0.0352855438130806;0.08008510085080851
