index;step_length;step_width
1;0.5013596193065941;0.1903467029231815
2;0.446974847042828;0.07138001359619307
3;0.48096532970768185;0.1291638341264446
4;0.5268524813052345;0.21753908905506458
5;0.5557443915703604;0.08497620666213461
6;0.491162474507138;0.15295717199184228
7;0.5455472467709042;0.26342624065261727
mean;0.5069437700301059;0.15854132271535398
standard_deviation;0.035495410120494834;0.06480333361831887
