index;step_length;step_width
1;0.4945615227736234;0.08497620666213461
2;0.446974847042828;0.14276002719238615
3;0.48266485384092456;0.2515295717199184
4;0.5285520054384772;0.08327668252889191
5;0.48606390210740996;0.16825288919102652
6;0.5217539089055064;0.30591434398368456
7;0.46057104010876954;0.07477906186267845
mean;0.48873458288821986;0.1587841118772458
standard_deviation;0.027492053615329623;0.08349617762159477
