index;step_length;step_width
1;0.5693405846363019;0.07477906186267845
2;0.49796057104010877;0.11556764106050306
3;0.4282800815771584;0.18354860639021076
4;0.46397008837525494;0.09007477906186268
5;0.53025152957172;0.17675050985723997
6;0.49966009517335147;0.29401767505098575
7;0.4282800815771584;0.1291638341264446
mean;0.4882490045644362;0.15198601534427505
standard_deviation;0.04832419269544423;0.06909985991922644
