index;step_length;step_width
1;0.6781101291638342;0.07647858599592114
2;0.756288239292998;0.1274643099932019
3;0.667912984364378;0.2141400407885792
4;0.7477906186267845;0.09687287559483344
mean;0.7125254928619987;0.12873895309313393
standard_deviation;0.03979164561600001;0.05253942176799358
