index;step_length;step_width
1;0.7256968048946295;0.2566281441196465
2;0.6696125084976207;0.09177430319510538
3;0.7443915703602991;0.13936097892590074
4;0.6985044187627465;0.23453433038749152
mean;0.709551325628824;0.18057443915703603
standard_deviation;0.02824739996362111;0.06760149656483784
