index;step_length;step_width
1;0.6832087015635623;0.10197144799456152
2;0.6407205982324949;0.16485384092454114
3;0.7307953772943576;0.30931339225016996
4;0.7766825288919103;0.07647858599592114
mean;0.7078518014955814;0.16315431679129844
standard_deviation;0.050936130423676756;0.0903069618916269
