index;step_length;step_width
1;0.6526172671651937;0.09687287559483344
2;0.7138001359619307;0.14615907545887152
3;0.7987763426240653;0.2362338545207342
4;0.8565601631543168;0.11216859279401768
mean;0.7554384772263766;0.1478585995921142
standard_deviation;0.07811804952096141;0.05405181473075884
