index;step_length;step_width
1;0.8463630183548607;0.18354860639021076
2;0.7817811012916384;0.2787219578518015
3;0.8395649218218899;0.08497620666213461
4;0.7885791978246092;0.14785859959211423
mean;0.8140720598232495;0.17377634262406527
standard_deviation;0.029091167179849928;0.07011824449701161
