index;step_length;step_width
1;0.8429639700883753;0.3212100611828688
2;0.7715839564921823;0.15805574439157036
3;0.8429639700883753;0.2685248130523454
4;0.734194425560843;0.1291638341264446
mean;0.797926580557444;0.2192386131883073
standard_deviation;0.0469373367764836;0.07855589564187333
