index;step_length;step_width
1;0.6866077498300476;0.18014955812372535
2;0.7477906186267845;0.33650577838205303
3;0.8565601631543168;0.15975526852481306
4;0.7919782460910946;0.3008157715839565
mean;0.7707341944255608;0.24430659415363698
standard_deviation;0.06209080646543702;0.0757611850553625
