index;step_length;step_width
1;0.7307953772943576;0.2532290958531611
2;0.7902787219578519;0.09517335146159075
3;0.8463630183548607;0.14785859959211423
4;0.7494901427600272;0.2804214819850442
mean;0.7792318150917744;0.1941706322229776
standard_deviation;0.044326313241825226;0.07561808179196841
