index;step_length;step_width
1;0.7630863358259687;0.28721957851801494
2;0.6798096532970769;0.09687287559483344
3;0.7307953772943576;0.18184908225696805
4;0.7919782460910946;0.2974167233174711
mean;0.7414174031271245;0.21583956492182188
standard_deviation;0.0416361734476404;0.08224713550348647
