index;step_length;step_width
1;0.8089734874235215;0.27702243371855884
2;0.7188987083616588;0.11216859279401768
3;0.7579877634262406;0.21753908905506458
4;0.6662134602311353;0.07987763426240653
mean;0.738018354860639;0.17165193745751192
standard_deviation;0.052332857485704556;0.07932427620744367
