index;step_length;step_width
1;0.7070020394289599;0.15635622025832768
2;0.6645139360978927;0.30931339225016996
3;0.739292997960571;0.1342624065261727
4;0.8429639700883753;0.24643099932019036
mean;0.7384432358939497;0.21159075458871518
standard_deviation;0.06591546892724993;0.07034572439252712
