index;step_length;step_width
1;0.7087015635622026;0.20734194425560845
2;0.66281441196465;0.33480625424881033
3;0.7358939496940857;0.13086335825968728
4;0.7749830047586675;0.26172671651937457
mean;0.7205982324949015;0.23368456832087015
standard_deviation;0.04084165479503028;0.07462923777177659
