index;step_length;step_width
1;0.8021753908905507;0.16315431679129844
2;0.849762066621346;0.28721957851801494
3;0.7681849082256968;0.12406526172671653
4;0.8259687287559484;0.18694765465669613
mean;0.8115227736233854;0.1903467029231815
standard_deviation;0.030151589053722238;0.06026724414173059
