index;step_length;step_width
1;0.7494901427600272;0.2685248130523454
2;0.66281441196465;0.09177430319510538
3;0.7375934738273284;0.15295717199184228
4;0.8344663494221618;0.23963290278721958
mean;0.7460910944935418;0.18822229775662816
standard_deviation;0.06088709761275612;0.07006673430126464
