index;step_length;step_width
1;0.7087015635622026;0.09177430319510538
2;0.6713120326308634;0.17845003399048268
3;0.7664853840924541;0.3450033990482665
4;0.6781101291638342;0.07138001359619307
mean;0.7061522773623385;0.1716519374575119
standard_deviation;0.03757255433282486;0.10785619885098324
