index;step_length;step_width
1;0.8038749150237934;0.3433038749150238
2;0.8531611148878314;0.11216859279401768
3;0.7698844323589396;0.21753908905506458
4;0.8293677770224338;0.3467029231815092
mean;0.8140720598232496;0.2549286199864038
standard_deviation;0.03089676914122678;0.0974821917042827
