index;step_length;step_width
1;0.6441196464989803;0.10027192386131883
2;0.6883072739632903;0.17845003399048268
3;0.7800815771583957;0.2974167233174711
4;0.8361658735554045;0.07987763426240653
mean;0.7371685927940177;0.1640040788579198
standard_deviation;0.07531188603019602;0.08536197277209477
