index;step_length;step_width
1;0.6271244051665534;0.15975526852481306
2;0.6764106050305915;0.26172671651937457
3;0.6118286879673691;0.10367097212780423
4;0.6577158395649219;0.16315431679129844
5;0.5761386811692726;0.3042148198504419
mean;0.6298436437797417;0.19850441876274644
standard_deviation;0.03510412248888907;0.07337064370164041
