index;step_length;step_width
1;0.7256968048946295;0.1716519374575119
2;0.6407205982324949;0.3195105370496261
3;0.5982324949014276;0.08157715839564922
4;0.6577158395649219;0.15465669612508498
5;0.5897348742352142;0.2379333786539769
mean;0.6424201223657375;0.19306594153636983
standard_deviation;0.04878552037527981;0.08045483343835311
