index;step_length;step_width
1;0.6866077498300476;0.31441196464989807
2;0.6305234534330387;0.11726716519374576
3;0.6917063222297757;0.20734194425560845
4;0.5999320190346703;0.08327668252889191
5;0.6662134602311353;0.1342624065261727
mean;0.6549966009517335;0.17131203263086336
standard_deviation;0.034939174097236875;0.08224292119557643
