index;step_length;step_width
1;0.6968048946295038;0.20734194425560845
2;0.6526172671651937;0.09687287559483344
3;0.7239972807613868;0.18184908225696805
4;0.6356220258327668;0.30761386811692726
5;0.5897348742352142;0.07647858599592114
mean;0.659755268524813;0.17403127124405166
standard_deviation;0.046980700321335125;0.08304814713297323
