index;step_length;step_width
1;0.6373215499660095;0.18014955812372535
2;0.6951053704962611;0.31441196464989807
3;0.6186267845003399;0.07987763426240653
4;0.7070020394289599;0.12406526172671653
5;0.6254248810333107;0.1937457511896669
mean;0.6566961250849763;0.17845003399048268
standard_deviation;0.03690120515424089;0.07924230609704125
