index;step_length;step_width
1;0.6798096532970769;0.33480625424881033
2;0.6373215499660095;0.10367097212780423
3;0.6866077498300476;0.17675050985723997
4;0.623725356900068;0.29401767505098575
5;0.5591434398368457;0.13596193065941536
mean;0.6373215499660095;0.20904146838885113
standard_deviation;0.045893445699714874;0.090026666472801
