index;step_length;step_width
1;0.6645139360978927;0.3008157715839565
2;0.5897348742352142;0.07138001359619307
3;0.650917743031951;0.12406526172671653
4;0.7426920462270564;0.23963290278721958
5;0.6407205982324949;0.11216859279401768
mean;0.6577158395649219;0.1696125084976207
standard_deviation;0.049444178235127596;0.08618715688001831
