index;step_length;step_width
1;0.6543167912984365;0.23963290278721958
2;0.5557443915703604;0.09347382732834807
3;0.5914343983684569;0.18354860639021076
4;0.6254248810333107;0.2991162474507138
5;0.7087015635622026;0.09177430319510538
mean;0.6271244051665534;0.18150917743031952
standard_deviation;0.052471001408348615;0.08126071641354769
