index;step_length;step_width
1;0.3925900747790619;0.11386811692726037
2;0.43677770224337187;0.1971447994561523
3;0.4758667573079538;0.31441196464989807
4;0.43677770224337187;0.07647858599592114
5;0.3959891230455473;0.1495581237253569
6;0.43847722637661457;0.29061862678450034
7;0.48436437797416726;0.08157715839564922
8;0.513256288239293;0.14785859959211423
mean;0.4467624065261727;0.17143949694085658
standard_deviation;0.0394699387004635;0.08422268518416455
