index;step_length;step_width
1;0.446974847042828;0.2141400407885792
2;0.42148198504418766;0.3484024473147519
3;0.46227056424201224;0.10197144799456152
4;0.43507817811012917;0.15975526852481306
5;0.48606390210740996;0.27532290958531613
6;0.4129843643779742;0.07987763426240653
7;0.4724677090414684;0.1274643099932019
mean;0.4481887928522871;0.18670486549480428
standard_deviation;0.024923463439465547;0.09069532049298805
