index;step_length;step_width
1;0.45037389530931343;0.07307953772943576
2;0.5064581917063222;0.12236573759347383
3;0.4588715159755269;0.24133242692046228
4;0.49966009517335147;0.09177430319510538
5;0.446974847042828;0.17845003399048268
6;0.4061862678450034;0.29231815091774305
7;0.4520734194425561;0.10876954452753229
8;0.3891910265125765;0.18354860639021076
mean;0.45122365737593473;0.16145479265805573
standard_deviation;0.03766852525374151;0.0718086656639123
