index;step_length;step_width
1;0.4894629503738953;0.09347382732834807
2;0.46397008837525494;0.1512576478585996
3;0.3959891230455473;0.3008157715839565
4;0.44867437117607073;0.1291638341264446
5;0.3840924541128484;0.24303195105370498
6;0.41978246091094495;0.08327668252889191
7;0.4435757987763426;0.15975526852481306
8;0.4146838885112169;0.24303195105370498
mean;0.4325288919102651;0.17547586675730797
standard_deviation;0.03311892465993384;0.07334953010891297
