index;step_length;step_width
1;0.40448674371176074;0.20904146838885113
2;0.43847722637661457;0.3297076818490823
3;0.40448674371176074;0.13596193065941536
4;0.43507817811012917;0.2549286199864038
5;0.4724677090414684;0.11896668932698845
6;0.40278721957851804;0.18014955812372535
7;0.42318150917743036;0.07817811012916384
8;0.44867437117607073;0.13766145479265807
mean;0.4287049626104691;0.18057443915703603
standard_deviation;0.023252291455663023;0.07639710706142788
