index;step_length;step_width
1;0.4316791298436438;0.07477906186267845
2;0.46057104010876954;0.1342624065261727
3;0.5013596193065941;0.22773623385452074
4;0.4418762746431;0.3433038749150238
5;0.4877634262406526;0.09517335146159075
6;0.41638341264445955;0.15295717199184228
7;0.3857919782460911;0.28891910265125764
8;0.41808293677770225;0.09687287559483344
mean;0.44293847722637664;0.17675050985723995
standard_deviation;0.036141745321983894;0.09268641213644267
