index;step_length;step_width
1;0.4146838885112169;0.07987763426240653
2;0.43677770224337187;0.1342624065261727
3;0.40448674371176074;0.23963290278721958
4;0.4299796057104011;0.08327668252889191
5;0.4537729435757988;0.15465669612508498
6;0.47926580557443915;0.26512576478586
7;0.4520734194425561;0.0866757307953773
8;0.39768864717878993;0.13936097892590074
mean;0.43359109449354183;0.1478585995921142
standard_deviation;0.025864578374876383;0.06615603713171965
