index;step_length;step_width
1;0.513256288239293;0.11896668932698845
2;0.46566961250849764;0.22263766145479266
3;0.4894629503738953;0.33820530251529574
4;0.4588715159755269;0.15975526852481306
5;0.48606390210740996;0.2532290958531611
6;0.5115567641060503;0.11896668932698845
7;0.4877634262406526;0.22773623385452074
mean;0.48752063707876087;0.20564242012236572
standard_deviation;0.019064747430708535;0.07343158101075203
