index;step_length;step_width
1;0.43677770224337187;0.11556764106050306
2;0.4129843643779742;0.1971447994561523
3;0.4588715159755269;0.2974167233174711
4;0.40108769544527534;0.13936097892590074
5;0.4299796057104011;0.2804214819850442
6;0.4078857919782461;0.13256288239293
7;0.4452753229095853;0.24303195105370498
8;0.5030591434398368;0.10027192386131883
mean;0.43699014276002723;0.18822229775662813
standard_deviation;0.030971903938849032;0.07246308343006012
