index;step_length;step_width
1;0.4724677090414684;0.08157715839564922
2;0.4435757987763426;0.14276002719238615
3;0.48436437797416726;0.26002719238613187
4;0.42318150917743036;0.09857239972807615
5;0.48096532970768185;0.18354860639021076
6;0.4435757987763426;0.28891910265125764
7;0.3874915023793338;0.13256288239293
8;0.4078857919782461;0.21074099252209383
mean;0.4429384772263766;0.17483854520734193
standard_deviation;0.033030913930715104;0.06979147896108374
