index;step_length;step_width
1;0.3959891230455473;0.16145479265805576
2;0.41808293677770225;0.07477906186267845
3;0.3874915023793338;0.11896668932698845
4;0.43847722637661457;0.22093813732155
5;0.47926580557443915;0.34160435078178114
6;0.43677770224337187;0.11556764106050306
7;0.48266485384092456;0.18864717878993884
8;0.4588715159755269;0.3008157715839565
mean;0.43720258327668254;0.1903467029231815
standard_deviation;0.03324677117520332;0.08724867619370842
