index;step_length;step_width
1;0.43677770224337187;0.13596193065941536
2;0.4095853161114888;0.23283480625424882
3;0.4520734194425561;0.08327668252889191
4;0.48096532970768185;0.15975526852481306
5;0.5166553365057784;0.2532290958531611
6;0.4758667573079538;0.12406526172671653
7;0.4129843643779742;0.20734194425560845
8;0.3925900747790619;0.3484024473147519
mean;0.44718728755948334;0.19310842963970087
standard_deviation;0.039506511403790405;0.07962382791899059
