index;step_length;step_width
1;0.39768864717878993;0.10027192386131883
2;0.43337865397688646;0.19884432358939497
3;0.4588715159755269;0.07477906186267845
4;0.4928619986403807;0.14615907545887152
5;0.4265805574439157;0.27532290958531613
6;0.3891910265125765;0.10367097212780423
7;0.4146838885112169;0.18864717878993884
8;0.43677770224337187;0.0866757307953773
mean;0.43125424881033314;0.14679639700883754
standard_deviation;0.03119622259650005;0.06500506244822644
