index;step_length;step_width
1;0.49796057104010877;0.20394289598912305
2;0.4588715159755269;0.07647858599592114
3;0.3959891230455473;0.14276002719238615
4;0.42318150917743036;0.2532290958531611
5;0.39938817131203264;0.08497620666213461
6;0.424881033310673;0.1512576478585996
7;0.4877634262406526;0.29061862678450034
8;0.43337865397688646;0.07647858599592114
mean;0.4401767505098573;0.1599677090414684
standard_deviation;0.03559884443516895;0.07716680624431813
