index;step_length;step_width
1;0.4095853161114888;0.24473147518694766
2;0.46227056424201224;0.07987763426240653
3;0.39938817131203264;0.13766145479265807
4;0.424881033310673;0.22093813732155
5;0.4588715159755269;0.10876954452753229
6;0.4299796057104011;0.21074099252209383
7;0.46227056424201224;0.09007477906186268
8;0.4299796057104011;0.15465669612508498
mean;0.43465329707681855;0.155931339225017
standard_deviation;0.022702328360626356;0.058945257301288835
