index;step_length;step_width
1;0.4078857919782461;0.10537049626104691
2;0.4588715159755269;0.16995241332426922
3;0.39938817131203264;0.2821210061182869
4;0.4554724677090415;0.12236573759347383
5;0.40278721957851804;0.1903467029231815
6;0.4452753229095853;0.3263086335825969
7;0.4928619986403807;0.09517335146159075
8;0.4554724677090415;0.17845003399048268
mean;0.4397518694765466;0.1837610469068661
standard_deviation;0.03106865386562195;0.07747499140728872
