index;step_length;step_width
1;0.41808293677770225;0.11556764106050306
2;0.3874915023793338;0.18864717878993884
3;0.4095853161114888;0.09007477906186268
4;0.4571719918422842;0.15975526852481306
5;0.3891910265125765;0.07817811012916384
6;0.4129843643779742;0.12406526172671653
7;0.44867437117607073;0.24643099932019036
8;0.513256288239293;0.110469068660775
mean;0.42955472467709044;0.13914853840924543
standard_deviation;0.03927105312245678;0.05257849140350782
