index;step_length;step_width
1;0.43677770224337187;0.24303195105370498
2;0.4061862678450034;0.10537049626104691
3;0.43507817811012917;0.16485384092454114
4;0.4112848402447315;0.08157715839564922
5;0.46227056424201224;0.14106050305914344
6;0.491162474507138;0.27532290958531613
7;0.46566961250849764;0.08497620666213461
8;0.4112848402447315;0.15805574439157036
mean;0.4399643099932019;0.15678110129163836
standard_deviation;0.02872192642567237;0.06638893608565626
