index;step_length;step_width
1;0.40278721957851804;0.3467029231815092
2;0.4537729435757988;0.15465669612508498
3;0.3959891230455473;0.29401767505098575
4;0.4435757987763426;0.14445955132562882
5;0.40108769544527534;0.24643099932019036
6;0.42148198504418766;0.12066621346023114
7;0.48606390210740996;0.2362338545207342
8;0.4282800815771584;0.08497620666213461
mean;0.42912984364377976;0.20351801495581237
standard_deviation;0.028929375476800138;0.08543701534995835
