index;step_length;step_width
1;0.4588715159755269;0.14615907545887152
2;0.3942895989123046;0.27532290958531613
3;0.446974847042828;0.09007477906186268
4;0.3925900747790619;0.15975526852481306
5;0.43847722637661457;0.30761386811692726
6;0.3874915023793338;0.09517335146159075
7;0.4282800815771584;0.1716519374575119
8;0.48606390210740996;0.2974167233174711
mean;0.42912984364377976;0.19289598912304556
standard_deviation;0.033195147832468755;0.08271550957652866
