index;step_length;step_width
1;0.4554724677090415;0.1274643099932019
2;0.4112848402447315;0.23283480625424882
3;0.4537729435757988;0.09687287559483344
4;0.49966009517335147;0.1920462270564242
5;0.46906866077498305;0.08837525492861999
6;0.4129843643779742;0.15295717199184228
7;0.3857919782460911;0.29401767505098575
8;0.41638341264445955;0.12066621346023114
mean;0.4380523453433039;0.16315431679129844
standard_deviation;0.03509579060661452;0.06706663331874795
