index;step_length;step_width
1;0.49966009517335147;0.2974167233174711
2;0.5727396329027873;0.11556764106050306
3;0.5149558123725357;0.1750509857239973
4;0.46566961250849764;0.33820530251529574
5;0.5268524813052345;0.110469068660775
6;0.4945615227736234;0.21074099252209383
mean;0.5124065261726717;0.20790845230002267
standard_deviation;0.03296594959427401;0.08573009492473813
