index;step_length;step_width
1;0.5098572399728076;0.07987763426240653
2;0.46736913664174035;0.14445955132562882
3;0.5234534330387491;0.2821210061182869
4;0.5625424881033311;0.13936097892590074
5;0.4962610469068661;0.24813052345343306
6;0.4418762746431;0.06968048946295037
7;0.5064581917063222;0.13256288239293
mean;0.5011168301447023;0.15659900942021945
standard_deviation;0.03595411571027146;0.07425538919795219
