index;step_length;step_width
1;0.46736913664174035;0.22603670972127804
2;0.5030591434398368;0.10537049626104691
3;0.4554724677090415;0.1937457511896669
4;0.4962610469068661;0.31441196464989807
5;0.5489462950373896;0.14445955132562882
6;0.5013596193065941;0.24133242692046228
7;0.45037389530931343;0.09007477906186268
mean;0.48897737205011166;0.18791881130426338
standard_deviation;0.03180445351813696;0.07427443881068167
