index;step_length;step_width
1;0.49796057104010877;0.33480625424881033
2;0.5421481985044188;0.16655336505778381
3;0.5115567641060503;0.07647858599592114
4;0.446974847042828;0.14106050305914344
5;0.513256288239293;0.26342624065261727
6;0.4520734194425561;0.10197144799456152
7;0.49966009517335147;0.15975526852481306
mean;0.49480431193551516;0.17772166650480722
standard_deviation;0.03164465914369451;0.08434678587374221
