index;step_length;step_width
1;0.4265805574439157;0.32460910944935417
2;0.48606390210740996;0.09517335146159075
3;0.4571719918422842;0.1750509857239973
4;0.5217539089055064;0.3263086335825969
5;0.4435757987763426;0.09517335146159075
6;0.5030591434398368;0.14445955132562882
7;0.5608429639700884;0.2566281441196465
mean;0.48557832378362625;0.20248616101777217
standard_deviation;0.0436399589136473;0.09283566744163757
