index;step_length;step_width
1;0.4537729435757988;0.2158395649218219
2;0.5098572399728076;0.33820530251529574
3;0.4401767505098573;0.14445955132562882
4;0.5013596193065941;0.2566281441196465
5;0.43337865397688646;0.11896668932698845
6;0.46906866077498305;0.2141400407885792
7;0.5098572399728076;0.09857239972807615
mean;0.4739244440128193;0.19811595610371954
standard_deviation;0.03058372583470862;0.0780770082719379
