index;step_length;step_width
1;0.49966009517335147;0.07817811012916384
2;0.44867437117607073;0.1342624065261727
3;0.48606390210740996;0.22773623385452074
4;0.4537729435757988;0.09007477906186268
5;0.48436437797416726;0.13936097892590074
6;0.5557443915703604;0.2141400407885792
7;0.5115567641060503;0.10537049626104691
mean;0.4914052636690299;0.14130329222103524
standard_deviation;0.03366637469488776;0.054418362176418905
