index;step_length;step_width
1;0.5115567641060503;0.2532290958531611
2;0.46566961250849764;0.07817811012916384
3;0.5030591434398368;0.1257647858599592
4;0.4418762746431;0.22943575798776344
5;0.4945615227736234;0.3450033990482665
6;0.5336505778382054;0.13936097892590074
7;0.49966009517335147;0.2379333786539769
mean;0.4928619986403807;0.2012722152083131
standard_deviation;0.028043987450019757;0.08466904348403263
