index;step_length;step_width
1;0.5149558123725357;0.14276002719238615
2;0.48436437797416726;0.2158395649218219
3;0.5098572399728076;0.1070700203942896
4;0.5455472467709042;0.20054384772263767
5;0.46397008837525494;0.33480625424881033
6;0.5013596193065941;0.08327668252889191
7;0.4537729435757988;0.14445955132562882
mean;0.49626104690686607;0.17553656404778092
standard_deviation;0.029225603546283695;0.07824518767372973
