index;step_length;step_width
1;0.4707681849082257;0.1070700203942896
2;0.43677770224337187;0.16145479265805576
3;0.4945615227736234;0.07307953772943576
4;0.5557443915703604;0.13086335825968728
5;0.4775662814411965;0.20224337185588037
6;0.5047586675730795;0.33650577838205303
7;0.5727396329027873;0.10367097212780423
mean;0.5018451976303778;0.1592696902010294
standard_deviation;0.0443713384541543;0.08221559462620968
