index;step_length;step_width
1;0.5081577158395649;0.13256288239293
2;0.4724677090414684;0.2532290958531611
3;0.49796057104010877;0.10537049626104691
4;0.5234534330387491;0.18184908225696805
5;0.4758667573079538;0.33990482664853844
6;0.44867437117607073;0.09347382732834807
7;0.4894629503738953;0.15805574439157036
mean;0.48800621540254435;0.18063513644750898
standard_deviation;0.022989454333817244;0.08169701974684701
