index;step_length;step_width
1;0.4877634262406526;0.2855200543847723
2;0.5608429639700884;0.10537049626104691
3;0.5268524813052345;0.16655336505778381
4;0.4877634262406526;0.30761386811692726
5;0.4571719918422842;0.11896668932698845
6;0.4299796057104011;0.18184908225696805
7;0.491162474507138;0.07647858599592114
mean;0.49164805283092167;0.17747887734291543
standard_deviation;0.03972998165673061;0.08243684239712784
