index;step_length;step_width
1;0.5115567641060503;0.3195105370496261
2;0.45037389530931343;0.14106050305914344
3;0.4928619986403807;0.24813052345343306
4;0.53025152957172;0.11556764106050306
5;0.5693405846363019;0.17845003399048268
6;0.4928619986403807;0.0866757307953773
mean;0.5078744618173578;0.18156582823476097
standard_deviation;0.036627494262844784;0.08007276085252289
