index;step_length;step_width
1;0.43337865397688646;0.19884432358939497
2;0.4894629503738953;0.07817811012916384
3;0.4554724677090415;0.14785859959211423
4;0.5081577158395649;0.29061862678450034
5;0.5727396329027873;0.1342624065261727
6;0.5285520054384772;0.23453433038749152
7;0.4571719918422842;0.07987763426240653
mean;0.49213363115470526;0.16631057589589204
standard_deviation;0.04489039636535821;0.07345646178193468
