index;step_length;step_width
1;0.5013596193065941;0.10367097212780423
2;0.46566961250849764;0.18184908225696805
3;0.5166553365057784;0.3008157715839565
4;0.5744391570360299;0.09857239972807615
5;0.4962610469068661;0.17675050985723997
6;0.46566961250849764;0.32460910944935417
7;0.5353501019714481;0.14106050305914344
mean;0.5079149266776731;0.18961833543750609
standard_deviation;0.03586218649035208;0.08353570310984221
