index;step_length;step_width
1;0.7358939496940857;0.29231815091774305
2;0.8191706322229776;0.13256288239293
3;0.9041468388851122;0.2362338545207342
4;0.778382053025153;0.10537049626104691
mean;0.809398368456832;0.19162134602311354
standard_deviation;0.062124232768341656;0.07592304268381514
