index;step_length;step_width
1;0.7970768184908226;0.22433718558803536
2;0.6849082256968049;0.09007477906186268
3;0.7579877634262406;0.18014955812372535
4;0.8140720598232495;0.30931339225016996
mean;0.7635112168592794;0.20096872875594834
standard_deviation;0.04972923489163515;0.07908153518198362
