index;step_length;step_width
1;0.8327668252889191;0.07138001359619307
2;0.7460910944935418;0.11216859279401768
3;0.8038749150237934;0.1920462270564242
4;0.7154996600951734;0.08837525492861999
mean;0.7745581237253569;0.11599252209381374
standard_deviation;0.04622229188766674;0.04623791148493194
