index;step_length;step_width
1;0.7681849082256968;0.1342624065261727
2;0.8667573079537729;0.22263766145479266
3;0.7800815771583957;0.07817811012916384
4;0.8208701563562203;0.1495581237253569
mean;0.8089734874235214;0.14615907545887152
standard_deviation;0.038661839449617;0.05153510944954556
