index;step_length;step_width
1;0.8293677770224338;0.270224337185588
2;0.8973487423521415;0.12406526172671653
3;0.7630863358259687;0.2379333786539769
4;0.6883072739632903;0.09007477906186268
mean;0.7945275322909586;0.18057443915703603
standard_deviation;0.07755213731055653;0.07535022854633014
