index;step_length;step_width
1;0.849762066621346;0.09857239972807615
2;0.9041468388851122;0.1750509857239973
3;0.800475866757308;0.29061862678450034
4;0.7443915703602991;0.14445955132562882
mean;0.8246940856560164;0.17717539089055065
standard_deviation;0.059110404656892636;0.07092714086569354
