index;step_length;step_width
1;0.8123725356900068;0.18354860639021076
2;0.7630863358259687;0.3195105370496261
3;0.8582596872875595;0.08497620666213461
4;0.8072739632902788;0.16655336505778381
mean;0.8102481305234535;0.1886471787899388
standard_deviation;0.033699789428285915;0.08424224154584453
