index;step_length;step_width
1;0.7919782460910946;0.26512576478586
2;0.7053025152957172;0.07477906186267845
3;0.7698844323589396;0.14615907545887152
4;0.8327668252889191;0.26172671651937457
mean;0.7749830047586677;0.18694765465669613
standard_deviation;0.04612259260745042;0.08054381788628678
