index;step_length;step_width
1;0.8140720598232495;0.13766145479265807
2;0.7375934738273284;0.2583276682528892
3;0.7919782460910946;0.10876954452753229
4;0.7087015635622026;0.16825288919102652
mean;0.7630863358259687;0.16825288919102652
standard_deviation;0.041957943221035035;0.05609717010230798
