index;step_length;step_width
1;0.7919782460910946;0.10876954452753229
2;0.7528891910265126;0.1903467029231815
3;0.6951053704962611;0.2991162474507138
4;0.7715839564921823;0.10027192386131883
mean;0.7528891910265125;0.17462610469068662
standard_deviation;0.036112388444724315;0.08001650388596243
