index;step_length;step_width
1;0.7477906186267845;0.23283480625424882
2;0.8157715839564922;0.08497620666213461
3;0.6951053704962611;0.1291638341264446
4;0.7324949014276003;0.21753908905506458
mean;0.7477906186267844;0.16612848402447317
standard_deviation;0.04367810086980419;0.06132874774160133
