index;step_length;step_width
1;0.9024473147518695;0.21753908905506458
2;0.8378653976886472;0.08157715839564922
3;0.7477906186267845;0.12406526172671653
4;0.6849082256968049;0.23453433038749152
mean;0.7932528891910265;0.16442895989123046
standard_deviation;0.08324524406917373;0.06369673840314816
