index;step_length;step_width
1;0.7902787219578519;0.14445955132562882
2;0.734194425560843;0.21753908905506458
3;0.8293677770224338;0.3280081577158396
4;0.8820530251529572;0.14106050305914344
mean;0.8089734874235215;0.2077668252889191
standard_deviation;0.05407852677327438;0.07584691741429257
