index;step_length;step_width
1;0.7800815771583957;0.07817811012916384
2;0.8395649218218899;0.15295717199184228
3;0.7205982324949014;0.07477906186267845
4;0.7851801495581238;0.12406526172671653
mean;0.7813562202583276;0.10749490142760026
standard_deviation;0.042118977804246845;0.03267719118809271
