index;step_length;step_width
1;0.778382053025153;0.1920462270564242
2;0.7036029911624745;0.08837525492861999
3;0.7664853840924541;0.15635622025832768
4;0.6917063222297757;0.24643099932019036
mean;0.7350441876274644;0.17080217539089054
standard_deviation;0.03785973727047156;0.05738883074406202
