index;step_length;step_width
1;0.6713120326308634;0.13766145479265807
2;0.6322229775662814;0.23283480625424882
3;0.5710401087695446;0.08837525492861999
4;0.6526172671651937;0.14106050305914344
5;0.6118286879673691;0.2566281441196465
mean;0.6278042148198505;0.17131203263086336
standard_deviation;0.034656960153720946;0.0632296071153157
