index;step_length;step_width
1;0.6152277362338545;0.12406526172671653
2;0.5761386811692726;0.19884432358939497
3;0.650917743031951;0.09347382732834807
4;0.6101291638341265;0.16995241332426922
5;0.6832087015635623;0.27362338545207343
mean;0.6271244051665534;0.17199184228416045
standard_deviation;0.03671916186487126;0.062475949590145664
