index;step_length;step_width
1;0.7154996600951734;0.12066621346023114
2;0.6662134602311353;0.2124405166553365
3;0.5880353501019715;0.3297076818490823
4;0.6390210740992522;0.15295717199184228
5;0.7171991842284161;0.2566281441196465
mean;0.6651937457511897;0.21447994561522776
standard_deviation;0.048733391483406614;0.07435607456071476
