index;step_length;step_width
1;0.6118286879673691;0.16655336505778381
2;0.645819170632223;0.3042148198504419
3;0.690006798096533;0.11216859279401768
4;0.7307953772943576;0.18014955812372535
5;0.6611148878314073;0.08157715839564922
mean;0.6679129843643781;0.1689326988443236
standard_deviation;0.040304170925306984;0.0765321966338953
