index;step_length;step_width
1;0.6288239292997961;0.09517335146159075
2;0.6968048946295038;0.16995241332426922
3;0.6305234534330387;0.3008157715839565
4;0.7171991842284161;0.10197144799456152
5;0.6135282121006118;0.15465669612508498
mean;0.6573759347382733;0.16451393609789258
standard_deviation;0.04145445598480392;0.0740602620399804
