index;step_length;step_width
1;0.7002039428959892;0.27702243371855884
2;0.739292997960571;0.1070700203942896
3;0.6611148878314073;0.17675050985723997
4;0.5727396329027873;0.3263086335825969
5;0.6577158395649219;0.09517335146159075
mean;0.6662134602311355;0.1964649898028552
standard_deviation;0.05537424155588896;0.09163950116971845
