index;step_length;step_width
1;0.667912984364378;0.10197144799456152
2;0.5897348742352142;0.1954452753229096
3;0.6441196464989803;0.3008157715839565
4;0.6050305914343984;0.14785859959211423
5;0.5659415363698165;0.23113528212100612
mean;0.6145479265805576;0.1954452753229096
standard_deviation;0.03685421119899333;0.06837918714062807
