index;step_length;step_width
1;0.6322229775662814;0.0866757307953773
2;0.5829367777022434;0.14276002719238615
3;0.6526172671651937;0.2821210061182869
4;0.5897348742352142;0.10027192386131883
5;0.6645139360978927;0.16655336505778381
mean;0.6244051665533652;0.1556764106050306
standard_deviation;0.03282502285658156;0.06943216516668499
