index;step_length;step_width
1;0.6543167912984365;0.33650577838205303
2;0.5625424881033311;0.15975526852481306
3;0.5931339225016995;0.2787219578518015
4;0.6696125084976207;0.09687287559483344
5;0.7256968048946295;0.17675050985723997
mean;0.6410605030591434;0.20972127804214824
standard_deviation;0.05764769826690375;0.08620190129844482
