index;step_length;step_width
1;0.6764106050305915;0.16825288919102652
2;0.6271244051665534;0.30931339225016996
3;0.6917063222297757;0.12236573759347383
4;0.7375934738273284;0.1903467029231815
5;0.6594153636981646;0.3280081577158396
mean;0.6784500339904828;0.22365737593473828
standard_deviation;0.036536211548022515;0.08082733804231218
