index;step_length;step_width
1;0.7070020394289599;0.21753908905506458
2;0.6441196464989803;0.07477906186267845
3;0.6985044187627465;0.1342624065261727
4;0.6288239292997961;0.2583276682528892
5;0.5591434398368457;0.12406526172671653
mean;0.6475186947654658;0.1617946974847043
standard_deviation;0.05349587986474436;0.0666022669998964
