index;step_length;step_width
1;0.6339225016995241;0.3229095853161115
2;0.6713120326308634;0.13766145479265807
3;0.5846363018354861;0.2583276682528892
4;0.6577158395649219;0.12236573759347383
5;0.5863358259687288;0.20734194425560845
mean;0.626784500339905;0.20972127804214818
standard_deviation;0.03578537644663998;0.07483774966680849
