index;step_length;step_width
1;0.6968048946295038;0.1495581237253569
2;0.6373215499660095;0.29061862678450034
3;0.5744391570360299;0.14106050305914344
4;0.6441196464989803;0.22093813732155
5;0.5914343983684569;0.10876954452753229
mean;0.6288239292997961;0.18218898708361658
standard_deviation;0.04308888637741868;0.06542969264290995
