index;step_length;step_width
1;0.6985044187627465;0.3229095853161115
2;0.66281441196465;0.08837525492861999
3;0.7053025152957172;0.13766145479265807
4;0.6084296397008838;0.2668252889191027
5;0.5591434398368457;0.07138001359619307
mean;0.6468388851121687;0.17743031951053706
standard_deviation;0.05569255270671931;0.09991467544665468
