index;step_length;step_width
1;0.6645139360978927;0.1342624065261727
2;0.7273963290278722;0.2379333786539769
3;0.623725356900068;0.11726716519374576
4;0.667912984364378;0.21074099252209383
5;0.7019034670292318;0.08327668252889191
mean;0.6770904146838885;0.1566961250849762
standard_deviation;0.03531740369234679;0.05825576060005699
