index;step_length;step_width
1;0.7426920462270564;0.1070700203942896
2;0.8242692046227057;0.16655336505778381
3;0.7749830047586675;0.28721957851801494
4;0.8769544527532291;0.09857239972807615
mean;0.8047246770904147;0.16485384092454114
standard_deviation;0.05082259195889085;0.07534663476431301
