index;step_length;step_width
1;0.8480625424881033;0.3161114887831407
2;0.7324949014276003;0.1342624065261727
3;0.7800815771583957;0.2549286199864038
4;0.6951053704962611;0.08157715839564922
mean;0.7639360978925901;0.1967199184228416
standard_deviation;0.05714926300938262;0.09327566133485232
