index;step_length;step_width
1;0.7902787219578519;0.13766145479265807
2;0.7104010876954453;0.2141400407885792
3;0.7681849082256968;0.34160435078178114
4;0.7087015635622026;0.09007477906186268
mean;0.7443915703602992;0.19587015635622027
standard_deviation;0.03571023349668713;0.09506992018589562
