index;step_length;step_width
1;0.8378653976886472;0.21753908905506458
2;0.7885791978246092;0.3280081577158396
3;0.8633582596872876;0.110469068660775
4;0.7647858599592114;0.21753908905506458
mean;0.8136471787899389;0.21838885112168593
standard_deviation;0.038966478664887845;0.07691637669529997
