index;step_length;step_width
1;0.6832087015635623;0.1257647858599592
2;0.7817811012916384;0.20054384772263767
3;0.8871515975526852;0.3161114887831407
4;0.8055744391570361;0.11556764106050306
mean;0.7894289598912305;0.18949694085656016
standard_deviation;0.07271798854580354;0.08012584921048607
