index;step_length;step_width
1;0.8157715839564922;0.3297076818490823
2;0.7494901427600272;0.08497620666213461
3;0.8038749150237934;0.14615907545887152
4;0.9160435078178111;0.22263766145479266
mean;0.8212950373895309;0.1958701563562203
standard_deviation;0.06013980533373263;0.0913751090313874
