index;step_length;step_width
1;0.8293677770224338;0.08327668252889191
2;0.7715839564921823;0.1512576478585996
3;0.6917063222297757;0.23113528212100612
4;0.7800815771583957;0.08497620666213461
mean;0.7681849082256968;0.13766145479265804
standard_deviation;0.049359400854716566;0.060530264508865145
