index;step_length;step_width
1;0.871855880353501;0.2549286199864038
2;0.7409925220938137;0.11556764106050306
3;0.7851801495581238;0.1954452753229096
4;0.7036029911624745;0.08327668252889191
mean;0.7754078857919782;0.16230455472467709
standard_deviation;0.06272573822858869;0.06728162548204475
