index;step_length;step_width
1;0.7460910944935418;0.31441196464989807
2;0.8157715839564922;0.14445955132562882
3;0.7545887151597553;0.2685248130523454
4;0.8174711080897349;0.09517335146159075
mean;0.7834806254248811;0.20564242012236575
standard_deviation;0.03328204627390573;0.08906706423014196
