index;step_length;step_width
1;0.8480625424881033;0.12406526172671653
2;0.7307953772943576;0.21074099252209383
3;0.8259687287559484;0.34160435078178114
4;0.7205982324949014;0.110469068660775
mean;0.7813562202583277;0.19671991842284164
standard_deviation;0.056320380987172035;0.09206790630178796
