index;step_length;step_width
1;0.871855880353501;0.28721957851801494
2;0.7749830047586675;0.09347382732834807
3;0.8276682528891911;0.18014955812372535
4;0.7681849082256968;0.2855200543847723
mean;0.8106730115567642;0.21159075458871518
standard_deviation;0.04216395727415118;0.08081679546642093
