index;step_length;step_width
1;0.5863358259687288;0.21074099252209383
2;0.5421481985044188;0.3467029231815092
3;0.5761386811692726;0.15465669612508498
4;0.5336505778382054;0.29061862678450034
5;0.5744391570360299;0.11216859279401768
6;0.5438477226376615;0.1971447994561523
mean;0.5594266938590527;0.2186721051438931
standard_deviation;0.020142926237889214;0.07909434294547872
