index;step_length;step_width
1;0.5778382053025153;0.27702243371855884
2;0.5081577158395649;0.07817811012916384
3;0.5778382053025153;0.15465669612508498
4;0.5353501019714481;0.29401767505098575
5;0.6118286879673691;0.08497620666213461
6;0.5353501019714481;0.14106050305914344
mean;0.55772716972581;0.17165193745751192
standard_deviation;0.03462773180829674;0.08519685832423035
