index;step_length;step_width
1;0.5438477226376615;0.17675050985723997
2;0.6271244051665534;0.30761386811692726
3;0.5472467709041469;0.09857239972807615
4;0.5149558123725357;0.16485384092454114
5;0.5642420122365738;0.3263086335825969
6;0.5200543847722637;0.13766145479265807
mean;0.5529118513482891;0.2019601178336732
standard_deviation;0.037126812548857815;0.0851087605774748
