index;step_length;step_width
1;0.5387491502379333;0.30761386811692726
2;0.4894629503738953;0.10027192386131883
3;0.5353501019714481;0.1716519374575119
4;0.5778382053025153;0.29571719918422845
5;0.6220258327668253;0.11216859279401768
6;0.5710401087695446;0.22603670972127804
mean;0.5557443915703603;0.20224337185588037
standard_deviation;0.04125796840252238;0.08150040765970307
