index;step_length;step_width
1;0.5421481985044188;0.13766145479265807
2;0.6118286879673691;0.2141400407885792
3;0.5727396329027873;0.09857239972807615
4;0.49966009517335147;0.1937457511896669
5;0.5251529571719918;0.3433038749150238
6;0.5676410605030592;0.09347382732834807
mean;0.5531951053704962;0.18014955812372535
standard_deviation;0.03606236433365558;0.08556897263884503
