index;step_length;step_width
1;0.6305234534330387;0.08157715839564922
2;0.5455472467709042;0.14106050305914344
3;0.6203263086335826;0.2821210061182869
4;0.5829367777022434;0.07138001359619307
5;0.5098572399728076;0.12406526172671653
6;0.48096532970768185;0.22943575798776344
mean;0.5616927260367098;0.1549399501472921
standard_deviation;0.054911113640572835;0.0766321234103348
