index;step_length;step_width
1;0.5336505778382054;0.09857239972807615
2;0.6135282121006118;0.1512576478585996
3;0.5319510537049627;0.28891910265125764
4;0.5897348742352142;0.09347382732834807
5;0.5370496261046908;0.16145479265805576
6;0.5642420122365738;0.3178110129163834
mean;0.5616927260367098;0.18524813052345343
standard_deviation;0.03097846045812062;0.08753786716299056
