index;step_length;step_width
1;0.5115567641060503;0.3501019714479946
2;0.5829367777022434;0.14106050305914344
3;0.5183548606390211;0.27362338545207343
4;0.5778382053025153;0.07647858599592114
5;0.6305234534330387;0.1512576478585996
6;0.5846363018354861;0.23283480625424882
mean;0.5676410605030592;0.20422615001133018
standard_deviation;0.04114112317100679;0.09131373396677357
