index;step_length;step_width
1;0.5727396329027873;0.33480625424881033
2;0.5438477226376615;0.14276002719238615
3;0.6084296397008838;0.2532290958531611
4;0.5217539089055064;0.12406526172671653
5;0.5591434398368457;0.2379333786539769
6;0.5999320190346703;0.10876954452753229
mean;0.5676410605030592;0.20026059370043056
standard_deviation;0.030211401826361648;0.08145560300039527
