index;step_length;step_width
1;0.5370496261046908;0.14276002719238615
2;0.5880353501019715;0.2821210061182869
3;0.5064581917063222;0.11726716519374576
4;0.5591434398368457;0.23283480625424882
5;0.5982324949014276;0.110469068660775
6;0.5557443915703604;0.17845003399048268
mean;0.5574439157036031;0.17731701790165422
standard_deviation;0.03060716668760503;0.062364791389007065
