index;step_length;step_width
1;0.5727396329027873;0.11726716519374576
2;0.5336505778382054;0.22433718558803536
3;0.5948334466349422;0.10027192386131883
4;0.5540448674371177;0.17845003399048268
5;0.6033310673011557;0.32460910944935417
6;0.5319510537049627;0.11556764106050306
mean;0.5650917743031951;0.17675050985723997
standard_deviation;0.02773142228429761;0.07880369217790366
