index;step_length;step_width
1;0.557443915703603;0.1274643099932019
2;0.5880353501019715;0.23453433038749152
3;0.5285520054384772;0.08157715839564922
4;0.5914343983684569;0.12236573759347383
5;0.5268524813052345;0.23283480625424882
6;0.5948334466349422;0.0866757307953773
mean;0.5645252662587809;0.1475753455699071
standard_deviation;0.028748539026099043;0.06316056595819518
