index;step_length;step_width
1;0.5761386811692726;0.16825288919102652
2;0.4962610469068661;0.30761386811692726
3;0.5506458191706323;0.0866757307953773
4;0.6288239292997961;0.15295717199184228
5;0.5880353501019715;0.29401767505098575
6;0.5336505778382054;0.07138001359619307
mean;0.562259234081124;0.18014955812372535
standard_deviation;0.0420257722244036;0.09188963051942589
