index;step_length;step_width
1;0.5234534330387491;0.23283480625424882
2;0.5965329707681849;0.09517335146159075
3;0.5183548606390211;0.15805574439157036
4;0.5710401087695446;0.26172671651937457
5;0.540448674371176;0.07138001359619307
6;0.5710401087695446;0.10876954452753229
mean;0.5534783593927034;0.15465669612508495
standard_deviation;0.02821187309764046;0.07090635200369313
