index;step_length;step_width
1;0.5115567641060503;0.10876954452753229
2;0.5489462950373896;0.20224337185588037
3;0.48096532970768185;0.09857239972807615
4;0.5217539089055064;0.15805574439157036
5;0.5931339225016995;0.24303195105370498
6;0.5387491502379333;0.10367097212780423
mean;0.5325175617493768;0.15239066394742806
standard_deviation;0.03463120715064111;0.05462912004989417
