index;step_length;step_width
1;0.43677770224337187;0.16315431679129844
2;0.46397008837525494;0.30931339225016996
3;0.5234534330387491;0.14785859959211423
4;0.45037389530931343;0.22603670972127804
5;0.4894629503738953;0.110469068660775
6;0.5336505778382054;0.1733514615907546
7;0.4945615227736234;0.26342624065261727
mean;0.4846071671360591;0.1990871127512868
standard_deviation;0.033641853113894865;0.06485879686254793
