index;step_length;step_width
1;0.5608429639700884;0.3501019714479946
2;0.48096532970768185;0.09857239972807615
3;0.4435757987763426;0.1954452753229096
4;0.5013596193065941;0.09687287559483344
5;0.5540448674371177;0.18184908225696805
6;0.5217539089055064;0.08837525492861999
7;0.46736913664174035;0.16655336505778381
mean;0.5042730892492959;0.16825288919102652
standard_deviation;0.04067425025480291;0.084791486127155
