index;step_length;step_width
1;0.5013596193065941;0.31441196464989807
2;0.4452753229095853;0.11896668932698845
3;0.49796057104010877;0.20564242012236575
4;0.4401767505098573;0.07647858599592114
5;0.4894629503738953;0.1495581237253569
6;0.5370496261046908;0.270224337185588
7;0.5098572399728076;0.07817811012916384
mean;0.4887345828882199;0.1733514615907546
standard_deviation;0.03223157575075477;0.08643021362232337
