index;step_length;step_width
1;0.43847722637661457;0.08837525492861999
2;0.4758667573079538;0.14785859959211423
3;0.5387491502379333;0.23963290278721958
4;0.5081577158395649;0.09347382732834807
5;0.5676410605030592;0.14276002719238615
6;0.53025152957172;0.26172671651937457
7;0.46057104010876954;0.09347382732834807
mean;0.502816354277945;0.15247159366805865
standard_deviation;0.04297025229256643;0.06624541323240986
