index;step_length;step_width
1;0.5013596193065941;0.12406526172671653
2;0.4588715159755269;0.22093813732155
3;0.5081577158395649;0.3484024473147519
4;0.5438477226376615;0.110469068660775
5;0.4775662814411965;0.16995241332426922
6;0.4537729435757988;0.3297076818490823
7;0.5098572399728076;0.10537049626104691
mean;0.4933475769641643;0.20127221520831312
standard_deviation;0.029544558114356124;0.09480349417869566
