index;step_length;step_width
1;0.4877634262406526;0.08497620666213461
2;0.4520734194425561;0.14106050305914344
3;0.4741672331747111;0.26342624065261727
4;0.53025152957172;0.0866757307953773
5;0.4537729435757988;0.16315431679129844
6;0.49966009517335147;0.2668252889191027
7;0.5676410605030592;0.08837525492861999
mean;0.49504710109740696;0.15635622025832768
standard_deviation;0.038858403464586896;0.07418073111286051
