index;step_length;step_width
1;0.5710401087695446;0.14445955132562882
2;0.5234534330387491;0.2668252889191027
3;0.48436437797416726;0.12236573759347383
4;0.5336505778382054;0.1954452753229096
5;0.4928619986403807;0.3042148198504419
6;0.4282800815771584;0.13596193065941536
7;0.4571719918422842;0.21923861318830729
mean;0.4986889385257842;0.19835874526561134
standard_deviation;0.044706181275545875;0.06426624987767494
