index;step_length;step_width
1;0.47926580557443915;0.18524813052345343
2;0.5506458191706323;0.07817811012916384
3;0.48606390210740996;0.1342624065261727
4;0.5183548606390211;0.22263766145479266
5;0.46397008837525494;0.08157715839564922
6;0.424881033310673;0.15465669612508498
7;0.48436437797416726;0.2787219578518015
mean;0.4867922695930854;0.1621831601437312
standard_deviation;0.03682079947582575;0.06777949863616291
