index;step_length;step_width
1;0.43677770224337187;0.15295717199184228
2;0.5013596193065941;0.27532290958531613
3;0.5540448674371177;0.07647858599592114
4;0.5251529571719918;0.12066621346023114
5;0.4945615227736234;0.22773623385452074
6;0.5387491502379333;0.08837525492861999
7;0.47926580557443915;0.13256288239293
mean;0.5042730892492959;0.1534427503156259
standard_deviation;0.03661692017971211;0.06765676241602424
