index;step_length;step_width
1;0.48606390210740996;0.24303195105370498
2;0.5591434398368457;0.1070700203942896
3;0.5047586675730795;0.17675050985723997
4;0.46057104010876954;0.0866757307953773
5;0.4945615227736234;0.1733514615907546
6;0.5268524813052345;0.07987763426240653
7;0.5727396329027873;0.14445955132562882
mean;0.5149558123725357;0.14445955132562882
standard_deviation;0.037312199864208286;0.0541185701158758
