index;step_length;step_width
1;0.4928619986403807;0.24133242692046228
2;0.446974847042828;0.110469068660775
3;0.513256288239293;0.20904146838885113
4;0.5727396329027873;0.08837525492861999
5;0.5336505778382054;0.15295717199184228
6;0.4554724677090415;0.2362338545207342
7;0.513256288239293;0.11556764106050306
mean;0.5040303000874041;0.1648538409245411
standard_deviation;0.04054360923630939;0.058887258719767965
