index;step_length;step_width
1;0.6951053704962611;0.331407205982325
2;0.7970768184908226;0.15975526852481306
3;0.8599592114208022;0.27362338545207343
4;0.7817811012916384;0.07477906186267845
mean;0.7834806254248811;0.20989123045547248
standard_deviation;0.05883643566660014;0.09949476452220175
