index;step_length;step_width
1;0.7494901427600272;0.13256288239293
2;0.7087015635622026;0.22773623385452074
3;0.6611148878314073;0.07987763426240653
4;0.739292997960571;0.13256288239293
mean;0.714649898028552;0.1431849082256968
standard_deviation;0.03436024238469701;0.053344147916707885
