index;step_length;step_width
1;0.7188987083616588;0.22263766145479266
2;0.8242692046227057;0.09517335146159075
3;0.7477906186267845;0.18014955812372535
4;0.849762066621346;0.2838205302515296
mean;0.7851801495581238;0.1954452753229096
standard_deviation;0.05359567311768006;0.06862585013450023
