index;step_length;step_width
1;0.8276682528891911;0.33650577838205303
2;0.7630863358259687;0.1274643099932019
3;0.8463630183548607;0.22773623385452074
4;0.7936777702243372;0.08837525492861999
mean;0.8076988443235895;0.19502039428959891
standard_deviation;0.031939638638091065;0.09620999213310888
