index;step_length;step_width
1;0.7698844323589396;0.3178110129163834
2;0.6917063222297757;0.12066621346023114
3;0.7817811012916384;0.23113528212100612
4;0.8327668252889191;0.08327668252889191
mean;0.7690346702923181;0.18822229775662813
standard_deviation;0.05050904521316647;0.09248265513706273
