index;step_length;step_width
1;0.6390210740992522;0.30591434398368456
2;0.7138001359619307;0.13596193065941536
3;0.8021753908905507;0.22943575798776344
4;0.7324949014276003;0.10876954452753229
mean;0.7218728755948334;0.19502039428959891
standard_deviation;0.05807519163088207;0.0781168940567078
