index;step_length;step_width
1;0.7307953772943576;0.11896668932698845
2;0.7970768184908226;0.20904146838885113
3;0.8531611148878314;0.09347382732834807
4;0.7885791978246092;0.16825288919102652
mean;0.7924031271244052;0.14743371855880355
standard_deviation;0.0433690953977044;0.044584174097494905
