index;step_length;step_width
1;0.7443915703602991;0.13936097892590074
2;0.8293677770224338;0.2532290958531611
3;0.7868796736913665;0.12066621346023114
4;0.6730115567641061;0.18694765465669613
mean;0.7584126444595514;0.17505098572399727
standard_deviation;0.0577385029437963;0.051197723764079085
