index;step_length;step_width
1;0.7817811012916384;0.12066621346023114
2;0.7087015635622026;0.2141400407885792
3;0.778382053025153;0.07307953772943576
4;0.8361658735554045;0.11216859279401768
mean;0.7762576478585996;0.13001359619306593
standard_deviation;0.04524334665655227;0.051779733978865136
