index;step_length;step_width
1;0.773283480625425;0.09007477906186268
2;0.7104010876954453;0.14785859959211423
3;0.7902787219578519;0.2362338545207342
4;0.7188987083616588;0.08497620666213461
mean;0.7482154996600953;0.13978585995921142
standard_deviation;0.03423128081162375;0.060915257609749716
