index;step_length;step_width
1;0.7630863358259687;0.1903467029231815
2;0.6815091774303196;0.31271244051665537
3;0.7222977566281441;0.13256288239293
4;0.7749830047586675;0.24983004758667574
mean;0.7354690686607749;0.22136301835486064
standard_deviation;0.03677369274999973;0.06708681810235449
