index;step_length;step_width
1;0.8208701563562203;0.09007477906186268
2;0.773283480625425;0.1495581237253569
3;0.8599592114208022;0.270224337185588
4;0.8157715839564922;0.0866757307953773
mean;0.8174711080897349;0.14913324269204623
standard_deviation;0.030709230114875335;0.07424970809406692
