index;step_length;step_width
1;0.7919782460910946;0.3178110129163834
2;0.8565601631543168;0.10197144799456152
3;0.773283480625425;0.15975526852481306
4;0.7154996600951734;0.27532290958531613
mean;0.7843303874915024;0.21371515975526853
standard_deviation;0.050337196531678736;0.08664552565499946
