index;step_length;step_width
1;0.7171991842284161;0.27192386131883073
2;0.7817811012916384;0.09517335146159075
3;0.8361658735554045;0.14276002719238615
4;0.7138001359619307;0.24133242692046228
mean;0.7622365737593474;0.18779741672331748
standard_deviation;0.0505519161037928;0.07167782069521195
