index;step_length;step_width
1;0.7647858599592114;0.08497620666213461
2;0.8174711080897349;0.16145479265805576
3;0.7290958531611149;0.24473147518694766
4;0.6781101291638342;0.09687287559483344
mean;0.7473657375934738;0.14700883752549287
standard_deviation;0.050863424019099;0.06348240209252128
