index;step_length;step_width
1;0.7494901427600272;0.18864717878993884
2;0.6866077498300476;0.07477906186267845
3;0.773283480625425;0.11726716519374576
4;0.7222977566281441;0.22093813732155
mean;0.732919782460911;0.15040788579197825
standard_deviation;0.03225459955243841;0.05756471636451377
