index;step_length;step_width
1;0.5965329707681849;0.07307953772943576
2;0.645819170632223;0.13086335825968728
3;0.7222977566281441;0.2158395649218219
4;0.6543167912984365;0.3297076818490823
5;0.6203263086335826;0.09857239972807615
mean;0.6478585995921142;0.1696125084976207
standard_deviation;0.04237783106868443;0.09341757160145271
