index;step_length;step_width
1;0.7036029911624745;0.3008157715839565
2;0.6424201223657376;0.1342624065261727
3;0.601631543167913;0.22263766145479266
4;0.6356220258327668;0.3467029231815092
5;0.7205982324949014;0.10027192386131883
mean;0.6607749830047587;0.22093813732155
standard_deviation;0.04445352202385264;0.09409901548877378
