index;step_length;step_width
1;0.6934058463630184;0.2379333786539769
2;0.6135282121006118;0.09007477906186268
3;0.6696125084976207;0.15465669612508498
4;0.7528891910265126;0.27702243371855884
5;0.6781101291638342;0.07307953772943576
mean;0.6815091774303195;0.16655336505778381
standard_deviation;0.04474624672675467;0.08003297159897452
