index;step_length;step_width
1;0.6713120326308634;0.3484024473147519
2;0.7443915703602991;0.1291638341264446
3;0.6407205982324949;0.23283480625424882
4;0.6050305914343984;0.07138001359619307
5;0.6815091774303196;0.11216859279401768
mean;0.6685927940176751;0.1787899388171312
standard_deviation;0.04633938844927057;0.10012721586444016
