index;step_length;step_width
1;0.7222977566281441;0.09007477906186268
2;0.6254248810333107;0.14785859959211423
3;0.6985044187627465;0.27192386131883073
4;0.6526172671651937;0.08837525492861999
5;0.7002039428959892;0.14106050305914344
mean;0.6798096532970769;0.1478585995921142
standard_deviation;0.035405619741671744;0.06680664860808186
