index;step_length;step_width
1;0.6560163154316792;0.13596193065941536
2;0.5965329707681849;0.20734194425560845
3;0.6730115567641061;0.32460910944935417
4;0.7205982324949014;0.07477906186267845
5;0.800475866757308;0.13596193065941536
mean;0.6893269884432358;0.17573079537729436
standard_deviation;0.06829127004039698;0.0854615642682133
