index;step_length;step_width
1;0.6645139360978927;0.2838205302515296
2;0.6084296397008838;0.13766145479265807
3;0.6798096532970769;0.23963290278721958
4;0.7715839564921823;0.11386811692726037
5;0.6866077498300476;0.21753908905506458
mean;0.6821889870836166;0.19850441876274644
standard_deviation;0.05247760665790694;0.06355765823865453
