index;step_length;step_width
1;0.8021753908905507;0.07477906186267845
2;0.6985044187627465;0.13936097892590074
3;0.7800815771583957;0.21923861318830729
4;0.6747110808973488;0.33310673011556763
mean;0.7388681169272604;0.19162134602311354
standard_deviation;0.05350633991067279;0.09638995369646446
