index;step_length;step_width
1;0.6798096532970769;0.1733514615907546
2;0.7579877634262406;0.3212100611828688
3;0.7104010876954453;0.1495581237253569
4;0.7953772943575799;0.27702243371855884
mean;0.7358939496940856;0.2302855200543848
standard_deviation;0.04422029854268416;0.07108095878904887
