index;step_length;step_width
1;0.7019034670292318;0.1070700203942896
2;0.7851801495581238;0.16485384092454114
3;0.6798096532970769;0.27362338545207343
4;0.7239972807613868;0.08327668252889191
mean;0.7227226376614548;0.157205982324949
standard_deviation;0.03929862465858605;0.07346879871596951
