index;step_length;step_width
1;0.7087015635622026;0.10537049626104691
2;0.6118286879673691;0.17845003399048268
3;0.6951053704962611;0.33990482664853844
4;0.6407205982324949;0.07817811012916384
5;0.5999320190346703;0.12236573759347383
mean;0.6512576478585996;0.16485384092454114
standard_deviation;0.04364039115079276;0.09347073723339265
