index;step_length;step_width
1;0.6713120326308634;0.14785859959211423
2;0.6339225016995241;0.23283480625424882
3;0.6764106050305915;0.09857239972807615
4;0.5999320190346703;0.18694765465669613
5;0.6730115567641061;0.3297076818490823
mean;0.650917743031951;0.1991842284160435
standard_deviation;0.029807153322085327;0.0788359401141489
