index;step_length;step_width
1;0.66281441196465;0.1257647858599592
2;0.6169272603670972;0.2515295717199184
3;0.6883072739632903;0.12406526172671653
4;0.756288239292998;0.24643099932019036
5;0.6475186947654656;0.09687287559483344
mean;0.6743711760707003;0.16893269884432358
standard_deviation;0.047029858753033275;0.0661776453753845
