index;step_length;step_width
1;0.6084296397008838;0.07647858599592114
2;0.6696125084976207;0.13256288239293
3;0.7070020394289599;0.26002719238613187
4;0.6322229775662814;0.11386811692726037
5;0.6662134602311353;0.19884432358939497
mean;0.6566961250849762;0.15635622025832768
standard_deviation;0.03381327019835726;0.0652758878812117
