index;step_length;step_width
1;0.6050305914343984;0.08327668252889191
2;0.6815091774303196;0.1342624065261727
3;0.6305234534330387;0.23283480625424882
4;0.6866077498300476;0.07138001359619307
5;0.6424201223657376;0.12406526172671653
mean;0.6492182188987083;0.12916383412644458
standard_deviation;0.030948143140965435;0.05699870514277249
