index;step_length;step_width
1;0.7766825288919103;0.10876954452753229
2;0.6866077498300476;0.20394289598912305
3;0.7834806254248811;0.09177430319510538
4;0.7290958531611149;0.16145479265805576
mean;0.7439666893269885;0.14148538409245412
standard_deviation;0.039188222123719835;0.04427537632026102
