index;step_length;step_width
1;0.7851801495581238;0.09177430319510538
2;0.6968048946295038;0.14276002719238615
3;0.7851801495581238;0.26342624065261727
4;0.7256968048946295;0.09687287559483344
mean;0.7482154996600952;0.14870836165873558
standard_deviation;0.0383500736887145;0.069144737819301
