index;step_length;step_width
1;0.6611148878314073;0.10367097212780423
2;0.7273963290278722;0.1733514615907546
3;0.6305234534330387;0.2821210061182869
4;0.7104010876954453;0.07987763426240653
5;0.6050305914343984;0.14276002719238615
mean;0.6668932698844323;0.15635622025832768
standard_deviation;0.046339388449270574;0.07059063045864589
