index;step_length;step_width
1;0.739292997960571;0.3263086335825969
2;0.8293677770224338;0.14106050305914344
3;0.7188987083616588;0.2362338545207342
4;0.7630863358259687;0.10197144799456152
mean;0.7626614547926581;0.201393609789259
standard_deviation;0.041566743615576246;0.08709543019854396
