index;step_length;step_width
1;0.7239972807613868;0.33310673011556763
2;0.6526172671651937;0.16655336505778381
3;0.7239972807613868;0.31271244051665537
4;0.8089734874235215;0.15295717199184228
mean;0.7273963290278722;0.24133242692046225
standard_deviation;0.05538467279673804;0.08203615490242808
