index;step_length;step_width
1;0.778382053025153;0.15635622025832768
2;0.8565601631543168;0.3042148198504419
3;0.734194425560843;0.13596193065941536
4;0.7834806254248811;0.24473147518694766
mean;0.7881543167912984;0.21031611148878315
standard_deviation;0.043898662304069976;0.0678999240774128
