index;step_length;step_width
1;0.7290958531611149;0.1274643099932019
2;0.8106730115567642;0.2549286199864038
3;0.6917063222297757;0.1274643099932019
4;0.6475186947654656;0.23963290278721958
mean;0.7197484704282802;0.1873725356900068
standard_deviation;0.05991274553729549;0.06015181108428068
