index;step_length;step_width
1;0.7087015635622026;0.3450033990482665
2;0.7545887151597553;0.1716519374575119
3;0.8089734874235215;0.33990482664853844
4;0.7273963290278722;0.12406526172671653
mean;0.7499150237933379;0.24515635622025836
standard_deviation;0.03780008741891289;0.09875811024074153
