index;step_length;step_width
1;0.6883072739632903;0.10027192386131883
2;0.7647858599592114;0.1733514615907546
3;0.849762066621346;0.28891910265125764
4;0.7936777702243372;0.12066621346023114
mean;0.7741332426920462;0.17080217539089054
standard_deviation;0.058213353359802676;0.07322267139536916
