index;step_length;step_width
1;0.7002039428959892;0.14785859959211423
2;0.7681849082256968;0.27362338545207343
3;0.8208701563562203;0.11896668932698845
4;0.7477906186267845;0.1920462270564242
mean;0.7592624065261727;0.18312372535690008
standard_deviation;0.043285765326681;0.05837284017689534
