index;step_length;step_width
1;0.8293677770224338;0.17845003399048268
2;0.7664853840924541;0.08327668252889191
3;0.6798096532970769;0.13256288239293
4;0.7596872875594833;0.26002719238613187
mean;0.7588375254928621;0.1635791978246091
standard_deviation;0.053101630863249476;0.06506508896671873
