index;step_length;step_width
1;0.8395649218218899;0.08837525492861999
2;0.7545887151597553;0.16995241332426922
3;0.6424201223657376;0.2566281441196465
4;0.7188987083616588;0.08327668252889191
mean;0.7388681169272604;0.1495581237253569
standard_deviation;0.07086602969366573;0.07073982117018156
