index;step_length;step_width
1;0.761386811692726;0.331407205982325
2;0.8208701563562203;0.13596193065941536
3;0.7375934738273284;0.21923861318830729
4;0.8208701563562203;0.3467029231815092
mean;0.7851801495581238;0.2583276682528892
standard_deviation;0.03666799627870736;0.08609897281774535
