index;step_length;step_width
1;0.8055744391570361;0.1716519374575119
2;0.7409925220938137;0.2787219578518015
3;0.6696125084976207;0.09007477906186268
4;0.7154996600951734;0.16485384092454114
mean;0.732919782460911;0.1763256288239293
standard_deviation;0.04913028563094459;0.06722659925888697
