index;step_length;step_width
1;0.6730115567641061;0.2685248130523454
2;0.7273963290278722;0.11386811692726037
3;0.7902787219578519;0.17675050985723997
4;0.7171991842284161;0.2787219578518015
mean;0.7269714479945616;0.2094663494221618
standard_deviation;0.04187827139840322;0.06799556904663757
