index;step_length;step_width
1;0.7868796736913665;0.2379333786539769
2;0.7205982324949014;0.110469068660775
3;0.6662134602311353;0.1750509857239973
4;0.7579877634262406;0.27532290958531613
mean;0.732919782460911;0.19969408565601635
standard_deviation;0.04511548390039793;0.06275019635422165
