index;step_length;step_width
1;0.778382053025153;0.1750509857239973
2;0.8548606390210741;0.27702243371855884
3;0.7273963290278722;0.10027192386131883
4;0.8038749150237934;0.15975526852481306
mean;0.7911284840244732;0.178025152957172
standard_deviation;0.04595791054721265;0.06361733368525382
