index;step_length;step_width
1;0.7528891910265126;0.1937457511896669
2;0.6645139360978927;0.07647858599592114
3;0.7630863358259687;0.15295717199184228
4;0.844663494221618;0.23963290278721958
mean;0.756288239292998;0.16570360299116246
standard_deviation;0.0638170746278674;0.059948891993396564
