index;step_length;step_width
1;0.5251529571719918;0.11216859279401768
2;0.4962610469068661;0.16825288919102652
3;0.552345343303875;0.27192386131883073
4;0.6322229775662814;0.09007477906186268
5;0.5778382053025153;0.15975526852481306
6;0.4945615227736234;0.2583276682528892
mean;0.5463970088375255;0.17675050985723997
standard_deviation;0.04837676861825384;0.06801636286677426
