index;step_length;step_width
1;0.5115567641060503;0.12236573759347383
2;0.5455472467709042;0.2158395649218219
3;0.6203263086335826;0.32460910944935417
4;0.5285520054384772;0.07307953772943576
5;0.5999320190346703;0.110469068660775
6;0.5489462950373896;0.16825288919102652
mean;0.5591434398368457;0.16910265125764787
standard_deviation;0.038505881413928;0.0828754026359248
