index;step_length;step_width
1;0.5387491502379333;0.10197144799456152
2;0.5761386811692726;0.1971447994561523
3;0.513256288239293;0.3229095853161115
4;0.557443915703603;0.14445955132562882
5;0.6220258327668253;0.24643099932019036
6;0.5812372535690007;0.09177430319510538
mean;0.564808520280988;0.184115114434625
standard_deviation;0.03431000210679067;0.08181678555384549
