index;step_length;step_width
1;0.756288239292998;0.3212100611828688
2;0.8157715839564922;0.14615907545887152
3;0.7002039428959892;0.29061862678450034
4;0.7477906186267845;0.11556764106050306
mean;0.755013596193066;0.21838885112168593
standard_deviation;0.041077449079639845;0.08885196039127778
