index;step_length;step_width
1;0.7681849082256968;0.07307953772943576
2;0.8089734874235215;0.12066621346023114
3;0.7138001359619307;0.18184908225696805
4;0.7953772943575799;0.08837525492861999
mean;0.7715839564921823;0.11599252209381374
standard_deviation;0.03645073179729302;0.04172279826498555
