index;step_length;step_width
1;0.6815091774303196;0.07477906186267845
2;0.7664853840924541;0.14276002719238615
3;0.6968048946295038;0.24133242692046228
4;0.7800815771583957;0.11896668932698845
mean;0.7312202583276683;0.14445955132562882
standard_deviation;0.042680986386047365;0.06101741356565684
