index;step_length;step_width
1;0.7138001359619307;0.10537049626104691
2;0.7766825288919103;0.15975526852481306
3;0.8378653976886472;0.24983004758667574
4;0.9007477906186269;0.10027192386131883
mean;0.8072739632902788;0.15380693405846363
standard_deviation;0.0695456406037054;0.06014130618361828
