index;step_length;step_width
1;0.8208701563562203;0.33990482664853844
2;0.7104010876954453;0.15465669612508498
3;0.7885791978246092;0.2362338545207342
4;0.7443915703602991;0.10027192386131883
mean;0.7660605030591435;0.2077668252889191
standard_deviation;0.042067513806444815;0.09034193767200316
