index;step_length;step_width
1;0.8752549286199864;0.11556764106050306
2;0.7919782460910946;0.18014955812372535
3;0.6968048946295038;0.34160435078178114
4;0.7426920462270564;0.12406526172671653
mean;0.7766825288919103;0.1903467029231815
standard_deviation;0.06611782346678079;0.09078545497203826
