index;step_length;step_width
1;0.7307953772943576;0.08157715839564922
2;0.8361658735554045;0.13086335825968728
3;0.7358939496940857;0.2124405166553365
4;0.8055744391570361;0.07647858599592114
mean;0.777107409925221;0.12533990482664853
standard_deviation;0.04511548390039789;0.05458853261404968
