index;step_length;step_width
1;0.6832087015635623;0.1495581237253569
2;0.7647858599592114;0.2974167233174711
3;0.8293677770224338;0.1291638341264446
4;0.910944935418083;0.22263766145479266
mean;0.7970768184908226;0.19969408565601632
standard_deviation;0.08369185759514024;0.06626509760326954
