index;step_length;step_width
1;0.8650577838205303;0.2566281441196465
2;0.7579877634262406;0.12406526172671653
3;0.7036029911624745;0.24303195105370498
4;0.7426920462270564;0.09177430319510538
mean;0.7673351461590754;0.17887491502379335
standard_deviation;0.059804175084680215;0.07202830100462795
