index;step_length;step_width
1;0.7205982324949014;0.08157715839564922
2;0.8055744391570361;0.14785859959211423
3;0.8922501699524134;0.24133242692046228
4;0.8038749150237934;0.09347382732834807
mean;0.8055744391570361;0.14106050305914344
standard_deviation;0.06069704768330583;0.06305440672701955
