index;step_length;step_width
1;0.8956492182188988;0.110469068660775
2;0.8293677770224338;0.16825288919102652
3;0.7070020394289599;0.31271244051665537
4;0.7885791978246092;0.12066621346023114
mean;0.8051495581237254;0.178025152957172
standard_deviation;0.06834512211992444;0.08076205023852741
