index;step_length;step_width
1;0.8276682528891911;0.31101291638341266
2;0.7630863358259687;0.1291638341264446
3;0.8480625424881033;0.22773623385452074
4;0.8021753908905507;0.07477906186267845
mean;0.8102481305234535;0.18567301155676413
standard_deviation;0.03171275145638527;0.0907884376237271
