index;step_length;step_width
1;0.6951053704962611;0.2821210061182869
2;0.7885791978246092;0.110469068660775
3;0.8327668252889191;0.1920462270564242
4;0.7188987083616588;0.2974167233174711
mean;0.758837525492862;0.2205132562882393
standard_deviation;0.05478824038006412;0.07521594422745662
