index;step_length;step_width
1;0.7698844323589396;0.10876954452753229
2;0.8293677770224338;0.16655336505778381
3;0.7273963290278722;0.2685248130523454
4;0.8038749150237934;0.11216859279401768
mean;0.7826308633582597;0.1640040788579198
standard_deviation;0.03823929299796059;0.06455395831172231
