index;step_length;step_width
1;0.7698844323589396;0.12236573759347383
2;0.6985044187627465;0.24133242692046228
3;0.800475866757308;0.09857239972807615
4;0.7087015635622026;0.1716519374575119
mean;0.7443915703602992;0.15848062542488103
standard_deviation;0.04235192316239671;0.05461498214990682
