index;step_length;step_width
1;0.4741672331747111;0.09177430319510538
2;0.5081577158395649;0.15805574439157036
3;0.46057104010876954;0.2532290958531611
4;0.41978246091094495;0.07138001359619307
5;0.3925900747790619;0.12406526172671653
6;0.4265805574439157;0.22093813732155
7;0.3840924541128484;0.33310673011556763
8;0.42318150917743036;0.08327668252889191
mean;0.4361403806934059;0.1669782460910945
standard_deviation;0.03930953304919362;0.08780040876911965
