index;step_length;step_width
1;0.43847722637661457;0.24643099932019036
2;0.3840924541128484;0.11216859279401768
3;0.4282800815771584;0.22433718558803536
4;0.39938817131203264;0.10537049626104691
5;0.4316791298436438;0.21074099252209383
6;0.4588715159755269;0.3467029231815092
7;0.5149558123725357;0.16655336505778381
8;0.446974847042828;0.3229095853161115
mean;0.4378399048266486;0.2169017675050986
standard_deviation;0.037029911641905375;0.0829114268009891
