index;step_length;step_width
1;0.4316791298436438;0.14615907545887152
2;0.4724677090414684;0.28891910265125764
3;0.4078857919782461;0.09007477906186268
4;0.43677770224337187;0.16485384092454114
5;0.4894629503738953;0.07307953772943576
6;0.43337865397688646;0.13256288239293
7;0.3874915023793338;0.23453433038749152
8;0.43507817811012917;0.0866757307953773
mean;0.43677770224337187;0.15210740992522093
standard_deviation;0.030318767462459678;0.07112158228645796
