index;step_length;step_width
1;0.41978246091094495;0.13256288239293
2;0.46227056424201224;0.22433718558803536
3;0.4112848402447315;0.10197144799456152
4;0.4537729435757988;0.15465669612508498
5;0.4299796057104011;0.2685248130523454
6;0.3840924541128484;0.11726716519374576
7;0.4146838885112169;0.21923861318830729
8;0.44867437117607073;0.08497620666213461
mean;0.4280676410605031;0.1629418762746431
standard_deviation;0.024295431615726604;0.06220953364025118
