index;step_length;step_width
1;0.4095853161114888;0.10367097212780423
2;0.46736913664174035;0.16655336505778381
3;0.5115567641060503;0.28721957851801494
4;0.45037389530931343;0.10537049626104691
5;0.4078857919782461;0.1937457511896669
6;0.3891910265125765;0.3042148198504419
7;0.43507817811012917;0.09347382732834807
8;0.4894629503738953;0.14276002719238615
mean;0.44506288239293;0.17462610469068662
standard_deviation;0.03996988012692956;0.07691989713728617
