index;step_length;step_width
1;0.4537729435757988;0.1291638341264446
2;0.4095853161114888;0.20564242012236575
3;0.44867437117607073;0.09347382732834807
4;0.48436437797416726;0.14106050305914344
5;0.4554724677090415;0.21923861318830729
6;0.40108769544527534;0.33310673011556763
7;0.446974847042828;0.13256288239293
8;0.48266485384092456;0.23963290278721958
mean;0.4478246091094494;0.1867352141400408
standard_deviation;0.02804214819850442;0.07303227913642812
