index;step_length;step_width
1;0.46906866077498305;0.2804214819850442
2;0.4078857919782461;0.13766145479265807
3;0.43847722637661457;0.2379333786539769
4;0.4061862678450034;0.10876954452753229
5;0.43337865397688646;0.21074099252209383
6;0.46906866077498305;0.09177430319510538
7;0.5098572399728076;0.1512576478585996
8;0.47926580557443915;0.07307953772943576
mean;0.45164853840924546;0.16145479265805573
standard_deviation;0.03399844825087068;0.06941052976431726
