index;step_length;step_width
1;0.4435757987763426;0.1070700203942896
2;0.39768864717878993;0.18864717878993884
3;0.43677770224337187;0.31101291638341266
4;0.4741672331747111;0.1342624065261727
5;0.4435757987763426;0.22603670972127804
6;0.40108769544527534;0.110469068660775
7;0.4537729435757988;0.20054384772263767
8;0.3908905506458192;0.3008157715839565
mean;0.4301920462270564;0.19735723997280763
standard_deviation;0.028150572941907433;0.07434052268457673
