index;step_length;step_width
1;0.4707681849082257;0.08157715839564922
2;0.5064581917063222;0.1512576478585996
3;0.4554724677090415;0.26342624065261727
4;0.47926580557443915;0.07817811012916384
5;0.4265805574439157;0.1257647858599592
6;0.39768864717878993;0.1903467029231815
7;0.41978246091094495;0.28891910265125764
8;0.446974847042828;0.14276002719238615
mean;0.4503738953093134;0.1652787219578518
standard_deviation;0.03299878966510468;0.07280606468222812
