index;step_length;step_width
1;0.5387491502379333;0.10876954452753229
2;0.48266485384092456;0.1733514615907546
3;0.5540448674371177;0.3042148198504419
4;0.4758667573079538;0.1512576478585996
5;0.5472467709041469;0.2804214819850442
6;0.6169272603670972;0.07817811012916384
mean;0.5359166100158622;0.1826988443235894
standard_deviation;0.04738053285770773;0.0834484809765241
