index;step_length;step_width
1;0.5676410605030592;0.22603670972127804
2;0.6220258327668253;0.09007477906186268
3;0.5319510537049627;0.17845003399048268
4;0.46906866077498305;0.27532290958531613
5;0.540448674371176;0.09347382732834807
6;0.579537729435758;0.16825288919102652
mean;0.5517788352594608;0.17193519147971903
standard_deviation;0.047115626361730674;0.06649474896551993
