index;step_length;step_width
1;0.6050305914343984;0.2583276682528892
2;0.5693405846363019;0.09857239972807615
3;0.6203263086335826;0.15975526852481306
4;0.5761386811692726;0.27532290958531613
5;0.5251529571719918;0.12236573759347383
6;0.6033310673011557;0.1954452753229096
mean;0.5832200317244505;0.18496487650124635
standard_deviation;0.03128258241984061;0.06541450996682704
