index;step_length;step_width
1;0.4945615227736234;0.10197144799456152
2;0.5540448674371177;0.19884432358939497
3;0.5064581917063222;0.09007477906186268
4;0.5370496261046908;0.14445955132562882
5;0.6169272603670972;0.2685248130523454
6;0.5608429639700884;0.1342624065261727
mean;0.5449807387264899;0.15635622025832768
standard_deviation;0.03999803559506878;0.06105684833585988
