index;step_length;step_width
1;0.5455472467709042;0.14785859959211423
2;0.623725356900068;0.29061862678450034
3;0.552345343303875;0.09007477906186268
4;0.5268524813052345;0.16995241332426922
5;0.5642420122365738;0.07477906186267845
6;0.5064581917063222;0.14445955132562882
mean;0.5531951053704963;0.1529571719918423
standard_deviation;0.03659242934077539;0.07000444224600871
