index;step_length;step_width
1;0.5676410605030592;0.10876954452753229
2;0.5982324949014276;0.1733514615907546
3;0.5472467709041469;0.08157715839564922
4;0.5914343983684569;0.14785859959211423
5;0.5098572399728076;0.270224337185588
6;0.5370496261046908;0.1291638341264446
mean;0.5585769317924315;0.15182415590301382
standard_deviation;0.030821369836246188;0.06027656241205459
