index;step_length;step_width
1;0.7987763426240653;0.10197144799456152
2;0.7239972807613868;0.15805574439157036
3;0.778382053025153;0.2379333786539769
4;0.7188987083616588;0.06968048946295037
mean;0.755013596193066;0.1419102651257648
standard_deviation;0.03437862597577743;0.06382273191918898
