index;step_length;step_width
1;0.6815091774303196;0.1954452753229096
2;0.7596872875594833;0.07987763426240653
3;0.690006798096533;0.14106050305914344
4;0.601631543167913;0.24303195105370498
5;0.6696125084976207;0.11726716519374576
mean;0.6804894629503739;0.15533650577838207
standard_deviation;0.05039998920496807;0.057699782933848934
