index;step_length;step_width
1;0.66281441196465;0.07477906186267845
2;0.7222977566281441;0.13596193065941536
3;0.7919782460910946;0.20734194425560845
4;0.712100611828688;0.3484024473147519
mean;0.7222977566281442;0.19162134602311354
standard_deviation;0.04609126996030122;0.10195285775477683
