index;step_length;step_width
1;0.6067301155676411;0.0866757307953773
2;0.6730115567641061;0.14276002719238615
3;0.7070020394289599;0.24303195105370498
4;0.601631543167913;0.11556764106050306
5;0.6339225016995241;0.1920462270564242
mean;0.6444595513256288;0.15601631543167915
standard_deviation;0.04023818547825095;0.055659350496327045
