index;step_length;step_width
1;0.6169272603670972;0.33820530251529574
2;0.6917063222297757;0.13086335825968728
3;0.6050305914343984;0.2141400407885792
4;0.6747110808973488;0.09517335146159075
5;0.6067301155676411;0.16655336505778381
mean;0.6390210740992522;0.18898708361658736
standard_deviation;0.03670342620446794;0.08435805074133505
