index;step_length;step_width
1;0.66281441196465;0.23113528212100612
2;0.5982324949014276;0.10367097212780423
3;0.6543167912984365;0.15635622025832768
4;0.7138001359619307;0.2668252889191027
5;0.778382053025153;0.09687287559483344
mean;0.6815091774303196;0.17097212780421484
standard_deviation;0.06074699334334495;0.0678840233336572
