index;step_length;step_width
1;0.7494901427600272;0.13256288239293
2;0.8038749150237934;0.2583276682528892
3;0.7002039428959892;0.12066621346023114
4;0.8021753908905507;0.23283480625424882
mean;0.7639360978925901;0.18609789259007478
standard_deviation;0.04280136050123394;0.060309165020152974
