index;step_length;step_width
1;0.5965329707681849;0.0866757307953773
2;0.6645139360978927;0.15975526852481306
3;0.6050305914343984;0.2974167233174711
4;0.6917063222297757;0.11386811692726037
5;0.6373215499660095;0.17675050985723997
mean;0.6390210740992524;0.16689326988443237
standard_deviation;0.03574661271280737;0.07270627010514794
