index;step_length;step_width
1;0.7205982324949014;0.07477906186267845
2;0.6288239292997961;0.1274643099932019
3;0.6747110808973488;0.22773623385452074
4;0.6135282121006118;0.3433038749150238
5;0.6798096532970769;0.06968048946295037
mean;0.663494221617947;0.16859279401767507
standard_deviation;0.03834451871576443;0.10420952048194244
