index;step_length;step_width
1;0.7256968048946295;0.0866757307953773
2;0.6781101291638342;0.16825288919102652
3;0.6067301155676411;0.27532290958531613
4;0.6985044187627465;0.07138001359619307
5;0.6441196464989803;0.11556764106050306
mean;0.6706322229775663;0.14343983684568323
standard_deviation;0.041596352252286466;0.07375699777277489
