index;step_length;step_width
1;0.6934058463630184;0.11216859279401768
2;0.773283480625425;0.1903467029231815
3;0.7019034670292318;0.07307953772943576
4;0.7885791978246092;0.11216859279401768
mean;0.739292997960571;0.12194085656016317
standard_deviation;0.04209539794867724;0.042596310206252326
