index;step_length;step_width
1;0.6866077498300476;0.3450033990482665
2;0.6084296397008838;0.14276002719238615
3;0.6883072739632903;0.22773623385452074
4;0.6475186947654656;0.08157715839564922
5;0.6985044187627465;0.1512576478585996
mean;0.6658735554044868;0.18966689326988445
standard_deviation;0.03356979639735251;0.09048493766748748
