index;step_length;step_width
1;0.6526172671651937;0.09687287559483344
2;0.6084296397008838;0.15465669612508498
3;0.6662134602311353;0.23453433038749152
4;0.7154996600951734;0.09007477906186268
5;0.6441196464989803;0.15635622025832768
mean;0.6573759347382734;0.14649898028552005
standard_deviation;0.03478673080081775;0.05207759043134784
