index;step_length;step_width
1;0.6033310673011557;0.18354860639021076
2;0.66281441196465;0.3195105370496261
3;0.6203263086335826;0.13086335825968728
4;0.6764106050305915;0.21753908905506458
5;0.7460910944935418;0.33990482664853844
mean;0.6617946974847043;0.23827328348062543
standard_deviation;0.04991627078985098;0.07986244558141219
