index;step_length;step_width
1;0.7579877634262406;0.11386811692726037
2;0.8021753908905507;0.17845003399048268
3;0.6866077498300476;0.2974167233174711
4;0.7477906186267845;0.09687287559483344
mean;0.7486403806934059;0.17165193745751192
standard_deviation;0.04123754438664491;0.07873035229028191
