index;step_length;step_width
1;0.650917743031951;0.2787219578518015
2;0.7358939496940857;0.1291638341264446
3;0.6815091774303196;0.2566281441196465
4;0.6203263086335826;0.110469068660775
5;0.6917063222297757;0.1750509857239973
mean;0.6760707002039429;0.19000679809653298
standard_deviation;0.03896916559610203;0.06717228045632818
