index;step_length;step_width
1;0.6339225016995241;0.24983004758667574
2;0.7070020394289599;0.09517335146159075
3;0.645819170632223;0.14615907545887152
4;0.5761386811692726;0.22773623385452074
5;0.6611148878314073;0.10876954452753229
mean;0.6447994561522773;0.1655336505778382
standard_deviation;0.042353287131517134;0.06248704426266752
