index;step_length;step_width
1;0.601631543167913;0.09007477906186268
2;0.5625424881033311;0.14615907545887152
3;0.6305234534330387;0.21923861318830729
4;0.7002039428959892;0.3297076818490823
5;0.7426920462270564;0.08497620666213461
mean;0.6475186947654656;0.17403127124405166
standard_deviation;0.06549675840433071;0.09168991764599392
