index;step_length;step_width
1;0.6339225016995241;0.09007477906186268
2;0.6696125084976207;0.15295717199184228
3;0.6050305914343984;0.2787219578518015
4;0.6475186947654656;0.1274643099932019
5;0.7324949014276003;0.23283480625424882
mean;0.6577158395649217;0.17641060503059142
standard_deviation;0.042846887597979395;0.0693555788163098
