index;step_length;step_width
1;0.650917743031951;0.10876954452753229
2;0.739292997960571;0.20224337185588037
3;0.6322229775662814;0.08837525492861999
4;0.6883072739632903;0.16655336505778381
5;0.5880353501019715;0.29571719918422845
mean;0.659755268524813;0.17233174711080898
standard_deviation;0.05122761563687295;0.0738118025171832
