index;step_length;step_width
1;0.6475186947654656;0.1070700203942896
2;0.7256968048946295;0.1937457511896669
3;0.645819170632223;0.29401767505098575
4;0.5897348742352142;0.09687287559483344
5;0.6713120326308634;0.17675050985723997
mean;0.656016315431679;0.17369136641740315
standard_deviation;0.04395167879060396;0.07103441635538695
