index;step_length;step_width
1;0.6373215499660095;0.29401767505098575
2;0.5540448674371177;0.1274643099932019
3;0.6033310673011557;0.21753908905506458
4;0.6339225016995241;0.09517335146159075
5;0.7019034670292318;0.1733514615907546
mean;0.6261046906866078;0.18150917743031952
standard_deviation;0.048256909650363805;0.06985354312884025
