index;step_length;step_width
1;0.6254248810333107;0.2974167233174711
2;0.7002039428959892;0.13086335825968728
3;0.6033310673011557;0.2379333786539769
4;0.6798096532970769;0.09007477906186268
5;0.6356220258327668;0.14276002719238615
mean;0.6488783140720599;0.17980965329707682
standard_deviation;0.03575307625371777;0.07619783804615526
