index;step_length;step_width
1;0.6424201223657376;0.1291638341264446
2;0.5625424881033311;0.24303195105370498
3;0.6186267845003399;0.07138001359619307
4;0.6611148878314073;0.1342624065261727
5;0.5625424881033311;0.2668252889191027
mean;0.6094493541808295;0.1689326988443236
standard_deviation;0.04059835543417036;0.07399158943965735
