index;step_length;step_width
1;0.6135282121006118;0.1070700203942896
2;0.557443915703603;0.18354860639021076
3;0.5965329707681849;0.09007477906186268
4;0.6815091774303196;0.18014955812372535
5;0.7426920462270564;0.07477906186267845
mean;0.6383412644459551;0.12712440516655338
standard_deviation;0.0658187760296921;0.045848108878232194
