index;step_length;step_width
1;0.7002039428959892;0.07138001359619307
2;0.6152277362338545;0.13936097892590074
3;0.5744391570360299;0.22263766145479266
4;0.6220258327668253;0.09857239972807615
5;0.6713120326308634;0.15295717199184228
mean;0.6366417403127124;0.13698164513936098
standard_deviation;0.044234666172664715;0.05172364258770158
