index;step_length;step_width
1;0.6849082256968049;0.07647858599592114
2;0.601631543167913;0.12236573759347383
3;0.6662134602311353;0.23283480625424882
4;0.5846363018354861;0.08157715839564922
5;0.6747110808973488;0.14785859959211423
mean;0.6424201223657376;0.13222297756628146
standard_deviation;0.04102863868662516;0.05680988315243599
