index;step_length;step_width
1;0.6390210740992522;0.09517335146159075
2;0.5591434398368457;0.17675050985723997
3;0.6322229775662814;0.3484024473147519
4;0.6696125084976207;0.08497620666213461
5;0.7070020394289599;0.13936097892590074
mean;0.641400407885792;0.16893269884432358
standard_deviation;0.04889906324501549;0.09553442239305238
