index;step_length;step_width
1;0.690006798096533;0.13256288239293
2;0.6186267845003399;0.26512576478586
3;0.5761386811692726;0.110469068660775
4;0.6288239292997961;0.16995241332426922
5;0.712100611828688;0.07138001359619307
mean;0.645139360978926;0.14989802855200546
standard_deviation;0.04945118778243999;0.06587843105180131
