index;step_length;step_width
1;0.7477906186267845;0.27532290958531613
2;0.66281441196465;0.10197144799456152
3;0.5812372535690007;0.15465669612508498
4;0.6441196464989803;0.2379333786539769
5;0.7307953772943576;0.0866757307953773
mean;0.6733514615907547;0.17131203263086336
standard_deviation;0.06048396035223719;0.07416938286244276
