index;step_length;step_width
1;0.6390210740992522;0.3484024473147519
2;0.6832087015635623;0.12406526172671653
3;0.6067301155676411;0.21923861318830729
4;0.5557443915703604;0.0866757307953773
5;0.6203263086335826;0.14106050305914344
mean;0.6210061182868797;0.18388851121685929
standard_deviation;0.04161023760576341;0.09292776659255916
