index;step_length;step_width
1;0.6815091774303196;0.34160435078178114
2;0.5812372535690007;0.1342624065261727
3;0.6611148878314073;0.24983004758667574
4;0.6152277362338545;0.08497620666213461
5;0.6526172671651937;0.1342624065261727
mean;0.6383412644459552;0.18898708361658736
standard_deviation;0.03572398111021414;0.09359673027597944
