index;step_length;step_width
1;0.5829367777022434;0.19884432358939497
2;0.540448674371176;0.3263086335825969
3;0.601631543167913;0.11726716519374576
4;0.5710401087695446;0.17845003399048268
5;0.6475186947654656;0.3229095853161115
mean;0.5887151597552686;0.22875594833446639
standard_deviation;0.03549687149028599;0.08274850190192576
