index;step_length;step_width
1;0.5336505778382054;0.16485384092454114
2;0.5591434398368457;0.26512576478586
3;0.6169272603670972;0.09517335146159075
4;0.5319510537049627;0.16145479265805576
5;0.6101291638341265;0.3229095853161115
6;0.5506458191706323;0.15465669612508498
mean;0.5670745524586449;0.19402900521187402
standard_deviation;0.03421164547220541;0.0762669016085852
