index;step_length;step_width
1;0.579537729435758;0.30931339225016996
2;0.6390210740992522;0.1274643099932019
3;0.5693405846363019;0.2141400407885792
4;0.5251529571719918;0.3433038749150238
5;0.5608429639700884;0.07138001359619307
6;0.5251529571719918;0.13596193065941536
mean;0.5665080444142306;0.20026059370043056
standard_deviation;0.038489208591577236;0.09881831235664275
