index;step_length;step_width
1;0.5489462950373896;0.13256288239293
2;0.6254248810333107;0.24303195105370498
3;0.5642420122365738;0.11216859279401768
4;0.6254248810333107;0.21923861318830729
5;0.5353501019714481;0.07477906186267845
6;0.5999320190346703;0.11556764106050306
mean;0.5832200317244505;0.14955812372535693
standard_deviation;0.03574953042805307;0.060589882630781404
