index;step_length;step_width
1;0.6067301155676411;0.3212100611828688
2;0.650917743031951;0.11216859279401768
3;0.5982324949014276;0.2158395649218219
4;0.6849082256968049;0.07477906186267845
5;0.5965329707681849;0.1342624065261727
mean;0.6274643099932019;0.17165193745751192
standard_deviation;0.03490278083750763;0.08790992905788005
