index;step_length;step_width
1;0.5948334466349422;0.10197144799456152
2;0.6781101291638342;0.16315431679129844
3;0.6305234534330387;0.2821210061182869
4;0.6815091774303196;0.12406526172671653
5;0.6135282121006118;0.2124405166553365
mean;0.6397008837525493;0.17675050985723997
standard_deviation;0.034656960153721;0.0646980957943446
