index;step_length;step_width
1;0.6764106050305915;0.1257647858599592
2;0.5914343983684569;0.24813052345343306
3;0.5540448674371177;0.11896668932698845
4;0.5200543847722637;0.22263766145479266
5;0.5608429639700884;0.08157715839564922
6;0.5200543847722637;0.14445955132562882
mean;0.5704736007251303;0.1569227283027419
standard_deviation;0.053399205729766544;0.05899304802603587
