index;step_length;step_width
1;0.6135282121006118;0.07138001359619307
2;0.5778382053025153;0.14106050305914344
3;0.6356220258327668;0.22093813732155
4;0.6747110808973488;0.09007477906186268
5;0.6305234534330387;0.15465669612508498
mean;0.6264445955132563;0.13562202583276686
standard_deviation;0.03149580940478689;0.05267318561062979
