index;step_length;step_width
1;0.5455472467709042;0.14615907545887152
2;0.6084296397008838;0.26002719238613187
3;0.5387491502379333;0.09517335146159075
4;0.5829367777022434;0.18694765465669613
5;0.5472467709041469;0.3433038749150238
6;0.5149558123725357;0.14785859959211423
mean;0.5563108996147746;0.19657829141173802
standard_deviation;0.030664782693687657;0.08250815778670975
