index;step_length;step_width
1;0.5625424881033311;0.13086335825968728
2;0.6101291638341265;0.24643099932019036
3;0.6543167912984365;0.11216859279401768
4;0.5880353501019715;0.17845003399048268
5;0.5336505778382054;0.3484024473147519
6;0.5659415363698165;0.07817811012916384
mean;0.5857693179243145;0.1824155903013823
standard_deviation;0.038614079283825;0.09139936222407964
