index;step_length;step_width
1;0.6798096532970769;0.13086335825968728
2;0.6373215499660095;0.26002719238613187
3;0.5914343983684569;0.0866757307953773
4;0.6577158395649219;0.16145479265805576
5;0.6169272603670972;0.28721957851801494
mean;0.6366417403127125;0.1852481305234534
standard_deviation;0.030790949959600983;0.07645970006255602
