index;step_length;step_width
1;0.5591434398368457;0.07987763426240653
2;0.5183548606390211;0.15805574439157036
3;0.579537729435758;0.07647858599592114
4;0.5268524813052345;0.1495581237253569
5;0.5727396329027873;0.2583276682528892
6;0.5285520054384772;0.07817811012916384
mean;0.5475300249263539;0.13341264445955134
standard_deviation;0.023922810360436298;0.06535806524690917
