index;step_length;step_width
1;0.5591434398368457;0.11896668932698845
2;0.6203263086335826;0.1937457511896669
3;0.5625424881033311;0.07138001359619307
4;0.6101291638341265;0.11726716519374576
5;0.5489462950373896;0.2124405166553365
6;0.5183548606390211;0.08837525492861999
mean;0.5699070926807162;0.13369589848175845
standard_deviation;0.03518284059647459;0.052010868771920134
