index;step_length;step_width
1;0.6849082256968049;0.10197144799456152
2;0.7817811012916384;0.1971447994561523
3;0.6781101291638342;0.3484024473147519
4;0.7460910944935418;0.07987763426240653
mean;0.7227226376614547;0.18184908225696805
standard_deviation;0.04316883299254615;0.10577404577467855
