index;step_length;step_width
1;0.8242692046227057;0.29061862678450034
2;0.7528891910265126;0.10876954452753229
3;0.6492182188987083;0.21074099252209383
4;0.7290958531611149;0.10367097212780423
mean;0.7388681169272604;0.17845003399048265
standard_deviation;0.06249507511417752;0.07757541156374714
