index;step_length;step_width
1;0.773283480625425;0.31101291638341266
2;0.8327668252889191;0.14615907545887152
3;0.756288239292998;0.24303195105370498
4;0.6594153636981646;0.10537049626104691
mean;0.7554384772263767;0.20139360978925902
standard_deviation;0.06228819709145453;0.08065580567414875
