index;step_length;step_width
1;0.849762066621346;0.1920462270564242
2;0.7443915703602991;0.29061862678450034
3;0.8123725356900068;0.10367097212780423
4;0.7681849082256968;0.1750509857239973
mean;0.7936777702243372;0.1903467029231815
standard_deviation;0.040539974309573616;0.06671579342756805
