index;step_length;step_width
1;0.7307953772943576;0.07817811012916384
2;0.6424201223657376;0.13596193065941536
3;0.7239972807613868;0.24643099932019036
4;0.7817811012916384;0.110469068660775
mean;0.71974847042828;0.14276002719238615
standard_deviation;0.0499194532383566;0.06326020588183125
