index;step_length;step_width
1;0.7409925220938137;0.270224337185588
2;0.6475186947654656;0.11726716519374576
3;0.7222977566281441;0.22773623385452074
4;0.8123725356900068;0.09517335146159075
mean;0.7307953772943576;0.17760027192386132
standard_deviation;0.05866436299827739;0.07336060442928842
