index;step_length;step_width
1;0.7885791978246092;0.11386811692726037
2;0.8582596872875595;0.18694765465669613
3;0.756288239292998;0.3212100611828688
4;0.6917063222297757;0.13086335825968728
mean;0.7737083616587356;0.18822229775662816
standard_deviation;0.059995548934086845;0.08140325866199401
