index;step_length;step_width
1;0.8463630183548607;0.10876954452753229
2;0.7477906186267845;0.20904146838885113
3;0.7953772943575799;0.3263086335825969
4;0.6832087015635623;0.06968048946295037
mean;0.7681849082256968;0.17845003399048265
standard_deviation;0.06018331478458794;0.09935314006161809
