index;step_length;step_width
1;0.7800815771583957;0.16485384092454114
2;0.8514615907545887;0.3263086335825969
3;0.8055744391570361;0.1070700203942896
4;0.6917063222297757;0.17675050985723997
mean;0.7822059823249491;0.1937457511896669
standard_deviation;0.05817457702537743;0.08094624883827232
