index;step_length;step_width
1;0.7375934738273284;0.2838205302515296
2;0.6594153636981646;0.12406526172671653
3;0.7290958531611149;0.2124405166553365
4;0.8327668252889191;0.07138001359619307
mean;0.7397178789938819;0.17292658055744392
standard_deviation;0.061692667513123634;0.08148305493198653
