index;step_length;step_width
1;0.7188987083616588;0.09857239972807615
2;0.6781101291638342;0.16995241332426922
3;0.761386811692726;0.33310673011556763
4;0.6594153636981646;0.10367097212780423
mean;0.704452753229096;0.1763256288239293
standard_deviation;0.03928254361429713;0.0947960908641386
