index;step_length;step_width
1;0.6288239292997961;0.09347382732834807
2;0.6662134602311353;0.14276002719238615
3;0.6169272603670972;0.22433718558803536
4;0.6764106050305915;0.34160435078178114
5;0.623725356900068;0.12236573759347383
mean;0.6424201223657376;0.1849082256968049
standard_deviation;0.02410689765669223;0.08961763348256374
