index;step_length;step_width
1;0.5693405846363019;0.14276002719238615
2;0.5098572399728076;0.23283480625424882
3;0.5812372535690007;0.07138001359619307
4;0.66281441196465;0.12406526172671653
5;0.623725356900068;0.2141400407885792
6;0.5710401087695446;0.08327668252889191
mean;0.5863358259687288;0.14474280534783593
standard_deviation;0.04768773058176969;0.06078356767789419
