index;step_length;step_width
1;0.6645139360978927;0.31441196464989807
2;0.5693405846363019;0.12236573759347383
3;0.6339225016995241;0.2141400407885792
4;0.6849082256968049;0.07138001359619307
5;0.6220258327668253;0.1342624065261727
mean;0.6349422161794698;0.17131203263086336
standard_deviation;0.039604382497972816;0.08493132737375532
