index;step_length;step_width
1;0.5608429639700884;0.1274643099932019
2;0.6067301155676411;0.2141400407885792
3;0.6560163154316792;0.10367097212780423
4;0.6203263086335826;0.1716519374575119
5;0.6883072739632903;0.26342624065261727
mean;0.6264445955132564;0.17607070020394291
standard_deviation;0.043430739848498004;0.05779981383820524
