index;step_length;step_width
1;0.6288239292997961;0.13596193065941536
2;0.5710401087695446;0.24473147518694766
3;0.5387491502379333;0.10537049626104691
4;0.6067301155676411;0.16485384092454114
5;0.5217539089055064;0.26512576478586
6;0.5897348742352142;0.08327668252889191
mean;0.5761386811692727;0.16655336505778381
standard_deviation;0.03714409691317816;0.06763308906588676
