index;step_length;step_width
1;0.5115567641060503;0.2566281441196465
2;0.5455472467709042;0.07477906186267845
3;0.6050305914343984;0.14445955132562882
4;0.5625424881033311;0.27192386131883073
5;0.6135282121006118;0.12406526172671653
6;0.5744391570360299;0.23283480625424882
mean;0.5687740765918876;0.184115114434625
standard_deviation;0.03464510503381068;0.07356974555053523
