index;step_length;step_width
1;0.579537729435758;0.10197144799456152
2;0.540448674371176;0.18694765465669613
3;0.6084296397008838;0.33820530251529574
4;0.645819170632223;0.07647858599592114
5;0.579537729435758;0.1495581237253569
6;0.5285520054384772;0.24473147518694766
mean;0.5803874915023793;0.1829820983457965
standard_deviation;0.039478132406430895;0.08845511100966161
