index;step_length;step_width
1;0.5829367777022434;0.2532290958531611
2;0.53025152957172;0.10027192386131883
3;0.5693405846363019;0.17675050985723997
4;0.6084296397008838;0.27532290958531613
5;0.5217539089055064;0.09687287559483344
6;0.5676410605030592;0.14615907545887152
mean;0.5633922501699524;0.17476773170179016
standard_deviation;0.02970928280693926;0.0691702610455398
