index;step_length;step_width
1;0.5676410605030592;0.110469068660775
2;0.6050305914343984;0.17675050985723997
3;0.5472467709041469;0.33480625424881033
4;0.5982324949014276;0.16485384092454114
5;0.5421481985044188;0.3161114887831407
6;0.6186267845003399;0.09857239972807615
mean;0.5798209834579651;0.20026059370043056
standard_deviation;0.029180663847096597;0.09285592209674264
