index;step_length;step_width
1;0.5625424881033311;0.26512576478586
2;0.5948334466349422;0.07307953772943576
3;0.5319510537049627;0.12066621346023114
4;0.601631543167913;0.21753908905506458
5;0.5370496261046908;0.10027192386131883
6;0.5693405846363019;0.17675050985723997
mean;0.5662247903920237;0.1589055064581917
standard_deviation;0.02620826878348153;0.06746026222773735
