index;step_length;step_width
1;0.6339225016995241;0.27702243371855884
2;0.540448674371176;0.09857239972807615
3;0.5914343983684569;0.1971447994561523
4;0.6543167912984365;0.09347382732834807
5;0.6883072739632903;0.1733514615907546
mean;0.6216859279401767;0.167912984364378
standard_deviation;0.05131774963044959;0.06802683700483643
