index;step_length;step_width
1;0.5455472467709042;0.07138001359619307
2;0.5812372535690007;0.1342624065261727
3;0.5472467709041469;0.21923861318830729
4;0.6271244051665534;0.3433038749150238
5;0.552345343303875;0.14276002719238615
6;0.5931339225016995;0.22603670972127804
mean;0.57443915703603;0.1894969408565602
standard_deviation;0.029534580552316062;0.08666323339342416
