index;step_length;step_width
1;0.6866077498300476;0.08497620666213461
2;0.6186267845003399;0.14106050305914344
3;0.5472467709041469;0.2566281441196465
4;0.6271244051665534;0.12236573759347383
5;0.690006798096533;0.1903467029231815
mean;0.6339225016995241;0.15907545887151597
standard_deviation;0.05237182269683591;0.059426018797968355
