index;step_length;step_width
1;0.6186267845003399;0.13256288239293
2;0.5761386811692726;0.24983004758667574
3;0.5438477226376615;0.12406526172671653
4;0.5115567641060503;0.22263766145479266
5;0.5863358259687288;0.07477906186267845
6;0.5319510537049627;0.14615907545887152
mean;0.5614094720145025;0.1583389984137775
standard_deviation;0.035994442877011264;0.059825636715994675
