index;step_length;step_width
1;0.5676410605030592;0.1954452753229096
2;0.6135282121006118;0.3501019714479946
3;0.66281441196465;0.13086335825968728
4;0.6254248810333107;0.23113528212100612
5;0.6764106050305915;0.10537049626104691
mean;0.6291638341264447;0.2025832766825289
standard_deviation;0.03849187672846246;0.08628094199663067
