index;step_length;step_width
1;0.6203263086335826;0.10027192386131883
2;0.5506458191706323;0.16825288919102652
3;0.5115567641060503;0.08327668252889191
4;0.5744391570360299;0.1291638341264446
5;0.6288239292997961;0.22773623385452074
6;0.5557443915703604;0.0866757307953773
mean;0.5735893949694086;0.13256288239293
standard_deviation;0.04067926188631621;0.05151175128787358
