index;step_length;step_width
1;0.5472467709041469;0.34160435078178114
2;0.5948334466349422;0.15635622025832768
3;0.5319510537049627;0.24303195105370498
4;0.6067301155676411;0.10876954452753229
5;0.5455472467709042;0.17675050985723997
6;0.491162474507138;0.27362338545207343
mean;0.5529118513482891;0.21668932698844326
standard_deviation;0.038713685844708565;0.0779113345979812
