index;step_length;step_width
1;0.5115567641060503;0.2685248130523454
2;0.5710401087695446;0.10876954452753229
3;0.5149558123725357;0.2124405166553365
4;0.5659415363698165;0.3280081577158396
5;0.5098572399728076;0.15295717199184228
6;0.5846363018354861;0.29401767505098575
mean;0.5429979605710401;0.22745297983231363
standard_deviation;0.03141055948186487;0.0775562754660394
