index;step_length;step_width
1;0.5064581917063222;0.15635622025832768
2;0.5591434398368457;0.3025152957171992
3;0.4877634262406526;0.1512576478585996
4;0.5217539089055064;0.2532290958531611
5;0.4775662814411965;0.08327668252889191
6;0.5217539089055064;0.14445955132562882
7;0.48096532970768185;0.21923861318830729
mean;0.5079149266776731;0.18719044381858793
standard_deviation;0.026893763243756398;0.06923451277528045
