index;step_length;step_width
1;0.5353501019714481;0.11216859279401768
2;0.4707681849082257;0.18524813052345343
3;0.5149558123725357;0.32460910944935417
4;0.5863358259687288;0.12236573759347383
5;0.6169272603670972;0.23963290278721958
6;0.5251529571719918;0.07817811012916384
mean;0.5415816904600045;0.1770337638794471
standard_deviation;0.047805357919306096;0.08439306293349001
