index;step_length;step_width
1;0.5268524813052345;0.07647858599592114
2;0.6067301155676411;0.1512576478585996
3;0.5693405846363019;0.07307953772943576
4;0.5353501019714481;0.14445955132562882
5;0.5948334466349422;0.2821210061182869
6;0.5285520054384772;0.12406526172671653
mean;0.5602764559256742;0.1419102651257648
standard_deviation;0.0320915681809847;0.06963038384657191
