index;step_length;step_width
1;0.5880353501019715;0.07647858599592114
2;0.5234534330387491;0.13766145479265807
3;0.5557443915703604;0.23283480625424882
4;0.4894629503738953;0.09517335146159075
5;0.5285520054384772;0.18354860639021076
6;0.5608429639700884;0.2821210061182869
mean;0.5410151824155903;0.16796963516881938
standard_deviation;0.031470528919853066;0.07310862586129041
