index;step_length;step_width
1;0.5336505778382054;0.11216859279401768
2;0.5642420122365738;0.19884432358939497
3;0.5047586675730795;0.33820530251529574
4;0.5540448674371177;0.12406526172671653
5;0.6152277362338545;0.22433718558803536
6;0.5438477226376615;0.3484024473147519
mean;0.5526285973260819;0.22433718558803536
standard_deviation;0.03362620153352295;0.09277596236543971
