index;step_length;step_width
1;0.5336505778382054;0.30761386811692726
2;0.5999320190346703;0.10876954452753229
3;0.53025152957172;0.16825288919102652
4;0.579537729435758;0.2549286199864038
5;0.6118286879673691;0.11556764106050306
6;0.5744391570360299;0.18184908225696805
mean;0.5716066168139589;0.1894969408565602
standard_deviation;0.030664782693687623;0.07156019202730445
