index;step_length;step_width
1;0.6322229775662814;0.13086335825968728
2;0.6815091774303196;0.24983004758667574
3;0.6050305914343984;0.08157715839564922
4;0.5438477226376615;0.1274643099932019
5;0.6186267845003399;0.2549286199864038
mean;0.6162474507138003;0.1689326988443236
standard_deviation;0.04446911336893622;0.07034141298005532
