index;step_length;step_width
1;0.5999320190346703;0.1342624065261727
2;0.6781101291638342;0.2379333786539769
3;0.5812372535690007;0.09857239972807615
4;0.5149558123725357;0.1920462270564242
5;0.5642420122365738;0.09007477906186268
6;0.5336505778382054;0.16485384092454114
mean;0.5786879673691366;0.1529571719918423
standard_deviation;0.05266468535807672;0.0518842199948122
