index;step_length;step_width
1;0.5829367777022434;0.08327668252889191
2;0.5115567641060503;0.15295717199184228
3;0.540448674371176;0.2838205302515296
4;0.5727396329027873;0.10537049626104691
5;0.5438477226376615;0.16485384092454114
6;0.5999320190346703;0.30761386811692726
mean;0.5585769317924314;0.1829820983457965
standard_deviation;0.02961054689637884;0.08455405374331691
