index;step_length;step_width
1;0.5353501019714481;0.2787219578518015
2;0.6067301155676411;0.07138001359619307
3;0.5489462950373896;0.1342624065261727
4;0.5829367777022434;0.2362338545207342
5;0.5200543847722637;0.11726716519374576
6;0.5761386811692726;0.20734194425560845
mean;0.5616927260367097;0.17420122365737592
standard_deviation;0.02966063220201521;0.07220311153910103
