index;step_length;step_width
1;0.5999320190346703;0.1512576478585996
2;0.513256288239293;0.27362338545207343
3;0.5472467709041469;0.09687287559483344
4;0.6135282121006118;0.18524813052345343
5;0.5472467709041469;0.08157715839564922
6;0.6271244051665534;0.15805574439157036
mean;0.5747224110582371;0.15777249036936328
standard_deviation;0.04118108257752473;0.06289323730655777
