index;step_length;step_width
1;0.6560163154316792;0.27362338545207343
2;0.6101291638341265;0.1274643099932019
3;0.6781101291638342;0.24983004758667574
4;0.6373215499660095;0.09347382732834807
5;0.5948334466349422;0.1495581237253569
mean;0.6352821210061184;0.1787899388171312
standard_deviation;0.0301233161673753;0.07043825341666142
