index;step_length;step_width
1;0.6390210740992522;0.15465669612508498
2;0.5489462950373896;0.29231815091774305
3;0.5965329707681849;0.1291638341264446
4;0.5455472467709042;0.23113528212100612
5;0.5166553365057784;0.11556764106050306
6;0.5812372535690007;0.21753908905506458
mean;0.5713233627917517;0.1900634489009744
standard_deviation;0.03972934284495051;0.06246313176332208
