index;step_length;step_width
1;0.6288239292997961;0.14445955132562882
2;0.5846363018354861;0.26512576478586
3;0.6696125084976207;0.08157715839564922
4;0.6271244051665534;0.1291638341264446
5;0.6747110808973488;0.19884432358939497
mean;0.636981645139361;0.16383412644459552
standard_deviation;0.032839098767544345;0.06297510940847523
