index;step_length;step_width
1;0.5880353501019715;0.31271244051665537
2;0.6560163154316792;0.07817811012916384
3;0.6152277362338545;0.1512576478585996
4;0.6475186947654656;0.2991162474507138
5;0.5608429639700884;0.10367097212780423
mean;0.6135282121006118;0.18898708361658736
standard_deviation;0.03574661271280735;0.09840464874625812
