index;step_length;step_width
1;0.540448674371176;0.11386811692726037
2;0.5693405846363019;0.17845003399048268
3;0.5217539089055064;0.27702243371855884
4;0.5693405846363019;0.12236573759347383
5;0.623725356900068;0.2362338545207342
6;0.5370496261046908;0.07477906186267845
mean;0.5602764559256742;0.16711987310219803
standard_deviation;0.033183060606407154;0.07112101823011474
