index;step_length;step_width
1;0.5744391570360299;0.19884432358939497
2;0.6050305914343984;0.3263086335825969
3;0.6560163154316792;0.15295717199184228
4;0.5693405846363019;0.28891910265125764
5;0.5149558123725357;0.0866757307953773
6;0.5676410605030592;0.16655336505778381
mean;0.5812372535690008;0.2033763879447088
standard_deviation;0.042669000810447645;0.08161648975051894
