index;step_length;step_width
1;0.557443915703603;0.21923861318830729
2;0.6084296397008838;0.09517335146159075
3;0.5353501019714481;0.15635622025832768
4;0.5812372535690007;0.2685248130523454
5;0.6118286879673691;0.10367097212780423
6;0.557443915703603;0.20054384772263767
mean;0.5752889191026512;0.17391796963516884
standard_deviation;0.027990600088376283;0.06212503994450603
