index;step_length;step_width
1;0.6747110808973488;0.13256288239293
2;0.6220258327668253;0.20564242012236575
3;0.6849082256968049;0.09687287559483344
4;0.6254248810333107;0.15465669612508498
5;0.6594153636981646;0.2515295717199184
mean;0.6532970768184909;0.16825288919102652
standard_deviation;0.02549512793011443;0.05456504791239656
