index;step_length;step_width
1;0.5234534330387491;0.31271244051665537
2;0.5676410605030592;0.10197144799456152
3;0.5234534330387491;0.15465669612508498
4;0.5659415363698165;0.27362338545207343
5;0.6050305914343984;0.12066621346023114
6;0.5489462950373896;0.24133242692046228
mean;0.5557443915703604;0.20082710174484478
standard_deviation;0.02830273282754771;0.07936017469456999
