index;step_length;step_width
1;0.5693405846363019;0.08327668252889191
2;0.5285520054384772;0.13936097892590074
3;0.601631543167913;0.26512576478586
4;0.5217539089055064;0.11216859279401768
5;0.5761386811692726;0.2141400407885792
6;0.5285520054384772;0.07138001359619307
mean;0.5543281214593246;0.1475753455699071
standard_deviation;0.02980096169752343;0.0701309731292608
