index;step_length;step_width
1;0.5727396329027873;0.07987763426240653
2;0.645819170632223;0.14615907545887152
3;0.6033310673011557;0.28891910265125764
4;0.6390210740992522;0.09687287559483344
5;0.6747110808973488;0.1750509857239973
mean;0.6271244051665533;0.15737593473827333
standard_deviation;0.03543823662536604;0.07403841857628747
