index;step_length;step_width
1;0.5880353501019715;0.1257647858599592
2;0.5183548606390211;0.19884432358939497
3;0.5455472467709042;0.07817811012916384
4;0.5846363018354861;0.1291638341264446
5;0.5115567641060503;0.2158395649218219
6;0.5676410605030592;0.07647858599592114
mean;0.552628597326082;0.13737820077045096
standard_deviation;0.030042290683212382;0.053774267321454794
