index;step_length;step_width
1;0.6747110808973488;0.09177430319510538
2;0.6373215499660095;0.14615907545887152
3;0.690006798096533;0.2549286199864038
4;0.6305234534330387;0.10367097212780423
5;0.5676410605030592;0.18864717878993884
mean;0.6400407885791979;0.15703602991162474
standard_deviation;0.04251664574947335;0.05967822790501592
