index;step_length;step_width
1;0.5999320190346703;0.1937457511896669
2;0.6492182188987083;0.07987763426240653
3;0.6883072739632903;0.14445955132562882
4;0.6475186947654656;0.22093813732155
5;0.6866077498300476;0.08327668252889191
mean;0.6543167912984365;0.14445955132562882
standard_deviation;0.032335651921210816;0.056907417897376196
