index;step_length;step_width
1;0.5217539089055064;0.24473147518694766
2;0.5489462950373896;0.1070700203942896
3;0.5863358259687288;0.16825288919102652
4;0.5268524813052345;0.07987763426240653
5;0.5965329707681849;0.15465669612508498
6;0.557443915703603;0.2838205302515296
mean;0.5563108996147744;0.17306820756854746
standard_deviation;0.027799329586189213;0.07165207093255933
