index;step_length;step_width
1;0.5948334466349422;0.33310673011556763
2;0.6594153636981646;0.15295717199184228
3;0.5608429639700884;0.2515295717199184
4;0.5999320190346703;0.07307953772943576
5;0.5149558123725357;0.11386811692726037
6;0.579537729435758;0.18694765465669613
mean;0.5849195558576933;0.18524813052345343
standard_deviation;0.04354472107654149;0.08658126130594904
