index;step_length;step_width
1;0.8429639700883753;0.3008157715839565
2;0.7579877634262406;0.12066621346023114
3;0.7154996600951734;0.22263766145479266
4;0.6611148878314073;0.09687287559483344
mean;0.7443915703602992;0.18524813052345346
standard_deviation;0.06646638771932756;0.08175400048134394
