index;step_length;step_width
1;0.7324949014276003;0.10876954452753229
2;0.6934058463630184;0.20054384772263767
3;0.7817811012916384;0.33990482664853844
4;0.8327668252889191;0.08497620666213461
mean;0.7601121685927941;0.18354860639021073
standard_deviation;0.05234665379715112;0.10005564941900087
