index;step_length;step_width
1;0.6747110808973488;0.2668252889191027
2;0.7749830047586675;0.1257647858599592
3;0.8157715839564922;0.22603670972127804
4;0.734194425560843;0.08157715839564922
mean;0.7499150237933379;0.1750509857239973
standard_deviation;0.05212547463115325;0.07447911229150385
