index;step_length;step_width
1;0.7902787219578519;0.09347382732834807
2;0.6951053704962611;0.16315431679129844
3;0.645819170632223;0.29061862678450034
4;0.7188987083616588;0.07477906186267845
mean;0.7125254928619987;0.15550645819170633
standard_deviation;0.05205616341821895;0.08467400376281459
