index;step_length;step_width
1;0.8412644459551326;0.21753908905506458
2;0.7647858599592114;0.3450033990482665
3;0.6781101291638342;0.14785859959211423
4;0.7715839564921823;0.2838205302515296
mean;0.7639360978925902;0.24855540448674374
standard_deviation;0.0578899433387189;0.07356579213379373
