index;step_length;step_width
1;0.712100611828688;0.2787219578518015
2;0.7868796736913665;0.13086335825968728
3;0.8531611148878314;0.22943575798776344
4;0.7800815771583957;0.10537049626104691
mean;0.7830557443915704;0.18609789259007475
standard_deviation;0.0499321086963463;0.07075513116303914
