index;step_length;step_width
1;0.712100611828688;0.06968048946295037
2;0.7511896668932699;0.12236573759347383
3;0.8174711080897349;0.22603670972127804
4;0.7019034670292318;0.07138001359619307
mean;0.7456662134602312;0.12236573759347383
standard_deviation;0.0453549308748577;0.06348808920582205
