index;step_length;step_width
1;0.7494901427600272;0.07647858599592114
2;0.8140720598232495;0.12236573759347383
3;0.7511896668932699;0.23283480625424882
4;0.8480625424881033;0.09687287559483344
mean;0.7907036029911625;0.1321380013596193
standard_deviation;0.04211897780424679;0.06036750630292974
