index;step_length;step_width
1;0.7273963290278722;0.09687287559483344
2;0.6866077498300476;0.16655336505778381
3;0.7715839564921823;0.33310673011556763
4;0.7154996600951734;0.11216859279401768
mean;0.7252719238613189;0.17717539089055065
standard_deviation;0.03057667802570035;0.09367735551733083
