index;step_length;step_width
1;0.7375934738273284;0.08157715839564922
2;0.6662134602311353;0.15465669612508498
3;0.7188987083616588;0.28721957851801494
4;0.7766825288919103;0.09517335146159075
mean;0.7248470428280083;0.15465669612508498
standard_deviation;0.03975760559241872;0.08132005428463795
