index;step_length;step_width
1;0.8021753908905507;0.1257647858599592
2;0.8514615907545887;0.20394289598912305
3;0.8021753908905507;0.31441196464989807
4;0.7511896668932699;0.110469068660775
mean;0.8017505098572401;0.18864717878993884
standard_deviation;0.03545402464105776;0.08080339190127919
