index;step_length;step_width
1;0.7324949014276003;0.08837525492861999
2;0.822569680489463;0.16485384092454114
3;0.7104010876954453;0.31441196464989807
4;0.8038749150237934;0.13596193065941536
mean;0.7673351461590754;0.17590074779061865
standard_deviation;0.04701419508369495;0.08450327266106562
