index;step_length;step_width
1;0.7171991842284161;0.09007477906186268
2;0.7970768184908226;0.18184908225696805
3;0.7290958531611149;0.08327668252889191
4;0.8055744391570361;0.15635622025832768
mean;0.7622365737593475;0.12788919102651258
standard_deviation;0.039429326166282044;0.042255908703902396
