index;step_length;step_width
1;0.7817811012916384;0.14445955132562882
2;0.6798096532970769;0.24303195105370498
3;0.7188987083616588;0.11216859279401768
4;0.7970768184908226;0.18354860639021076
mean;0.7443915703602992;0.17080217539089057
standard_deviation;0.04741946440619883;0.04876331317268379
