index;step_length;step_width
1;0.7885791978246092;0.1716519374575119
2;0.8480625424881033;0.30761386811692726
3;0.7324949014276003;0.13596193065941536
4;0.8208701563562203;0.24643099932019036
mean;0.7975016995241332;0.2154146838885112
standard_deviation;0.04303480699178795;0.06650304385178615
