index;step_length;step_width
1;0.7409925220938137;0.2855200543847723
2;0.7919782460910946;0.10027192386131883
3;0.734194425560843;0.17675050985723997
4;0.7953772943575799;0.2974167233174711
mean;0.7656356220258328;0.21498980285520053
standard_deviation;0.028170605802601594;0.08122676419684109
