index;step_length;step_width
1;0.6526172671651937;0.13256288239293
2;0.5965329707681849;0.2566281441196465
3;0.6543167912984365;0.11896668932698845
4;0.7358939496940857;0.1937457511896669
5;0.6339225016995241;0.3467029231815092
mean;0.654656696125085;0.20972127804214818
standard_deviation;0.04563340978066192;0.08415373555645837
