index;step_length;step_width
1;0.7528891910265126;0.10197144799456152
2;0.6917063222297757;0.18354860639021076
3;0.7307953772943576;0.2991162474507138
4;0.7970768184908226;0.09347382732834807
mean;0.743116927260367;0.16952753229095854
standard_deviation;0.038085554689061725;0.08267075689089613
