index;step_length;step_width
1;0.6662134602311353;0.3433038749150238
2;0.6033310673011557;0.16995241332426922
3;0.6815091774303196;0.29231815091774305
4;0.6390210740992522;0.09857239972807615
5;0.6050305914343984;0.14785859959211423
mean;0.6390210740992522;0.21040108769544527
standard_deviation;0.03153979798684444;0.09211608939457042
