index;step_length;step_width
1;0.6033310673011557;0.09347382732834807
2;0.6815091774303196;0.14445955132562882
3;0.6288239292997961;0.2532290958531611
4;0.7053025152957172;0.10367097212780423
5;0.7477906186267845;0.18524813052345343
mean;0.6733514615907547;0.15601631543167913
standard_deviation;0.051988773805898635;0.0584636301835486
