index;step_length;step_width
1;0.6084296397008838;0.11386811692726037
2;0.6730115567641061;0.20394289598912305
3;0.6135282121006118;0.3484024473147519
4;0.7019034670292318;0.07817811012916384
5;0.7868796736913665;0.11726716519374576
mean;0.67675050985724;0.172331747110809
standard_deviation;0.06548264500473695;0.09727812477276153
