index;step_length;step_width
1;0.7919782460910946;0.33480625424881033
2;0.7019034670292318;0.13766145479265807
3;0.773283480625425;0.21753908905506458
4;0.7087015635622026;0.3450033990482665
mean;0.7439666893269885;0.25875254928619984
standard_deviation;0.03929862465858609;0.08600142090844433
