index;step_length;step_width
1;0.822569680489463;0.3025152957171992
2;0.7087015635622026;0.13766145479265807
3;0.7885791978246092;0.24473147518694766
4;0.8922501699524134;0.09517335146159075
mean;0.803025152957172;0.19502039428959891
standard_deviation;0.06604679657315787;0.08259210812575266
