index;step_length;step_width
1;0.8361658735554045;0.1291638341264446
2;0.773283480625425;0.24133242692046228
3;0.8480625424881033;0.09857239972807615
4;0.7936777702243372;0.18354860639021076
mean;0.8127974167233174;0.16315431679129844
standard_deviation;0.03048206808155239;0.05443785648554373
