index;step_length;step_width
1;0.7409925220938137;0.18014955812372535
2;0.8412644459551326;0.08327668252889191
3;0.7545887151597553;0.16145479265805576
4;0.8395649218218899;0.31441196464989807
mean;0.7941026512576479;0.18482324949014278
standard_deviation;0.046564712738541424;0.08317582059119351
