index;step_length;step_width
1;0.9160435078178111;0.08327668252889191
2;0.800475866757308;0.1495581237253569
3;0.7104010876954453;0.24303195105370498
4;0.773283480625425;0.07138001359619307
mean;0.8000509857239974;0.13681169272603672
standard_deviation;0.0745118266641414;0.06817718961092527
