index;step_length;step_width
1;0.7851801495581238;0.13256288239293
2;0.739292997960571;0.24983004758667574
3;0.8089734874235215;0.07307953772943576
4;0.8905506458191706;0.14106050305914344
mean;0.8059993201903468;0.14913324269204623
standard_deviation;0.054865616800411965;0.06376472088888582
