index;step_length;step_width
1;0.7953772943575799;0.1342624065261727
2;0.7138001359619307;0.23283480625424882
3;0.761386811692726;0.110469068660775
4;0.844663494221618;0.1716519374575119
mean;0.7788069340584636;0.16230455472467709
standard_deviation;0.04780430895580012;0.04619299090729736
