index;step_length;step_width
1;0.7358939496940857;0.33820530251529574
2;0.7715839564921823;0.15635622025832768
3;0.8803535010197145;0.2583276682528892
4;0.8021753908905507;0.07647858599592114
mean;0.7975016995241333;0.20734194425560845
standard_deviation;0.05327642218900332;0.09930952267162037
