index;step_length;step_width
1;0.7171991842284161;0.13936097892590074
2;0.7664853840924541;0.24813052345343306
3;0.8769544527532291;0.110469068660775
4;0.7681849082256968;0.18184908225696805
mean;0.782205982324949;0.16995241332426922
standard_deviation;0.058409939597097484;0.05178670627189868
