index;step_length;step_width
1;0.7936777702243372;0.15975526852481306
2;0.8633582596872876;0.24473147518694766
3;0.7885791978246092;0.07477906186267845
4;0.7460910944935418;0.11726716519374576
mean;0.7979265805574439;0.14913324269204625
standard_deviation;0.042052491609988536;0.06284075228479367
