index;step_length;step_width
1;0.800475866757308;0.14615907545887152
2;0.8956492182188988;0.22943575798776344
3;0.8378653976886472;0.07307953772943576
4;0.7885791978246092;0.12236573759347383
mean;0.8306424201223658;0.14276002719238615
standard_deviation;0.041705487695517296;0.05655867196564832
