index;step_length;step_width
1;0.6968048946295038;0.07138001359619307
2;0.7953772943575799;0.12066621346023114
3;0.8395649218218899;0.21753908905506458
4;0.8820530251529572;0.07307953772943576
mean;0.8034500339904826;0.12066621346023114
standard_deviation;0.06877694057107082;0.059325321807297965
