index;step_length;step_width
1;0.7019034670292318;0.30761386811692726
2;0.7970768184908226;0.10197144799456152
3;0.7545887151597553;0.17675050985723997
4;0.8429639700883753;0.3280081577158396
mean;0.7741332426920462;0.2285859959211421
standard_deviation;0.05211335182346013;0.09333854000606838
