index;step_length;step_width
1;0.6815091774303196;0.07987763426240653
2;0.773283480625425;0.1495581237253569
3;0.844663494221618;0.28891910265125764
4;0.9007477906186269;0.13766145479265807
mean;0.8000509857239974;0.1640040788579198
standard_deviation;0.0820042408555413;0.07678483136646823
