index;step_length;step_width
1;0.7409925220938137;0.10027192386131883
2;0.8174711080897349;0.16145479265805576
3;0.7002039428959892;0.29571719918422845
4;0.7698844323589396;0.08497620666213461
mean;0.7571380013596193;0.1606050305914344
standard_deviation;0.04273382379564974;0.08309004599537483
