index;step_length;step_width
1;0.7019034670292318;0.06968048946295037
2;0.773283480625425;0.11896668932698845
3;0.8820530251529572;0.2379333786539769
4;0.8259687287559484;0.09857239972807615
mean;0.7958021753908906;0.13128823929299796
standard_deviation;0.06647046162118467;0.0640133723147885
