index;step_length;step_width
1;0.773283480625425;0.14785859959211423
2;0.8191706322229776;0.26342624065261727
3;0.7715839564921823;0.12066621346023114
4;0.6934058463630184;0.22603670972127804
mean;0.7643609789259007;0.18949694085656016
standard_deviation;0.0451954405141243;0.05760233626812483
