index;step_length;step_width
1;0.7494901427600272;0.3178110129163834
2;0.8276682528891911;0.14785859959211423
3;0.7766825288919103;0.2362338545207342
4;0.8310673011556764;0.07477906186267845
mean;0.7962270564242012;0.1941706322229776
standard_deviation;0.034527956583803615;0.09145410030116367
