index;step_length;step_width
1;0.7171991842284161;0.18354860639021076
2;0.7868796736913665;0.2804214819850442
3;0.8429639700883753;0.08157715839564922
4;0.7970768184908226;0.1342624065261727
mean;0.7860299116247451;0.16995241332426922
standard_deviation;0.04500531161409028;0.07326703533242648
