index;step_length;step_width
1;0.7307953772943576;0.331407205982325
2;0.8259687287559484;0.08327668252889191
3;0.7019034670292318;0.13256288239293
4;0.761386811692726;0.2515295717199184
mean;0.755013596193066;0.19969408565601632
standard_deviation;0.04605012665358867;0.09758954078689333
