index;step_length;step_width
1;0.7545887151597553;0.3450033990482665
2;0.8361658735554045;0.08497620666213461
3;0.7919782460910946;0.16655336505778381
4;0.6883072739632903;0.08157715839564922
mean;0.7677600271923861;0.16952753229095852
standard_deviation;0.0542035639963166;0.10687003838643867
