index;step_length;step_width
1;0.48436437797416726;0.1257647858599592
2;0.5506458191706323;0.21923861318830729
3;0.5778382053025153;0.09347382732834807
4;0.5013596193065941;0.18184908225696805
5;0.5727396329027873;0.07647858599592114
6;0.6203263086335826;0.12406526172671653
mean;0.5512123272150465;0.13681169272603672
standard_deviation;0.046374142285877676;0.04937159046813299
