index;step_length;step_width
1;0.6135282121006118;0.14615907545887152
2;0.5540448674371177;0.2787219578518015
3;0.6135282121006118;0.09517335146159075
4;0.5557443915703604;0.18014955812372535
5;0.5030591434398368;0.270224337185588
6;0.5336505778382054;0.1070700203942896
mean;0.562259234081124;0.1795830500793111
standard_deviation;0.040187147926067465;0.07250860370585024
