index;step_length;step_width
1;0.5880353501019715;0.08327668252889191
2;0.5557443915703604;0.16145479265805576
3;0.6271244051665534;0.2532290958531611
4;0.5336505778382054;0.07138001359619307
5;0.5710401087695446;0.10876954452753229
6;0.49966009517335147;0.21074099252209383
mean;0.5625424881033311;0.14814185361432133
standard_deviation;0.04026593166534527;0.06681973790864215
