index;step_length;step_width
1;0.5234534330387491;0.11216859279401768
2;0.5744391570360299;0.1733514615907546
3;0.49796057104010877;0.3212100611828688
4;0.5676410605030592;0.15805574439157036
5;0.6033310673011557;0.26002719238613187
6;0.5710401087695446;0.1070700203942896
mean;0.5563108996147745;0.18864717878993884
standard_deviation;0.03504574626834704;0.0778263299922183
