index;step_length;step_width
1;0.5285520054384772;0.15295717199184228
2;0.5727396329027873;0.23283480625424882
3;0.6254248810333107;0.07647858599592114
4;0.5319510537049627;0.1274643099932019
5;0.5625424881033311;0.2124405166553365
6;0.6033310673011557;0.10197144799456152
mean;0.5707568547473375;0.15069113981418536
standard_deviation;0.03513834360971185;0.05625285106415776
