index;step_length;step_width
1;0.5608429639700884;0.06968048946295037
2;0.6033310673011557;0.1291638341264446
3;0.5727396329027873;0.22433718558803536
4;0.4928619986403807;0.3501019714479946
5;0.5557443915703604;0.16145479265805576
6;0.48266485384092456;0.2821210061182869
mean;0.5446974847042828;0.20280987990029462
standard_deviation;0.04309279646505552;0.09425679264805606
