index;step_length;step_width
1;0.5880353501019715;0.30761386811692726
2;0.5387491502379333;0.11386811692726037
3;0.48436437797416726;0.18184908225696805
4;0.5489462950373896;0.3263086335825969
5;0.5914343983684569;0.13936097892590074
6;0.623725356900068;0.23963290278721958
mean;0.5625424881033311;0.21810559709947883
standard_deviation;0.04489017751112064;0.08017039624798633
