index;step_length;step_width
1;0.5285520054384772;0.0866757307953773
2;0.5829367777022434;0.15975526852481306
3;0.5438477226376615;0.31271244051665537
4;0.5948334466349422;0.10027192386131883
5;0.552345343303875;0.16145479265805576
6;0.5251529571719918;0.30931339225016996
mean;0.5546113754815318;0.1883639247677317
standard_deviation;0.02610243832655398;0.09104446997046901
