index;step_length;step_width
1;0.5149558123725357;0.07307953772943576
2;0.579537729435758;0.1342624065261727
3;0.49966009517335147;0.2141400407885792
4;0.5659415363698165;0.07817811012916384
5;0.513256288239293;0.12406526172671653
6;0.5676410605030592;0.2141400407885792
mean;0.540165420348969;0.13964423294810788
standard_deviation;0.03154310483192496;0.05712539142901613
