index;step_length;step_width
1;0.5608429639700884;0.3484024473147519
2;0.6322229775662814;0.12406526172671653
3;0.5489462950373896;0.23963290278721958
4;0.491162474507138;0.07138001359619307
5;0.5217539089055064;0.13086335825968728
6;0.5659415363698165;0.20734194425560845
mean;0.5534783593927034;0.18694765465669613
standard_deviation;0.04343679881420252;0.0910264025748501
