index;step_length;step_width
1;0.6050305914343984;0.1274643099932019
2;0.5217539089055064;0.2124405166553365
3;0.5846363018354861;0.08157715839564922
4;0.6305234534330387;0.16145479265805576
5;0.5931339225016995;0.27532290958531613
6;0.540448674371176;0.07987763426240653
mean;0.5792544754135509;0.15635622025832768
standard_deviation;0.03725301937355302;0.07023785968651199
