index;step_length;step_width
1;0.4945615227736234;0.07307953772943576
2;0.5659415363698165;0.12066621346023114
3;0.6186267845003399;0.1971447994561523
4;0.5659415363698165;0.34160435078178114
5;0.6033310673011557;0.10537049626104691
6;0.5710401087695446;0.20054384772263767
mean;0.569907092680716;0.17306820756854746
standard_deviation;0.03915878010148528;0.08856796622461525
