index;step_length;step_width
1;0.6271244051665534;0.3263086335825969
2;0.5727396329027873;0.13256288239293
3;0.5370496261046908;0.26002719238613187
4;0.46736913664174035;0.10876954452753229
5;0.5064581917063222;0.2141400407885792
6;0.5591434398368457;0.33310673011556763
mean;0.54498073872649;0.2291525039655563
standard_deviation;0.05047964969396209;0.08683895728196984
