index;step_length;step_width
1;0.5149558123725357;0.17845003399048268
2;0.5778382053025153;0.07307953772943576
3;0.6288239292997961;0.11896668932698845
4;0.5540448674371177;0.1903467029231815
5;0.6203263086335826;0.08497620666213461
6;0.557443915703603;0.13936097892590074
mean;0.5755721731248584;0.13086335825968728
standard_deviation;0.039391663417612674;0.04370564586899141
