index;step_length;step_width
1;0.6271244051665534;0.09517335146159075
2;0.5472467709041469;0.1512576478585996
3;0.6271244051665534;0.28891910265125764
4;0.5353501019714481;0.12236573759347383
5;0.4945615227736234;0.22773623385452074
6;0.5268524813052345;0.08327668252889191
mean;0.55970994788126;0.1614547926580557
standard_deviation;0.050269409815270845;0.07391139076339386
