index;step_length;step_width
1;0.46736913664174035;0.13766145479265807
2;0.4129843643779742;0.2141400407885792
3;0.4724677090414684;0.07138001359619307
4;0.42148198504418766;0.14106050305914344
5;0.3925900747790619;0.24133242692046228
6;0.4435757987763426;0.10197144799456152
7;0.39768864717878993;0.17845003399048268
8;0.4316791298436438;0.3280081577158396
mean;0.4299796057104011;0.17675050985724
standard_deviation;0.027822409149804384;0.07741700866030166
