index;step_length;step_width
1;0.446974847042828;0.3297076818490823
2;0.48606390210740996;0.14276002719238615
3;0.424881033310673;0.22433718558803536
4;0.4894629503738953;0.09007477906186268
5;0.4554724677090415;0.14445955132562882
6;0.4061862678450034;0.26002719238613187
7;0.4282800815771584;0.1257647858599592
8;0.4588715159755269;0.22943575798776344
mean;0.449524133242692;0.19332087015635624
standard_deviation;0.0273776405397468;0.07540291767068924
