index;step_length;step_width
1;0.49966009517335147;0.10537049626104691
2;0.4537729435757988;0.19884432358939497
3;0.4078857919782461;0.31441196464989807
4;0.46057104010876954;0.13086335825968728
5;0.41978246091094495;0.21923861318830729
6;0.4401767505098573;0.3467029231815092
7;0.5047586675730795;0.10027192386131883
8;0.4299796057104011;0.17845003399048268
mean;0.4520734194425561;0.19926920462270564
standard_deviation;0.03305345060974969;0.08596782906246069
