index;step_length;step_width
1;0.4452753229095853;0.14615907545887152
2;0.4061862678450034;0.2838205302515296
3;0.46397008837525494;0.1291638341264446
4;0.5047586675730795;0.24303195105370498
5;0.4537729435757988;0.10197144799456152
6;0.3959891230455473;0.18184908225696805
7;0.4418762746431;0.07647858599592114
8;0.46736913664174035;0.14445955132562882
mean;0.4473997280761387;0.16336675730795377
standard_deviation;0.03236634282687562;0.06551680688274318
