index;step_length;step_width
1;0.4282800815771584;0.15295717199184228
2;0.46057104010876954;0.30591434398368456
3;0.43677770224337187;0.12406526172671653
4;0.4877634262406526;0.20734194425560845
5;0.45037389530931343;0.3280081577158396
6;0.4741672331747111;0.16315431679129844
7;0.4061862678450034;0.24643099932019036
8;0.43337865397688646;0.11556764106050306
mean;0.44718728755948334;0.2054299796057104
standard_deviation;0.02475182740850409;0.0758644686837284
