index;step_length;step_width
1;0.4554724677090415;0.1750509857239973
2;0.42318150917743036;0.3433038749150238
3;0.48096532970768185;0.13766145479265807
4;0.4520734194425561;0.22943575798776344
5;0.3925900747790619;0.3484024473147519
6;0.41808293677770225;0.07987763426240653
7;0.4775662814411965;0.12066621346023114
8;0.43677770224337187;0.23113528212100612
mean;0.4420887151597553;0.20819170632222977
standard_deviation;0.028418634096748756;0.09293149635956707
