index;step_length;step_width
1;0.42318150917743036;0.08497620666213461
2;0.46057104010876954;0.13256288239293
3;0.4945615227736234;0.23963290278721958
4;0.4452753229095853;0.11386811692726037
5;0.4146838885112169;0.1733514615907546
6;0.3908905506458192;0.33990482664853844
7;0.4452753229095853;0.1512576478585996
8;0.4741672331747111;0.23963290278721958
mean;0.4435757987763427;0.18439836845683208
standard_deviation;0.03133767660534632;0.07830270419183569
