index;step_length;step_width
1;0.41808293677770225;0.2141400407885792
2;0.4588715159755269;0.33480625424881033
3;0.39768864717878993;0.16485384092454114
4;0.4401767505098573;0.31271244051665537
5;0.3874915023793338;0.15295717199184228
6;0.4435757987763426;0.2685248130523454
7;0.5081577158395649;0.09517335146159075
8;0.46397008837525494;0.1903467029231815
mean;0.43975186947654654;0.21668932698844323
standard_deviation;0.03642843852714504;0.07751954161659066
