index;step_length;step_width
1;0.43677770224337187;0.13766145479265807
2;0.48436437797416726;0.20734194425560845
3;0.44867437117607073;0.3280081577158396
4;0.4877634262406526;0.14106050305914344
5;0.5115567641060503;0.27192386131883073
6;0.46906866077498305;0.12236573759347383
7;0.42318150917743036;0.2141400407885792
8;0.3857919782460911;0.06968048946295037
mean;0.45589734874235216;0.18652277362338543
standard_deviation;0.0379145322497308;0.07963204612901398
