index;step_length;step_width
1;0.4418762746431;0.15805574439157036
2;0.41638341264445955;0.23963290278721958
3;0.4588715159755269;0.1070700203942896
4;0.3908905506458192;0.18184908225696805
5;0.43847722637661457;0.331407205982325
6;0.48096532970768185;0.12406526172671653
7;0.4265805574439157;0.21923861318830729
8;0.4707681849082257;0.331407205982325
mean;0.4406016315431679;0.21159075458871515
standard_deviation;0.027689076750732695;0.08053933513587919
