index;step_length;step_width
1;0.4418762746431;0.0866757307953773
2;0.4775662814411965;0.16995241332426922
3;0.4418762746431;0.27532290958531613
4;0.4894629503738953;0.08497620666213461
5;0.43337865397688646;0.15295717199184228
6;0.39768864717878993;0.26512576478586
7;0.4520734194425561;0.09687287559483344
8;0.4945615227736234;0.17675050985723997
mean;0.4535605030591434;0.1635791978246091
standard_deviation;0.03031206825151746;0.07041626058230499
