index;step_length;step_width
1;0.5149558123725357;0.2821210061182869
2;0.46057104010876954;0.11556764106050306
3;0.43337865397688646;0.22943575798776344
4;0.491162474507138;0.10027192386131883
5;0.42318150917743036;0.18354860639021076
6;0.39938817131203264;0.31101291638341266
7;0.446974847042828;0.1274643099932019
8;0.41978246091094495;0.23283480625424882
mean;0.44867437117607073;0.1977821210061183
standard_deviation;0.036212229355306796;0.07380680082563841
