index;step_length;step_width
1;0.48436437797416726;0.23283480625424882
2;0.513256288239293;0.07477906186267845
3;0.4435757987763426;0.1274643099932019
4;0.3959891230455473;0.2141400407885792
5;0.42148198504418766;0.33310673011556763
6;0.46057104010876954;0.15975526852481306
7;0.4095853161114888;0.27362338545207343
8;0.46227056424201224;0.13086335825968728
mean;0.44888681169272604;0.19332087015635624
standard_deviation;0.0368098791886808;0.08015625899952022
