index;step_length;step_width
1;0.3857919782460911;0.2855200543847723
2;0.42148198504418766;0.07987763426240653
3;0.4724677090414684;0.1495581237253569
4;0.446974847042828;0.24473147518694766
5;0.5098572399728076;0.07987763426240653
6;0.4554724677090415;0.14276002719238615
7;0.4129843643779742;0.2685248130523454
8;0.45037389530931343;0.10876954452753229
mean;0.44442556084296403;0.16995241332426922
standard_deviation;0.03567988914890723;0.07889069474087106
