index;step_length;step_width
1;0.4554724677090415;0.20734194425560845
2;0.4962610469068661;0.3178110129163834
3;0.4520734194425561;0.10197144799456152
4;0.3925900747790619;0.15805574439157036
5;0.42318150917743036;0.23963290278721958
6;0.4588715159755269;0.11896668932698845
7;0.4282800815771584;0.2141400407885792
8;0.3959891230455473;0.33310673011556763
mean;0.4378399048266486;0.21137831407205981
standard_deviation;0.03254641408856115;0.07931033588475143
