index;step_length;step_width
1;0.756288239292998;0.09177430319510538
2;0.8140720598232495;0.1495581237253569
3;0.7070020394289599;0.2838205302515296
4;0.778382053025153;0.10876954452753229
mean;0.7639360978925901;0.15848062542488103
standard_deviation;0.03880166572682145;0.07535022854633014
