index;step_length;step_width
1;0.739292997960571;0.3263086335825969
2;0.6543167912984365;0.1070700203942896
3;0.7426920462270564;0.1971447994561523
4;0.8276682528891911;0.33650577838205303
mean;0.7409925220938137;0.24175730795377293
standard_deviation;0.06130077769160924;0.09520653950579146
