index;step_length;step_width
1;0.7256968048946295;0.08157715839564922
2;0.778382053025153;0.14106050305914344
3;0.6815091774303196;0.22093813732155
4;0.7290958531611149;0.07647858599592114
mean;0.7286709721278042;0.13001359619306596
standard_deviation;0.0342945062571755;0.05831250327769464
