index;step_length;step_width
1;0.8089734874235215;0.11896668932698845
2;0.7273963290278722;0.20224337185588037
3;0.6543167912984365;0.3280081577158396
4;0.7443915703602991;0.15975526852481306
mean;0.7337695445275324;0.20224337185588034
standard_deviation;0.05504956478343829;0.0783534079349627
