index;step_length;step_width
1;0.7358939496940857;0.09857239972807615
2;0.7834806254248811;0.17845003399048268
3;0.7290958531611149;0.2974167233174711
4;0.7715839564921823;0.12066621346023114
mean;0.755013596193066;0.17377634262406524
standard_deviation;0.023033881999370835;0.07711210342076849
