index;step_length;step_width
1;0.7256968048946295;0.2668252889191027
2;0.8174711080897349;0.08157715839564922
3;0.8616587355540449;0.13936097892590074
4;0.8123725356900068;0.27702243371855884
mean;0.8042997960571041;0.19119646498980286
standard_deviation;0.04926238612202859;0.08335035379472375
