index;step_length;step_width
1;0.7511896668932699;0.3433038749150238
2;0.8599592114208022;0.16485384092454114
3;0.7715839564921823;0.2974167233174711
4;0.8463630183548607;0.10027192386131883
mean;0.8072739632902788;0.22646159075458872
standard_deviation;0.04669827214151627;0.09798736790347036
