index;step_length;step_width
1;0.8072739632902788;0.12066621346023114
2;0.7290958531611149;0.21923861318830729
3;0.667912984364378;0.07477906186267845
4;0.7545887151597553;0.14106050305914344
mean;0.7397178789938818;0.1389360978925901
standard_deviation;0.050134161554972335;0.0522085266250775
