index;step_length;step_width
1;0.7715839564921823;0.0866757307953773
2;0.6781101291638342;0.13256288239293
3;0.7358939496940857;0.24813052345343306
4;0.7851801495581238;0.11216859279401768
mean;0.7426920462270565;0.1448844323589395
standard_deviation;0.04140356123412587;0.06178623434069049
