index;step_length;step_width
1;0.7256968048946295;0.15805574439157036
2;0.6373215499660095;0.07477906186267845
3;0.7053025152957172;0.12066621346023114
4;0.7494901427600272;0.21074099252209383
mean;0.7044527532290958;0.14106050305914344
standard_deviation;0.04179412857701543;0.0498832770953065
