index;step_length;step_width
1;0.7409925220938137;0.09007477906186268
2;0.6475186947654656;0.1495581237253569
3;0.7307953772943576;0.2362338545207342
4;0.8089734874235215;0.09857239972807615
mean;0.7320700203942896;0.1436097892590075
standard_deviation;0.057324309106865375;0.058114034279813626
