index;step_length;step_width
1;0.7138001359619307;0.10197144799456152
2;0.7834806254248811;0.18524813052345343
3;0.844663494221618;0.09007477906186268
4;0.739292997960571;0.1716519374575119
mean;0.7703093133922502;0.1372365737593474
standard_deviation;0.04964203517251283;0.04170548769551729
