index;step_length;step_width
1;0.7426920462270564;0.3467029231815092
2;0.8072739632902788;0.15465669612508498
3;0.6883072739632903;0.28891910265125764
4;0.7409925220938137;0.10197144799456152
mean;0.7448164513936099;0.2230625424881033
standard_deviation;0.04217037899632691;0.09869959883000821
