index;step_length;step_width
1;0.6543167912984365;0.14445955132562882
2;0.7154996600951734;0.23963290278721958
3;0.7664853840924541;0.11896668932698845
4;0.849762066621346;0.2362338545207342
mean;0.7465159755268524;0.18482324949014275
standard_deviation;0.07162617189284792;0.05388288933000064
