index;step_length;step_width
1;0.8395649218218899;0.3501019714479946
2;0.7290958531611149;0.15975526852481306
3;0.6730115567641061;0.3178110129163834
4;0.7579877634262406;0.12406526172671653
mean;0.7499150237933379;0.23793337865397687
standard_deviation;0.060103773693172075;0.09751922197787065
