index;step_length;step_width
1;0.8327668252889191;0.2532290958531611
2;0.9041468388851122;0.11216859279401768
3;0.7800815771583957;0.18014955812372535
4;0.7053025152957172;0.31441196464989807
mean;0.8055744391570361;0.21498980285520056
standard_deviation;0.07273288214320414;0.07604777063844453
