index;step_length;step_width
1;0.7681849082256968;0.09687287559483344
2;0.8276682528891911;0.15635622025832768
3;0.7749830047586675;0.30761386811692726
4;0.8429639700883753;0.1070700203942896
mean;0.8034500339904826;0.1669782460910945
standard_deviation;0.03241093226468995;0.08425402674938184
