index;step_length;step_width
1;0.7307953772943576;0.07307953772943576
2;0.6815091774303196;0.13256288239293
3;0.7800815771583957;0.2532290958531611
4;0.7070020394289599;0.07477906186267845
mean;0.7248470428280082;0.13341264445955134
standard_deviation;0.036341612475090226;0.07320294545982926
