index;step_length;step_width
1;0.8990482664853842;0.11216859279401768
2;0.849762066621346;0.17675050985723997
3;0.778382053025153;0.2838205302515296
4;0.6917063222297757;0.09857239972807615
mean;0.8047246770904147;0.16782800815771584
standard_deviation;0.07809031366014717;0.07319184728480718
