index;step_length;step_width
1;0.7800815771583957;0.26172671651937457
2;0.8582596872875595;0.11216859279401768
3;0.7970768184908226;0.17845003399048268
4;0.6934058463630184;0.07647858599592114
mean;0.782205982324949;0.15720598232494903
standard_deviation;0.05893913184587364;0.07057119203601142
