index;step_length;step_width
1;0.5761386811692726;0.13766145479265807
2;0.5370496261046908;0.2379333786539769
3;0.5880353501019715;0.09347382732834807
4;0.5336505778382054;0.14445955132562882
5;0.6118286879673691;0.22943575798776344
6;0.5557443915703604;0.09177430319510538
mean;0.567074552458645;0.15578971221391344
standard_deviation;0.027903037289881576;0.05860826215665965
