index;step_length;step_width
1;0.5149558123725357;0.33820530251529574
2;0.5506458191706323;0.110469068660775
3;0.6288239292997961;0.19884432358939497
4;0.552345343303875;0.3484024473147519
5;0.6288239292997961;0.11726716519374576
6;0.552345343303875;0.2141400407885792
mean;0.5713233627917517;0.22122139134375707
standard_deviation;0.04269625724292215;0.09441371128529609
