index;step_length;step_width
1;0.5761386811692726;0.1971447994561523
2;0.6118286879673691;0.34160435078178114
3;0.5217539089055064;0.11216859279401768
4;0.5659415363698165;0.21753908905506458
5;0.6186267845003399;0.10876954452753229
6;0.5268524813052345;0.2141400407885792
mean;0.5701903467029231;0.1985610695671879
standard_deviation;0.037321875010193316;0.07809442329813916
