index;step_length;step_width
1;0.5557443915703604;0.2549286199864038
2;0.6322229775662814;0.12236573759347383
3;0.5540448674371177;0.19884432358939497
4;0.5251529571719918;0.3025152957171992
5;0.601631543167913;0.10876954452753229
6;0.557443915703603;0.1937457511896669
mean;0.5710401087695446;0.19686154543394518
standard_deviation;0.03533757120723021;0.06813952070138063
