index;step_length;step_width
1;0.552345343303875;0.14276002719238615
2;0.5166553365057784;0.22943575798776344
3;0.5455472467709042;0.3467029231815092
4;0.5863358259687288;0.07987763426240653
5;0.6662134602311353;0.15465669612508498
6;0.5710401087695446;0.2685248130523454
mean;0.5730228869249944;0.20365964196691597
standard_deviation;0.04694930077694863;0.08828487610185771
