index;step_length;step_width
1;0.5098572399728076;0.20734194425560845
2;0.5455472467709042;0.3467029231815092
3;0.5880353501019715;0.13936097892590074
4;0.5217539089055064;0.23283480625424882
5;0.5914343983684569;0.10367097212780423
6;0.5217539089055064;0.19884432358939497
mean;0.5463970088375255;0.20479265805574443
standard_deviation;0.032435986886458754;0.07689133779276214
