index;step_length;step_width
1;0.6118286879673691;0.09517335146159075
2;0.5353501019714481;0.1512576478585996
3;0.601631543167913;0.23113528212100612
4;0.53025152957172;0.07817811012916384
5;0.6033310673011557;0.14785859959211423
6;0.5217539089055064;0.29571719918422845
mean;0.5673578064808521;0.16655336505778384
standard_deviation;0.03857354064815361;0.07565587144316661
