index;step_length;step_width
1;0.5812372535690007;0.07647858599592114
2;0.5268524813052345;0.1342624065261727
3;0.5659415363698165;0.2362338545207342
4;0.5234534330387491;0.08837525492861999
5;0.48266485384092456;0.14445955132562882
6;0.5489462950373896;0.21753908905506458
mean;0.5381826421935192;0.1495581237253569
standard_deviation;0.03206155267806712;0.05983033042163352
