index;step_length;step_width
1;0.5149558123725357;0.11726716519374576
2;0.5591434398368457;0.18864717878993884
3;0.6288239292997961;0.3178110129163834
4;0.5948334466349422;0.13256288239293
5;0.557443915703603;0.2583276682528892
6;0.4894629503738953;0.11726716519374576
mean;0.557443915703603;0.18864717878993886
standard_deviation;0.04640873179041514;0.07623901849050457
