index;step_length;step_width
1;0.5421481985044188;0.1257647858599592
2;0.4775662814411965;0.20054384772263767
3;0.5285520054384772;0.09177430319510538
4;0.5710401087695446;0.14785859959211423
5;0.6288239292997961;0.07477906186267845
6;0.5863358259687288;0.14615907545887152
mean;0.5557443915703604;0.13114661228189442
standard_deviation;0.04751580945807158;0.04098187480671453
