index;step_length;step_width
1;0.5948334466349422;0.11556764106050306
2;0.5540448674371177;0.21923861318830729
3;0.5863358259687288;0.10197144799456152
4;0.5387491502379333;0.1971447994561523
5;0.5863358259687288;0.09007477906186268
6;0.5421481985044188;0.17675050985723997
mean;0.567074552458645;0.15012463176977112
standard_deviation;0.022752193097692285;0.04969150749963379
