index;step_length;step_width
1;0.5965329707681849;0.2855200543847723
2;0.6322229775662814;0.12066621346023114
3;0.5744391570360299;0.22433718558803536
4;0.5268524813052345;0.10197144799456152
5;0.5863358259687288;0.16825288919102652
6;0.5149558123725357;0.31271244051665537
mean;0.5718898708361659;0.20224337185588037
standard_deviation;0.040274897249380055;0.07904766704081861
