index;step_length;step_width
1;0.5812372535690007;0.1495581237253569
2;0.49966009517335147;0.24133242692046228
3;0.5370496261046908;0.11386811692726037
4;0.5659415363698165;0.2141400407885792
5;0.5353501019714481;0.07477906186267845
6;0.6033310673011557;0.13256288239293
mean;0.5537616134149105;0.15437344210287787
standard_deviation;0.03392550818380502;0.05716751102141933
