index;step_length;step_width
1;0.4877634262406526;0.2124405166553365
2;0.5455472467709042;0.1070700203942896
3;0.6169272603670972;0.18014955812372535
4;0.5625424881033311;0.2991162474507138
5;0.5285520054384772;0.13256288239293
6;0.5931339225016995;0.23283480625424882
mean;0.5557443915703603;0.19402900521187402
standard_deviation;0.042135404445472584;0.06379758456230772
