index;step_length;step_width
1;0.5336505778382054;0.11386811692726037
2;0.5880353501019715;0.1903467029231815
3;0.6322229775662814;0.2974167233174711
4;0.5880353501019715;0.11896668932698845
5;0.5166553365057784;0.19884432358939497
6;0.5472467709041469;0.3297076818490823
mean;0.5676410605030592;0.20819170632222975
standard_deviation;0.039101368517419875;0.08164057084814076
