index;step_length;step_width
1;0.5421481985044188;0.09347382732834807
2;0.5880353501019715;0.1716519374575119
3;0.5064581917063222;0.2838205302515296
4;0.5744391570360299;0.11216859279401768
5;0.6135282121006118;0.1750509857239973
6;0.5438477226376615;0.2974167233174711
mean;0.5614094720145025;0.18893043281214594
standard_deviation;0.03486671777346277;0.07774845645446657
