index;step_length;step_width
1;0.5710401087695446;0.10197144799456152
2;0.49966009517335147;0.18694765465669613
3;0.46906866077498305;0.07307953772943576
4;0.5353501019714481;0.11216859279401768
5;0.5625424881033311;0.20564242012236575
6;0.6254248810333107;0.07987763426240653
mean;0.5438477226376616;0.12661454792658058
standard_deviation;0.050597129303028746;0.05123766967299421
