index;step_length;step_width
1;0.5931339225016995;0.07138001359619307
2;0.5251529571719918;0.12066621346023114
3;0.601631543167913;0.20564242012236575
4;0.5336505778382054;0.331407205982325
5;0.49966009517335147;0.07477906186267845
6;0.5387491502379333;0.13256288239293
mean;0.5486630410151824;0.15607296623612057
standard_deviation;0.036653770940532744;0.0901731516634841
