index;step_length;step_width
1;0.7766825288919103;0.08157715839564922
2;0.6917063222297757;0.14276002719238615
3;0.7477906186267845;0.2821210061182869
4;0.822569680489463;0.07987763426240653
mean;0.7596872875594834;0.1465839564921822
standard_deviation;0.047449910293384495;0.08225042778129649
