index;step_length;step_width
1;0.7443915703602991;0.21074099252209383
2;0.8548606390210741;0.33480625424881033
3;0.8123725356900068;0.13256288239293
4;0.7426920462270564;0.22943575798776344
mean;0.7885791978246091;0.2268864717878994
standard_deviation;0.047480336657712424;0.07212973437427261
