index;step_length;step_width
1;0.7851801495581238;0.27192386131883073
2;0.6985044187627465;0.1257647858599592
3;0.7426920462270564;0.19884432358939497
4;0.8021753908905507;0.3229095853161115
mean;0.7571380013596193;0.22986063902107412
standard_deviation;0.040191140687917966;0.07454089405317235
