index;step_length;step_width
1;0.8344663494221618;0.09517335146159075
2;0.8905506458191706;0.18864717878993884
3;0.8021753908905507;0.3484024473147519
4;0.6985044187627465;0.110469068660775
mean;0.8064242012236574;0.18567301155676413
standard_deviation;0.06987194106278623;0.10041854464849741
