index;step_length;step_width
1;0.8395649218218899;0.0866757307953773
2;0.7834806254248811;0.14276002719238615
3;0.7409925220938137;0.26002719238613187
4;0.7800815771583957;0.1070700203942896
mean;0.7860299116247451;0.14913324269204623
standard_deviation;0.03512920905607478;0.06709758083744997
