index;step_length;step_width
1;0.7290958531611149;0.15975526852481306
2;0.8361658735554045;0.2566281441196465
3;0.756288239292998;0.10537049626104691
4;0.7154996600951734;0.1733514615907546
mean;0.7592624065261727;0.17377634262406527
standard_deviation;0.04676587385305083;0.05417691360370499
