index;step_length;step_width
1;0.5659415363698165;0.20734194425560845
2;0.5047586675730795;0.34160435078178114
3;0.46227056424201224;0.11896668932698845
4;0.4894629503738953;0.23113528212100612
5;0.4299796057104011;0.09007477906186268
6;0.46566961250849764;0.13766145479265807
7;0.5064581917063222;0.24983004758667574
mean;0.48922016121200357;0.19665922113236864
standard_deviation;0.040027090407013945;0.08107849457023135
