index;step_length;step_width
1;0.49796057104010877;0.24643099932019036
2;0.446974847042828;0.07138001359619307
3;0.5081577158395649;0.1070700203942896
4;0.4775662814411965;0.1920462270564242
5;0.4282800815771584;0.33990482664853844
6;0.4724677090414684;0.09687287559483344
7;0.5064581917063222;0.17675050985723997
mean;0.47683791395552105;0.17577935320967272
standard_deviation;0.028217908567092616;0.08786418675342461
