index;step_length;step_width
1;0.49966009517335147;0.3280081577158396
2;0.552345343303875;0.09347382732834807
3;0.4707681849082257;0.18694765465669613
4;0.5149558123725357;0.29401767505098575
5;0.4554724677090415;0.13766145479265807
6;0.4962610469068661;0.2583276682528892
7;0.5489462950373896;0.11216859279401768
mean;0.5054870350587549;0.20151500437020495
standard_deviation;0.03380615679780414;0.08596519343257919
