index;step_length;step_width
1;0.48266485384092456;0.2991162474507138
2;0.4418762746431;0.14785859959211423
3;0.4758667573079538;0.26002719238613187
4;0.5149558123725357;0.08497620666213461
5;0.5472467709041469;0.14615907545887152
6;0.4707681849082257;0.27362338545207343
7;0.4418762746431;0.08157715839564922
mean;0.48217927551714096;0.18476255219966983
standard_deviation;0.03530892389105804;0.08459521410900853
