index;step_length;step_width
1;0.5506458191706323;0.33310673011556763
2;0.5115567641060503;0.08327668252889191
3;0.4707681849082257;0.14276002719238615
4;0.4435757987763426;0.2141400407885792
5;0.4741672331747111;0.331407205982325
6;0.5149558123725357;0.07477906186267845
7;0.5506458191706323;0.1342624065261727
mean;0.5023307759541614;0.18767602214237158
standard_deviation;0.038087731137752184;0.10072912403371286
