index;step_length;step_width
1;0.43507817811012917;0.18014955812372535
2;0.4877634262406526;0.07307953772943576
3;0.424881033310673;0.14276002719238615
4;0.4554724677090415;0.2549286199864038
5;0.5200543847722637;0.10027192386131883
6;0.5642420122365738;0.1716519374575119
7;0.5166553365057784;0.270224337185588
mean;0.48630669126930176;0.1704379916480528
standard_deviation;0.04703221506010827;0.06799136978330476
