index;step_length;step_width
1;0.47926580557443915;0.2668252889191027
2;0.5506458191706323;0.1274643099932019
3;0.4724677090414684;0.20734194425560845
4;0.43677770224337187;0.3212100611828688
5;0.49796057104010877;0.12406526172671653
6;0.5251529571719918;0.22263766145479266
7;0.46566961250849764;0.34160435078178114
mean;0.48970573953578717;0.23016412547343892
standard_deviation;0.03550371255789242;0.07967258691074648
