index;step_length;step_width
1;0.4945615227736234;0.13256288239293
2;0.5438477226376615;0.22773623385452074
3;0.4928619986403807;0.09857239972807615
4;0.4554724677090415;0.1716519374575119
5;0.48096532970768185;0.2668252889191027
6;0.4537729435757988;0.07817811012916384
7;0.48606390210740996;0.13596193065941536
mean;0.48679226959308536;0.15878411187724578
standard_deviation;0.027923920253141447;0.06315972340692842
