index;step_length;step_width
1;0.5030591434398368;0.1291638341264446
2;0.5727396329027873;0.22093813732155
3;0.5013596193065941;0.09347382732834807
4;0.43677770224337187;0.17845003399048268
5;0.46397008837525494;0.27192386131883073
6;0.4877634262406526;0.07817811012916384
7;0.4537729435757988;0.13766145479265807
mean;0.48849179372632806;0.158541322715354
standard_deviation;0.04132981868015921;0.06451616622563601
