index;step_length;step_width
1;0.46736913664174035;0.07138001359619307
2;0.5336505778382054;0.11216859279401768
3;0.4894629503738953;0.17675050985723997
4;0.5149558123725357;0.31441196464989807
5;0.5693405846363019;0.07307953772943576
6;0.5234534330387491;0.12066621346023114
7;0.4520734194425561;0.1903467029231815
mean;0.5071865591919977;0.1512576478585996
standard_deviation;0.037465129049160606;0.07905984602048273
