index;step_length;step_width
1;0.46736913664174035;0.3042148198504419
2;0.5166553365057784;0.09517335146159075
3;0.4520734194425561;0.17675050985723997
4;0.4265805574439157;0.2668252889191027
5;0.46566961250849764;0.11726716519374576
6;0.53025152957172;0.21753908905506458
7;0.491162474507138;0.08157715839564922
mean;0.47853743808876376;0.17990676896183358
standard_deviation;0.0337572989013979;0.08036137881026888
