index;step_length;step_width
1;0.5319510537049627;0.07138001359619307
2;0.48436437797416726;0.12236573759347383
3;0.540448674371176;0.22773623385452074
4;0.49796057104010877;0.34160435078178114
5;0.4724677090414684;0.14106050305914344
6;0.44867437117607073;0.270224337185588
7;0.5081577158395649;0.11216859279401768
mean;0.497717781878217;0.18379139555210253
standard_deviation;0.030066671031198828;0.09076808465866962
