index;step_length;step_width
1;0.45037389530931343;0.1257647858599592
2;0.4741672331747111;0.22943575798776344
3;0.43847722637661457;0.07307953772943576
4;0.47926580557443915;0.14106050305914344
5;0.5200543847722637;0.26342624065261727
6;0.46566961250849764;0.1274643099932019
7;0.5047586675730795;0.20734194425560845
mean;0.4761095464698456;0.16679615421967564
standard_deviation;0.026600652471209726;0.06277027249156858
