index;step_length;step_width
1;0.4707681849082257;0.1342624065261727
2;0.5336505778382054;0.24983004758667574
3;0.4962610469068661;0.07817811012916384
4;0.43677770224337187;0.1495581237253569
5;0.5030591434398368;0.2549286199864038
6;0.5455472467709042;0.09857239972807615
7;0.48096532970768185;0.14785859959211423
mean;0.4952898902592988;0.15902690103913764
standard_deviation;0.03441102790429557;0.06376440311228306
