index;step_length;step_width
1;0.4945615227736234;0.10537049626104691
2;0.5506458191706323;0.18184908225696805
3;0.5098572399728076;0.07817811012916384
4;0.4724677090414684;0.14106050305914344
5;0.5166553365057784;0.24303195105370498
6;0.46397008837525494;0.08837525492861999
7;0.5030591434398368;0.13256288239293
mean;0.501602408468486;0.13863261144022532
standard_deviation;0.026770739339294043;0.053581098277687575
