index;step_length;step_width
1;0.5812372535690007;0.09687287559483344
2;0.6135282121006118;0.15465669612508498
3;0.6747110808973488;0.2362338545207342
4;0.6084296397008838;0.07987763426240653
5;0.6713120326308634;0.12236573759347383
mean;0.6298436437797417;0.1380013596193066
standard_deviation;0.036932501237513744;0.05521125901902638
