index;step_length;step_width
1;0.5914343983684569;0.31441196464989807
2;0.650917743031951;0.14106050305914344
3;0.6118286879673691;0.22773623385452074
4;0.7036029911624745;0.10027192386131883
5;0.650917743031951;0.18014955812372535
mean;0.6417403127124406;0.19272603670972127
standard_deviation;0.03852487962972869;0.07403841857628748
