index;step_length;step_width
1;0.6696125084976207;0.2804214819850442
2;0.5727396329027873;0.10537049626104691
3;0.6169272603670972;0.16485384092454114
4;0.6883072739632903;0.3042148198504419
5;0.601631543167913;0.1274643099932019
mean;0.6298436437797418;0.19646498980285523
standard_deviation;0.04294923118012102;0.08089163585447084
