index;step_length;step_width
1;0.5761386811692726;0.2787219578518015
2;0.6254248810333107;0.10197144799456152
3;0.7002039428959892;0.20564242012236575
4;0.6118286879673691;0.10197144799456152
5;0.6645139360978927;0.18864717878993884
mean;0.635622025832767;0.17539089055064583
standard_deviation;0.04292770543954827;0.06715507840722122
