index;step_length;step_width
1;0.6645139360978927;0.07817811012916384
2;0.5761386811692726;0.14785859959211423
3;0.6543167912984365;0.27702243371855884
4;0.7138001359619307;0.10537049626104691
5;0.6254248810333107;0.18184908225696805
mean;0.6468388851121686;0.15805574439157039
standard_deviation;0.045407519271371266;0.06925221972499632
