index;step_length;step_width
1;0.6118286879673691;0.22093813732155
2;0.6492182188987083;0.3484024473147519
3;0.6169272603670972;0.13086335825968728
4;0.6798096532970769;0.24473147518694766
5;0.6220258327668253;0.09177430319510538
mean;0.6359619306594153;0.20734194425560845
standard_deviation;0.0254452308255784;0.09020615587494606
