index;step_length;step_width
1;0.6152277362338545;0.20224337185588037
2;0.6883072739632903;0.08497620666213461
3;0.6305234534330387;0.16485384092454114
4;0.7053025152957172;0.29571719918422845
5;0.6203263086335826;0.10197144799456152
mean;0.6519374575118967;0.16995241332426922
standard_deviation;0.03735243199950007;0.07579953845723815
