index;step_length;step_width
1;0.601631543167913;0.13256288239293
2;0.6747110808973488;0.22433718558803536
3;0.6135282121006118;0.10876954452753229
4;0.6645139360978927;0.1733514615907546
5;0.6271244051665534;0.3025152957171992
mean;0.636301835486064;0.18830727396329028
standard_deviation;0.02855200543847724;0.06928057546483901
