index;step_length;step_width
1;0.6543167912984365;0.12406526172671653
2;0.6152277362338545;0.20394289598912305
3;0.6492182188987083;0.33480625424881033
4;0.5948334466349422;0.13766145479265807
5;0.6594153636981646;0.2362338545207342
mean;0.6346023113528212;0.20734194425560845
standard_deviation;0.02519884839272692;0.07600502982664138
