index;step_length;step_width
1;0.5982324949014276;0.14615907545887152
2;0.6594153636981646;0.07138001359619307
3;0.5880353501019715;0.1291638341264446
4;0.6611148878314073;0.20224337185588037
5;0.6033310673011557;0.07647858599592114
mean;0.6220258327668253;0.12508497620666215
standard_deviation;0.03161297627079925;0.04829280886155565
