index;step_length;step_width
1;0.6747110808973488;0.09857239972807615
2;0.6305234534330387;0.1495581237253569
3;0.5676410605030592;0.23963290278721958
4;0.6084296397008838;0.10537049626104691
5;0.7002039428959892;0.1903467029231815
mean;0.6363018354860639;0.15669612508497618
standard_deviation;0.047081419865587906;0.05305564846728854
