index;step_length;step_width
1;0.6288239292997961;0.2821210061182869
2;0.5744391570360299;0.08157715839564922
3;0.6254248810333107;0.13256288239293
4;0.7002039428959892;0.2379333786539769
5;0.6135282121006118;0.09177430319510538
mean;0.6284840244731476;0.16519374575118967
standard_deviation;0.04073756156785492;0.08051081900157953
