index;step_length;step_width
1;0.6135282121006118;0.15975526852481306
2;0.5676410605030592;0.2668252889191027
3;0.6424201223657376;0.0866757307953773
4;0.7358939496940857;0.16995241332426922
5;0.6781101291638342;0.33990482664853844
mean;0.6475186947654656;0.20462270564242013
standard_deviation;0.057110080283452665;0.08865327809923791
