index;step_length;step_width
1;0.6390210740992522;0.20224337185588037
2;0.5846363018354861;0.31441196464989807
3;0.6696125084976207;0.13766145479265807
4;0.7188987083616588;0.21753908905506458
5;0.6305234534330387;0.09007477906186268
mean;0.6485384092454114;0.19238613188307274
standard_deviation;0.04448210198193305;0.07626603896305495
