index;step_length;step_width
1;0.667912984364378;0.0866757307953773
2;0.7053025152957172;0.15635622025832768
3;0.6067301155676411;0.3008157715839565
4;0.5676410605030592;0.12066621346023114
5;0.6526172671651937;0.20734194425560845
mean;0.6400407885791978;0.1743711760707002
standard_deviation;0.04805297420038589;0.07479914445120976
