index;step_length;step_width
1;0.5676410605030592;0.110469068660775
2;0.49966009517335147;0.20564242012236575
3;0.5370496261046908;0.09177430319510538
4;0.491162474507138;0.17675050985723997
5;0.4401767505098573;0.07477906186267845
6;0.4758667573079538;0.1291638341264446
7;0.5183548606390211;0.24133242692046228
mean;0.504273089249296;0.14713023210643877
standard_deviation;0.03853852562593858;0.05749645153158638
