index;step_length;step_width
1;0.5166553365057784;0.07817811012916384
2;0.5659415363698165;0.1342624065261727
3;0.4877634262406526;0.20734194425560845
4;0.5472467709041469;0.3501019714479946
5;0.49796057104010877;0.14785859959211423
6;0.43507817811012917;0.22433718558803536
7;0.4945615227736234;0.1070700203942896
mean;0.5064581917063223;0.17845003399048268
standard_deviation;0.0395768675813907;0.08488875756687993
