index;step_length;step_width
1;0.5030591434398368;0.270224337185588
2;0.4588715159755269;0.09687287559483344
3;0.5183548606390211;0.1750509857239973
4;0.491162474507138;0.3280081577158396
5;0.5455472467709042;0.110469068660775
6;0.4775662814411965;0.1733514615907546
7;0.5489462950373896;0.26342624065261727
mean;0.5062154025444304;0.20248616101777217
standard_deviation;0.031211394292558686;0.08042810131617914
