index;step_length;step_width
1;0.5744391570360299;0.07138001359619307
2;0.5115567641060503;0.1291638341264446
3;0.48096532970768185;0.23963290278721958
4;0.5268524813052345;0.10537049626104691
5;0.44867437117607073;0.18354860639021076
6;0.48096532970768185;0.2821210061182869
7;0.45037389530931343;0.13256288239293
mean;0.49626104690686607;0.16339710595319024
standard_deviation;0.041609840945681265;0.06996962924820915
