index;step_length;step_width
1;0.47926580557443915;0.2974167233174711
2;0.5234534330387491;0.14445955132562882
3;0.48096532970768185;0.23963290278721958
4;0.552345343303875;0.09687287559483344
5;0.4945615227736234;0.18014955812372535
6;0.46566961250849764;0.2974167233174711
7;0.4945615227736234;0.07987763426240653
mean;0.4986889385257843;0.19083228124696514
standard_deviation;0.027537043563674524;0.08324305333293762
