index;step_length;step_width
1;0.5931339225016995;0.11386811692726037
2;0.623725356900068;0.18524813052345343
3;0.6560163154316792;0.08157715839564922
4;0.5931339225016995;0.13596193065941536
5;0.6407205982324949;0.22603670972127804
mean;0.6213460231135282;0.1485384092454113
standard_deviation;0.025198848392726934;0.05137625192902666
