index;step_length;step_width
1;0.6424201223657376;0.1070700203942896
2;0.7188987083616588;0.18864717878993884
3;0.6118286879673691;0.07307953772943576
4;0.6730115567641061;0.11386811692726037
5;0.7171991842284161;0.18014955812372535
mean;0.6726716519374575;0.13256288239293
standard_deviation;0.04180138447217735;0.04460401006750306
