index;step_length;step_width
1;0.6730115567641061;0.20394289598912305
2;0.579537729435758;0.34160435078178114
3;0.6543167912984365;0.11386811692726037
4;0.557443915703603;0.2124405166553365
5;0.6339225016995241;0.0866757307953773
mean;0.6196464989802856;0.19170632222977566
standard_deviation;0.04411697536324288;0.08959829335584332
