index;step_length;step_width
1;0.7188987083616588;0.22943575798776344
2;0.6764106050305915;0.10027192386131883
3;0.7154996600951734;0.15975526852481306
4;0.6169272603670972;0.24983004758667574
5;0.6815091774303196;0.10367097212780423
mean;0.681849082256968;0.16859279401767505
standard_deviation;0.03674118046736008;0.06206777544806705
