index;step_length;step_width
1;0.6220258327668253;0.10367097212780423
2;0.5846363018354861;0.1903467029231815
3;0.6611148878314073;0.08157715839564922
4;0.7002039428959892;0.14276002719238615
5;0.6526172671651937;0.2685248130523454
mean;0.6441196464989803;0.15737593473827333
standard_deviation;0.03881469047891285;0.06675993852993023
