index;step_length;step_width
1;0.6832087015635623;0.09347382732834807
2;0.5948334466349422;0.1495581237253569
3;0.5608429639700884;0.28721957851801494
4;0.6390210740992522;0.11556764106050306
5;0.7324949014276003;0.22943575798776344
mean;0.6420802175390892;0.1750509857239973
standard_deviation;0.06116776005004485;0.0726394985400071
