index;step_length;step_width
1;0.5846363018354861;0.3161114887831407
2;0.6594153636981646;0.11726716519374576
3;0.6033310673011557;0.21074099252209383
4;0.6764106050305915;0.08837525492861999
5;0.5931339225016995;0.15975526852481306
mean;0.6233854520734194;0.17845003399048265
standard_deviation;0.0372253983511339;0.08024921887667164
