index;step_length;step_width
1;0.5982324949014276;0.13256288239293
2;0.6713120326308634;0.2532290958531611
3;0.7205982324949014;0.12236573759347383
4;0.6764106050305915;0.2124405166553365
5;0.6322229775662814;0.3263086335825969
mean;0.659755268524813;0.20938137321549966
standard_deviation;0.041607460905776626;0.07625846409548533
