index;step_length;step_width
1;0.5931339225016995;0.07307953772943576
2;0.6271244051665534;0.12406526172671653
3;0.7070020394289599;0.22603670972127804
4;0.667912984364378;0.07987763426240653
5;0.7070020394289599;0.13766145479265807
mean;0.6604350781781101;0.12814411964649902
standard_deviation;0.044792698809226095;0.05486699870559095
