index;step_length;step_width
1;0.6577158395649219;0.14106050305914344
2;0.6917063222297757;0.21753908905506458
3;0.6475186947654656;0.09177430319510538
4;0.5557443915703604;0.15465669612508498
5;0.6305234534330387;0.07477906186267845
mean;0.6366417403127125;0.13596193065941536
standard_deviation;0.045113963352921956;0.05045039608043503
