index;step_length;step_width
1;0.6373215499660095;0.33820530251529574
2;0.6934058463630184;0.16145479265805576
3;0.601631543167913;0.24303195105370498
4;0.6730115567641061;0.09857239972807615
5;0.6305234534330387;0.18184908225696805
mean;0.6471787899388172;0.20462270564242013
standard_deviation;0.03241416261422744;0.0811767877393772
