index;step_length;step_width
1;0.5846363018354861;0.07307953772943576
2;0.6543167912984365;0.13256288239293
3;0.7239972807613868;0.2532290958531611
4;0.6492182188987083;0.11556764106050306
5;0.7104010876954453;0.23113528212100612
mean;0.6645139360978927;0.1611148878314072
standard_deviation;0.04972378938928549;0.06932225401195637
