index;step_length;step_width
1;0.6645139360978927;0.09007477906186268
2;0.6305234534330387;0.16315431679129844
3;0.5931339225016995;0.31101291638341266
4;0.6543167912984365;0.07987763426240653
5;0.6934058463630184;0.1342624065261727
mean;0.6471787899388171;0.15567641060503062
standard_deviation;0.033724314764955736;0.0832981839360523
