index;step_length;step_width
1;0.734194425560843;0.20564242012236575
2;0.6322229775662814;0.33820530251529574
3;0.6866077498300476;0.12236573759347383
4;0.6339225016995241;0.24133242692046228
5;0.5557443915703604;0.09517335146159075
mean;0.6485384092454114;0.20054384772263764
standard_deviation;0.059794273311283716;0.0870116522711648
