index;step_length;step_width
1;0.6747110808973488;0.3042148198504419
2;0.5948334466349422;0.11216859279401768
3;0.6560163154316792;0.20394289598912305
4;0.7019034670292318;0.33310673011556763
5;0.6101291638341265;0.11896668932698845
mean;0.6475186947654656;0.21447994561522776
standard_deviation;0.039857373893808876;0.0914615614480879
