index;step_length;step_width
1;0.8123725356900068;0.12066621346023114
2;0.9041468388851122;0.20904146838885113
3;0.7698844323589396;0.07987763426240653
4;0.7222977566281441;0.1257647858599592
mean;0.8021753908905507;0.133837525492862
standard_deviation;0.06694270017413707;0.04692002630686428
