index;step_length;step_width
1;0.6866077498300476;0.17675050985723997
2;0.7885791978246092;0.2838205302515296
3;0.8735554044867437;0.10537049626104691
4;0.7477906186267845;0.20054384772263767
mean;0.7741332426920463;0.19162134602311354
standard_deviation;0.06791188706515693;0.06371940729070354
