index;step_length;step_width
1;0.7885791978246092;0.20394289598912305
2;0.7222977566281441;0.3161114887831407
3;0.7817811012916384;0.13766145479265807
4;0.8429639700883753;0.2379333786539769
mean;0.7839055064581917;0.2239123045547247
standard_deviation;0.04274860656728958;0.064294763500655
