index;step_length;step_width
1;0.7528891910265126;0.12066621346023114
2;0.6832087015635623;0.22093813732155
3;0.739292997960571;0.08157715839564922
4;0.7953772943575799;0.13596193065941536
mean;0.7426920462270564;0.13978585995921144
standard_deviation;0.040092202964260505;0.0508776187933987
