index;step_length;step_width
1;0.7138001359619307;0.3263086335825969
2;0.773283480625425;0.15465669612508498
3;0.6985044187627465;0.2668252889191027
4;0.778382053025153;0.12406526172671653
mean;0.7409925220938137;0.21796397008837526
standard_deviation;0.035303497752958844;0.08208345289125733
