index;step_length;step_width
1;0.7698844323589396;0.33480625424881033
2;0.7036029911624745;0.15805574439157036
3;0.7800815771583957;0.24303195105370498
4;0.893949694085656;0.110469068660775
mean;0.7868796736913665;0.21159075458871518
standard_deviation;0.06843618827906489;0.08553098981269065
