index;step_length;step_width
1;0.7188987083616588;0.2362338545207342
2;0.7647858599592114;0.09517335146159075
3;0.8055744391570361;0.14785859959211423
4;0.739292997960571;0.22433718558803536
mean;0.7571380013596193;0.17590074779061865
standard_deviation;0.03234681561977274;0.057639931618326375
