index;step_length;step_width
1;0.7800815771583957;0.23283480625424882
2;0.7053025152957172;0.1070700203942896
3;0.7902787219578519;0.16825288919102652
4;0.8310673011556764;0.2566281441196465
mean;0.7766825288919103;0.19119646498980286
standard_deviation;0.04541260780383205;0.05834964106085281
