index;step_length;step_width
1;0.8327668252889191;0.28721957851801494
2;0.7239972807613868;0.13086335825968728
3;0.6832087015635623;0.2583276682528892
4;0.7477906186267845;0.10876954452753229
mean;0.7469408565601632;0.19629503738953094
standard_deviation;0.05466949390369416;0.0775521373105565
