index;step_length;step_width
1;0.9177430319510538;0.09857239972807615
2;0.7970768184908226;0.15635622025832768
3;0.690006798096533;0.24643099932019036
4;0.7579877634262406;0.09517335146159075
mean;0.7907036029911625;0.14913324269204623
standard_deviation;0.08274933090467433;0.06121089272470709
