index;step_length;step_width
1;0.7596872875594833;0.10876954452753229
2;0.7104010876954453;0.18524813052345343
3;0.7851801495581238;0.3297076818490823
4;0.7375934738273284;0.07307953772943576
mean;0.7482154996600952;0.17420122365737595
standard_deviation;0.027571472778564955;0.09850278256132729
