index;step_length;step_width
1;0.7545887151597553;0.15805574439157036
2;0.6798096532970769;0.24303195105370498
3;0.7528891910265126;0.10876954452753229
4;0.8344663494221618;0.2141400407885792
mean;0.7554384772263767;0.1809993201903467
standard_deviation;0.05470910470027147;0.05169599311439542
