index;step_length;step_width
1;0.8140720598232495;0.1937457511896669
2;0.7494901427600272;0.3161114887831407
3;0.849762066621346;0.14445955132562882
4;0.7715839564921823;0.2379333786539769
mean;0.7962270564242013;0.22306254248810334
standard_deviation;0.03865249971293049;0.06308159923189394
