index;step_length;step_width
1;0.7205982324949014;0.10367097212780423
2;0.8089734874235215;0.16995241332426922
3;0.8803535010197145;0.3195105370496261
4;0.7664853840924541;0.14445955132562882
mean;0.7941026512576479;0.1843983684568321
standard_deviation;0.05879192945522738;0.08151074369898004
