index;step_length;step_width
1;0.7885791978246092;0.3433038749150238
2;0.8786539768864718;0.16825288919102652
3;0.7868796736913665;0.2685248130523454
4;0.7324949014276003;0.11216859279401768
mean;0.7966519374575121;0.22306254248810337
standard_deviation;0.05244312635357429;0.08919972287226809
