index;step_length;step_width
1;0.4418762746431;0.270224337185588
2;0.48436437797416726;0.1274643099932019
3;0.43507817811012917;0.1937457511896669
4;0.3925900747790619;0.31441196464989807
5;0.41978246091094495;0.10197144799456152
6;0.446974847042828;0.15465669612508498
7;0.48266485384092456;0.2821210061182869
8;0.5047586675730795;0.12066621346023114
mean;0.4510112168592794;0.19565771583956493
standard_deviation;0.034901720521991156;0.07735839905474226
