index;step_length;step_width
1;0.44867437117607073;0.07477906186267845
2;0.3942895989123046;0.14615907545887152
3;0.43337865397688646;0.22093813732155
4;0.40108769544527534;0.33820530251529574
5;0.446974847042828;0.10876954452753229
6;0.5149558123725357;0.19884432358939497
7;0.4537729435757988;0.30761386811692726
8;0.48266485384092456;0.13256288239293
mean;0.446974847042828;0.19098402447314755
standard_deviation;0.03709870828168436;0.08797782267394552
