index;step_length;step_width
1;0.4078857919782461;0.2991162474507138
2;0.446974847042828;0.09347382732834807
3;0.40448674371176074;0.17845003399048268
4;0.4571719918422842;0.31271244051665537
5;0.5013596193065941;0.09007477906186268
6;0.4520734194425561;0.16315431679129844
7;0.41978246091094495;0.3008157715839565
8;0.446974847042828;0.06968048946295037
mean;0.44208871515975523;0.1884347382732835
standard_deviation;0.029515473468560947;0.09608489880091266
