index;step_length;step_width
1;0.46227056424201224;0.18184908225696805
2;0.4078857919782461;0.34160435078178114
3;0.43677770224337187;0.15635622025832768
4;0.4078857919782461;0.07817811012916384
5;0.4554724677090415;0.14276002719238615
6;0.42318150917743036;0.21923861318830729
7;0.47926580557443915;0.0866757307953773
8;0.4146838885112169;0.1495581237253569
mean;0.4359279401767505;0.16952753229095854
standard_deviation;0.025350839378273784;0.07804753489713101
