index;step_length;step_width
1;0.43507817811012917;0.0866757307953773
2;0.4707681849082257;0.1342624065261727
3;0.4401767505098573;0.2549286199864038
4;0.491162474507138;0.09517335146159075
5;0.41638341264445955;0.15295717199184228
6;0.4724677090414684;0.29061862678450034
7;0.4146838885112169;0.09007477906186268
8;0.43677770224337187;0.18014955812372535
mean;0.44718728755948334;0.16060503059143438
standard_deviation;0.026073125015198158;0.07215976132390085
