index;step_length;step_width
1;0.4129843643779742;0.16485384092454114
2;0.3874915023793338;0.27192386131883073
3;0.43847722637661457;0.10197144799456152
4;0.46227056424201224;0.18014955812372535
5;0.43847722637661457;0.3263086335825969
6;0.48096532970768185;0.1495581237253569
7;0.4537729435757988;0.24133242692046228
8;0.48096532970768185;0.07647858599592114
mean;0.444425560842964;0.18907205982324948
standard_deviation;0.030366363673021136;0.07978152621064023
