index;step_length;step_width
1;0.4588715159755269;0.09517335146159075
2;0.4894629503738953;0.16825288919102652
3;0.44867437117607073;0.26002719238613187
4;0.48606390210740996;0.10537049626104691
5;0.42148198504418766;0.1750509857239973
6;0.3857919782460911;0.33650577838205303
7;0.4146838885112169;0.16145479265805576
8;0.45037389530931343;0.3008157715839565
mean;0.444425560842964;0.20033140720598236
standard_deviation;0.03330373545592356;0.08326123580364511
