index;step_length;step_width
1;0.4078857919782461;0.26512576478586
2;0.4299796057104011;0.12066621346023114
3;0.39938817131203264;0.23963290278721958
4;0.4588715159755269;0.08157715839564922
5;0.43337865397688646;0.1291638341264446
6;0.4707681849082257;0.22263766145479266
7;0.43337865397688646;0.08497620666213461
8;0.491162474507138;0.13086335825968728
mean;0.44060163154316795;0.15933038749150238
standard_deviation;0.029125277178133697;0.06748924603845076
