index;step_length;step_width
1;0.4588715159755269;0.13256288239293
2;0.48606390210740996;0.22773623385452074
3;0.43507817811012917;0.3433038749150238
4;0.491162474507138;0.16995241332426922
5;0.4435757987763426;0.33480625424881033
6;0.4146838885112169;0.16145479265805576
7;0.4520734194425561;0.3025152957171992
8;0.42318150917743036;0.11556764106050306
mean;0.45058633582596874;0.223487423521414
standard_deviation;0.025752662968150975;0.08634184769463316
