index;step_length;step_width
1;0.5047586675730795;0.08157715839564922
2;0.4435757987763426;0.1495581237253569
3;0.40108769544527534;0.23453433038749152
4;0.4435757987763426;0.0866757307953773
5;0.4894629503738953;0.13256288239293
6;0.43847722637661457;0.21074099252209383
7;0.4078857919782461;0.10367097212780423
8;0.44867437117607073;0.1920462270564242
mean;0.44718728755948334;0.1489208021753909
standard_deviation;0.033308478081863144;0.05447059358605231
