index;step_length;step_width
1;0.4282800815771584;0.07817811012916384
2;0.4078857919782461;0.15295717199184228
3;0.46566961250849764;0.27192386131883073
4;0.491162474507138;0.07307953772943576
5;0.41808293677770225;0.13256288239293
6;0.4758667573079538;0.23963290278721958
7;0.4520734194425561;0.08837525492861999
8;0.42318150917743036;0.16655336505778381
mean;0.4452753229095853;0.15040788579197825
standard_deviation;0.028323985915191974;0.06924387759164977
