index;step_length;step_width
1;0.46227056424201224;0.11386811692726037
2;0.5030591434398368;0.20224337185588037
3;0.4741672331747111;0.07307953772943576
4;0.43677770224337187;0.11896668932698845
5;0.39768864717878993;0.17845003399048268
6;0.4554724677090415;0.3297076818490823
7;0.48266485384092456;0.110469068660775
8;0.4146838885112169;0.17845003399048268
mean;0.4533480625424881;0.16315431679129844
standard_deviation;0.033006994577501614;0.07500564368663278
