index;step_length;step_width
1;0.3959891230455473;0.2685248130523454
2;0.43847722637661457;0.09347382732834807
3;0.5047586675730795;0.14615907545887152
4;0.43847722637661457;0.22093813732155
5;0.49796057104010877;0.33310673011556763
6;0.4537729435757988;0.15975526852481306
7;0.4146838885112169;0.2685248130523454
8;0.4741672331747111;0.10367097212780423
mean;0.45228585995921144;0.19926920462270564
standard_deviation;0.03585590650336274;0.0811545018398786
