index;step_length;step_width
1;0.46906866077498305;0.23453433038749152
2;0.49966009517335147;0.10197144799456152
3;0.446974847042828;0.19884432358939497
4;0.3857919782460911;0.3042148198504419
5;0.43677770224337187;0.1070700203942896
6;0.4877634262406526;0.18524813052345343
7;0.4265805574439157;0.30591434398368456
8;0.446974847042828;0.07477906186267845
mean;0.4499490142760027;0.18907205982324948
standard_deviation;0.033764010142902486;0.08400941361539814
