index;step_length;step_width
1;0.4520734194425561;0.07647858599592114
2;0.48606390210740996;0.12236573759347383
3;0.4452753229095853;0.21074099252209383
4;0.5098572399728076;0.09857239972807615
5;0.4401767505098573;0.1903467029231815
6;0.4129843643779742;0.07138001359619307
7;0.43847722637661457;0.14106050305914344
8;0.4741672331747111;0.21753908905506458
mean;0.45738443235893955;0.14106050305914344
standard_deviation;0.028847357128520847;0.05512984902552208
