index;step_length;step_width
1;0.4775662814411965;0.11726716519374576
2;0.513256288239293;0.18524813052345343
3;0.47926580557443915;0.3178110129163834
4;0.5336505778382054;0.07647858599592114
5;0.46906866077498305;0.14106050305914344
6;0.5047586675730795;0.27362338545207343
7;0.5370496261046908;0.13596193065941536
mean;0.5020879867922697;0.17820724482859088
standard_deviation;0.025530986074319254;0.08094970780348906
