index;step_length;step_width
1;0.5608429639700884;0.11556764106050306
2;0.5200543847722637;0.21923861318830729
3;0.5846363018354861;0.08157715839564922
4;0.6305234534330387;0.13596193065941536
5;0.5625424881033311;0.21753908905506458
6;0.5064581917063222;0.3280081577158396
mean;0.5608429639700884;0.1829820983457965
standard_deviation;0.04091819800531238;0.08223933105924028
