index;step_length;step_width
1;0.5897348742352142;0.11386811692726037
2;0.5183548606390211;0.20394289598912305
3;0.579537729435758;0.07817811012916384
4;0.6305234534330387;0.15635622025832768
5;0.5812372535690007;0.3042148198504419
6;0.5217539089055064;0.1257647858599592
mean;0.5701903467029231;0.16372082483571268
standard_deviation;0.0392947964354355;0.07377231240281411
