index;step_length;step_width
1;0.5370496261046908;0.11216859279401768
2;0.5659415363698165;0.20904146838885113
3;0.5251529571719918;0.07138001359619307
4;0.5880353501019715;0.1342624065261727
5;0.5047586675730795;0.21753908905506458
6;0.5812372535690007;0.08327668252889191
mean;0.5503625651484251;0.13794470881486517
standard_deviation;0.030297589590347944;0.05699039954613216
