index;step_length;step_width
1;0.5999320190346703;0.22433718558803536
2;0.5625424881033311;0.07987763426240653
3;0.6271244051665534;0.13256288239293
4;0.5625424881033311;0.20224337185588037
5;0.53025152957172;0.31441196464989807
6;0.5914343983684569;0.09007477906186268
mean;0.5789712213913438;0.17391796963516884
standard_deviation;0.0311630920903582;0.08232708840028716
