index;step_length;step_width
1;0.5285520054384772;0.10537049626104691
2;0.5897348742352142;0.18354860639021076
3;0.5472467709041469;0.33820530251529574
4;0.6288239292997961;0.14615907545887152
5;0.5557443915703604;0.22943575798776344
6;0.6101291638341265;0.1070700203942896
mean;0.5767051892136869;0.18496487650124635
standard_deviation;0.035658520239873606;0.08100520297535208
