index;step_length;step_width
1;0.513256288239293;0.2515295717199184
2;0.48436437797416726;0.12236573759347383
3;0.5098572399728076;0.23453433038749152
4;0.5540448674371177;0.10367097212780423
5;0.5149558123725357;0.1733514615907546
6;0.4724677090414684;0.30931339225016996
7;0.5166553365057784;0.1291638341264446
mean;0.509371661649024;0.18913275711372243
standard_deviation;0.024149895116651866;0.07171861980960953
