index;step_length;step_width
1;0.579537729435758;0.08157715839564922
2;0.5353501019714481;0.16315431679129844
3;0.5897348742352142;0.3212100611828688
4;0.5489462950373896;0.10367097212780423
5;0.4741672331747111;0.1971447994561523
6;0.5353501019714481;0.2974167233174711
mean;0.5438477226376615;0.19402900521187402
standard_deviation;0.037428136549193136;0.09003424145570169
