index;step_length;step_width
1;0.7358939496940857;0.07647858599592114
2;0.8395649218218899;0.1495581237253569
3;0.7256968048946295;0.24813052345343306
4;0.6526172671651937;0.08837525492861999
mean;0.7384432358939498;0.14063562202583277
standard_deviation;0.06663456804933837;0.06797432623937205
