index;step_length;step_width
1;0.7817811012916384;0.16485384092454114
2;0.6832087015635623;0.32460910944935417
3;0.7239972807613868;0.08157715839564922
4;0.6594153636981646;0.1512576478585996
mean;0.712100611828688;0.18057443915703603
standard_deviation;0.046387981182719834;0.08895653335364025
