index;step_length;step_width
1;0.6781101291638342;0.14785859959211423
2;0.5931339225016995;0.2532290958531611
3;0.6713120326308634;0.12406526172671653
4;0.734194425560843;0.21753908905506458
5;0.645819170632223;0.08837525492861999
mean;0.6645139360978927;0.16621346023113528
standard_deviation;0.04589344569971489;0.06062705463378412
