index;step_length;step_width
1;0.6033310673011557;0.08157715839564922
2;0.6815091774303196;0.14106050305914344
3;0.6475186947654656;0.2566281441196465
4;0.7222977566281441;0.10197144799456152
5;0.6781101291638342;0.1937457511896669
mean;0.6665533650577837;0.1549966009517335
standard_deviation;0.03955767920047901;0.06360308707398218
