index;step_length;step_width
1;0.6254248810333107;0.3263086335825969
2;0.6645139360978927;0.12236573759347383
3;0.7443915703602991;0.24473147518694766
4;0.7070020394289599;0.11386811692726037
5;0.6169272603670972;0.19884432358939497
mean;0.671651937457512;0.20122365737593473
standard_deviation;0.0484218256490405;0.07923939004316265
