index;step_length;step_width
1;0.6475186947654656;0.13596193065941536
2;0.7222977566281441;0.23113528212100612
3;0.6577158395649219;0.08157715839564922
4;0.6254248810333107;0.14785859959211423
5;0.6577158395649219;0.27532290958531613
mean;0.662134602311353;0.17437117607070024
standard_deviation;0.03231063123947284;0.06957346160163551
