index;step_length;step_width
1;0.6373215499660095;0.26172671651937457
2;0.5761386811692726;0.07647858599592114
3;0.6169272603670972;0.1274643099932019
4;0.5676410605030592;0.1954452753229096
5;0.6033310673011557;0.07987763426240653
mean;0.6002719238613188;0.14819850441876276
standard_deviation;0.025716220692559806;0.0712212147040587
