index;step_length;step_width
1;0.5863358259687288;0.16825288919102652
2;0.6203263086335826;0.27702243371855884
3;0.6543167912984365;0.10537049626104691
4;0.6934058463630184;0.1954452753229096
5;0.6339225016995241;0.33650577838205303
mean;0.6376614547926581;0.21651937457511897
standard_deviation;0.0355911355886021;0.08146803260830153
