index;step_length;step_width
1;0.6781101291638342;0.08837525492861999
2;0.5897348742352142;0.15295717199184228
3;0.6730115567641061;0.2804214819850442
4;0.5914343983684569;0.06968048946295037
5;0.6713120326308634;0.10537049626104691
mean;0.6407205982324949;0.13936097892590074
standard_deviation;0.04100046934675327;0.07575379800947003
