index;step_length;step_width
1;0.6526172671651937;0.1495581237253569
2;0.6985044187627465;0.07307953772943576
3;0.6152277362338545;0.11896668932698845
4;0.5761386811692726;0.20054384772263767
5;0.6050305914343984;0.3467029231815092
mean;0.6295037389530932;0.1777702243371856
standard_deviation;0.04229869406019029;0.09409655984568072
