index;step_length;step_width
1;0.6220258327668253;0.09687287559483344
2;0.7019034670292318;0.1512576478585996
3;0.6050305914343984;0.29061862678450034
4;0.5659415363698165;0.10027192386131883
5;0.6475186947654656;0.1733514615907546
mean;0.6284840244731476;0.16247450713800132
standard_deviation;0.04529032523168147;0.07048088662560313
