index;step_length;step_width
1;0.7239972807613868;0.22773623385452074
2;0.6390210740992522;0.08837525492861999
3;0.5659415363698165;0.16315431679129844
4;0.6373215499660095;0.07987763426240653
5;0.7205982324949014;0.1512576478585996
mean;0.6573759347382733;0.14208021753908906
standard_deviation;0.0592195763953656;0.05407158291168374
