index;step_length;step_width
1;0.6101291638341265;0.3263086335825969
2;0.6594153636981646;0.15805574439157036
3;0.6067301155676411;0.24643099932019036
4;0.6951053704962611;0.10537049626104691
5;0.6033310673011557;0.18864717878993884
mean;0.6349422161794698;0.20496261046906866
standard_deviation;0.036412676385702454;0.07593355148798075
