index;step_length;step_width
1;0.6424201223657376;0.12066621346023114
2;0.6101291638341265;0.1937457511896669
3;0.6764106050305915;0.09177430319510538
4;0.6118286879673691;0.15975526852481306
5;0.6832087015635623;0.07817811012916384
mean;0.6447994561522774;0.12882392929979608
standard_deviation;0.030884613709314893;0.04283879742811189
