index;step_length;step_width
1;0.6220258327668253;0.3042148198504419
2;0.6611148878314073;0.110469068660775
3;0.7256968048946295;0.21753908905506458
4;0.667912984364378;0.0866757307953773
5;0.5897348742352142;0.16995241332426922
mean;0.6532970768184908;0.17777022433718562
standard_deviation;0.045900997483058564;0.07804943153350016
