index;step_length;step_width
1;0.6339225016995241;0.11386811692726037
2;0.5608429639700884;0.1954452753229096
3;0.6288239292997961;0.08837525492861999
4;0.7171991842284161;0.14785859959211423
5;0.6747110808973488;0.23453433038749152
mean;0.6430999320190347;0.15601631543167913
standard_deviation;0.05204652185287891;0.05317528294531383
