index;step_length;step_width
1;0.5880353501019715;0.07647858599592114
2;0.6407205982324949;0.12236573759347383
3;0.690006798096533;0.2141400407885792
4;0.6271244051665534;0.33820530251529574
5;0.5880353501019715;0.15805574439157036
mean;0.6267845003399048;0.18184908225696803
standard_deviation;0.03793252583658156;0.09021896288230453
