index;step_length;step_width
1;0.5251529571719918;0.1903467029231815
2;0.5557443915703604;0.07307953772943576
3;0.6220258327668253;0.12066621346023114
4;0.5812372535690007;0.23453433038749152
5;0.5387491502379333;0.1070700203942896
6;0.5693405846363019;0.20564242012236575
mean;0.5653750283254022;0.15522320416949922
standard_deviation;0.031347916003301446;0.05820439401333027
