index;step_length;step_width
1;0.5591434398368457;0.13596193065941536
2;0.6186267845003399;0.22093813732155
3;0.5761386811692726;0.110469068660775
4;0.6220258327668253;0.18524813052345343
5;0.540448674371176;0.3195105370496261
6;0.6152277362338545;0.09857239972807615
mean;0.5886018581463857;0.17845003399048265
standard_deviation;0.03180527724363972;0.07589093664774339
