index;step_length;step_width
1;0.5234534330387491;0.10197144799456152
2;0.5693405846363019;0.1716519374575119
3;0.6169272603670972;0.07817811012916384
4;0.5676410605030592;0.14785859959211423
5;0.5999320190346703;0.23453433038749152
6;0.5438477226376615;0.08497620666213461
mean;0.5701903467029231;0.1365284387038296
standard_deviation;0.03150238104529116;0.05511165423528353
