index;step_length;step_width
1;0.5710401087695446;0.3433038749150238
2;0.4894629503738953;0.14106050305914344
3;0.5285520054384772;0.27702243371855884
4;0.6033310673011557;0.07647858599592114
5;0.5251529571719918;0.13256288239293
6;0.49966009517335147;0.20564242012236575
mean;0.5361998640380693;0.19601178336732383
standard_deviation;0.03962419043233042;0.09099819264077996
