index;step_length;step_width
1;0.513256288239293;0.24643099932019036
2;0.46736913664174035;0.09857239972807615
3;0.5353501019714481;0.1937457511896669
4;0.601631543167913;0.09347382732834807
5;0.5489462950373896;0.14615907545887152
6;0.6220258327668253;0.22773623385452074
mean;0.5480965329707682;0.16768638114661227
standard_deviation;0.052002383687267985;0.05948873973353965
