index;step_length;step_width
1;0.6203263086335826;0.09007477906186268
2;0.557443915703603;0.15635622025832768
3;0.5149558123725357;0.27362338545207343
4;0.5659415363698165;0.0866757307953773
5;0.6305234534330387;0.13936097892590074
6;0.5625424881033311;0.2515295717199184
mean;0.5752889191026512;0.1662701110355767
standard_deviation;0.03934376956107469;0.07275218412044825
