index;step_length;step_width
1;0.5914343983684569;0.3484024473147519
2;0.6322229775662814;0.16485384092454114
3;0.5659415363698165;0.29571719918422845
4;0.6152277362338545;0.0866757307953773
5;0.5659415363698165;0.13256288239293
6;0.513256288239293;0.22263766145479266
mean;0.5806707455245865;0.2084749603444369
standard_deviation;0.03861407928382499;0.09118844033780922
