index;step_length;step_width
1;0.5285520054384772;0.14276002719238615
2;0.5812372535690007;0.21753908905506458
3;0.5506458191706323;0.33480625424881033
4;0.5948334466349422;0.11216859279401768
5;0.5285520054384772;0.18864717878993884
6;0.5761386811692726;0.07477906186267845
mean;0.5599932019034669;0.17845003399048268
standard_deviation;0.025788563741491348;0.0841564813265802
