index;step_length;step_width
1;0.5914343983684569;0.22773623385452074
2;0.5421481985044188;0.1070700203942896
3;0.5013596193065941;0.19884432358939497
4;0.5438477226376615;0.08327668252889191
5;0.5965329707681849;0.14615907545887152
6;0.540448674371176;0.2821210061182869
mean;0.5526285973260819;0.17420122365737592
standard_deviation;0.03265293593739328;0.06913777530414698
