index;step_length;step_width
1;0.6220258327668253;0.10197144799456152
2;0.5914343983684569;0.16825288919102652
3;0.5387491502379333;0.2685248130523454
4;0.5812372535690007;0.07647858599592114
5;0.5268524813052345;0.12406526172671653
6;0.5744391570360299;0.21074099252209383
mean;0.5724563788805802;0.1583389984137775
standard_deviation;0.031922363865584294;0.06587650675369085
