index;step_length;step_width
1;0.6186267845003399;0.22943575798776344
2;0.5421481985044188;0.10537049626104691
3;0.5846363018354861;0.18354860639021076
4;0.623725356900068;0.33820530251529574
5;0.5676410605030592;0.07647858599592114
6;0.5251529571719918;0.13936097892590074
mean;0.5769884432358939;0.1787332880126898
standard_deviation;0.036434219573661;0.08699957201343791
