index;step_length;step_width
1;0.5982324949014276;0.14615907545887152
2;0.5370496261046908;0.29061862678450034
3;0.4758667573079538;0.08157715839564922
4;0.5319510537049627;0.13596193065941536
5;0.5829367777022434;0.22773623385452074
6;0.6169272603670972;0.3484024473147519
mean;0.5571606616813959;0.2050759120779515
standard_deviation;0.0475605349952445;0.09298155744660026
