index;step_length;step_width
1;0.6169272603670972;0.07138001359619307
2;0.5608429639700884;0.11216859279401768
3;0.5115567641060503;0.18354860639021076
4;0.5710401087695446;0.3042148198504419
5;0.623725356900068;0.10876954452753229
6;0.5778382053025153;0.20054384772263767
mean;0.5769884432358939;0.16343757081350557
standard_deviation;0.03732187501019332;0.07712679866127126
