index;step_length;step_width
1;0.6288239292997961;0.3178110129163834
2;0.5472467709041469;0.1291638341264446
3;0.6152277362338545;0.20224337185588037
4;0.5234534330387491;0.3280081577158396
5;0.5642420122365738;0.1070700203942896
6;0.4877634262406526;0.1954452753229096
mean;0.5611262179922955;0.21329027872195785
standard_deviation;0.049182719792815965;0.08454314075714542
