index;step_length;step_width
1;0.5319510537049627;0.23283480625424882
2;0.4962610469068661;0.08327668252889191
3;0.5455472467709042;0.15465669612508498
4;0.5914343983684569;0.2532290958531611
5;0.5438477226376615;0.10367097212780423
6;0.6067301155676411;0.1954452753229096
mean;0.552628597326082;0.17051892136868343
standard_deviation;0.036889418778802814;0.06281856458476824
