index;step_length;step_width
1;0.4588715159755269;0.10197144799456152
2;0.4095853161114888;0.1750509857239973
3;0.46906866077498305;0.08497620666213461
4;0.4928619986403807;0.13256288239293
5;0.4401767505098573;0.22943575798776344
6;0.46397008837525494;0.08497620666213461
7;0.43337865397688646;0.1291638341264446
8;0.4775662814411965;0.2124405166553365
mean;0.45568490822569685;0.14382222977566284
standard_deviation;0.02495520583041812;0.05247882784995918
