index;step_length;step_width
1;0.44867437117607073;0.08497620666213461
2;0.5030591434398368;0.16825288919102652
3;0.4554724677090415;0.33480625424881033
4;0.3942895989123046;0.16145479265805576
5;0.4435757987763426;0.29231815091774305
6;0.46736913664174035;0.1257647858599592
7;0.41638341264445955;0.1971447994561523
8;0.3959891230455473;0.2974167233174711
mean;0.44060163154316795;0.2077668252889191
standard_deviation;0.03470266397048395;0.08436964859398197
