index;step_length;step_width
1;0.5030591434398368;0.0866757307953773
2;0.43337865397688646;0.16315431679129844
3;0.3891910265125765;0.06968048946295037
4;0.44867437117607073;0.11896668932698845
5;0.48096532970768185;0.18864717878993884
6;0.4112848402447315;0.2838205302515296
7;0.46057104010876954;0.11896668932698845
8;0.424881033310673;0.21923861318830729
mean;0.4440006798096533;0.15614377974167234
standard_deviation;0.034827288632432306;0.06750362184862797
