index;step_length;step_width
1;0.4452753229095853;0.21074099252209383
2;0.48096532970768185;0.10027192386131883
3;0.4299796057104011;0.15465669612508498
4;0.3840924541128484;0.29231815091774305
5;0.43847722637661457;0.10197144799456152
6;0.47926580557443915;0.16485384092454114
7;0.45037389530931343;0.24983004758667574
8;0.4962610469068661;0.09177430319510538
mean;0.45058633582596874;0.17080217539089054
standard_deviation;0.03326509176074047;0.06969603215754785
