index;step_length;step_width
1;0.4537729435757988;0.0866757307953773
2;0.4775662814411965;0.16825288919102652
3;0.446974847042828;0.31441196464989807
4;0.42318150917743036;0.1512576478585996
5;0.4537729435757988;0.2532290958531611
6;0.41638341264445955;0.11896668932698845
7;0.46906866077498305;0.18524813052345343
8;0.42148198504418766;0.2821210061182869
mean;0.4452753229095853;0.19502039428959894
standard_deviation;0.02134577954976287;0.0753981292717722
