index;step_length;step_width
1;0.4962610469068661;0.08497620666213461
2;0.4418762746431;0.16315431679129844
3;0.41808293677770225;0.06968048946295037
4;0.4571719918422842;0.110469068660775
5;0.4146838885112169;0.20054384772263767
6;0.45037389530931343;0.331407205982325
7;0.48606390210740996;0.11386811692726037
8;0.424881033310673;0.17675050985723997
mean;0.44867437117607073;0.15635622025832768
standard_deviation;0.028374928377063232;0.07872118000012553
