index;step_length;step_width
1;0.4452753229095853;0.08327668252889191
2;0.46736913664174035;0.15465669612508498
3;0.49966009517335147;0.30761386811692726
4;0.46227056424201224;0.13086335825968728
5;0.4299796057104011;0.20054384772263767
6;0.40108769544527534;0.3229095853161115
7;0.4520734194425561;0.07817811012916384
8;0.3891910265125765;0.1512576478585996
mean;0.4433633582596873;0.178662474507138
standard_deviation;0.033696441246001435;0.08712211230049735
