index;step_length;step_width
1;0.4571719918422842;0.10537049626104691
2;0.491162474507138;0.20394289598912305
3;0.42318150917743036;0.30761386811692726
4;0.48606390210740996;0.10537049626104691
5;0.44867437117607073;0.18184908225696805
6;0.3840924541128484;0.2855200543847723
7;0.41808293677770225;0.1070700203942896
8;0.45037389530931343;0.1920462270564242
mean;0.44485044187627465;0.18609789259007478
standard_deviation;0.033387647955263666;0.07441606631179955
