index;step_length;step_width
1;0.4758667573079538;0.07138001359619307
2;0.4418762746431;0.12236573759347383
3;0.41638341264445955;0.22773623385452074
4;0.4724677090414684;0.11386811692726037
5;0.41638341264445955;0.20734194425560845
6;0.446974847042828;0.10197144799456152
7;0.5013596193065941;0.20054384772263767
8;0.4282800815771584;0.09857239972807615
mean;0.44994901427600276;0.14297246770904146
standard_deviation;0.02876353592966147;0.055556749206825747
