index;step_length;step_width
1;0.6866077498300476;0.31271244051665537
2;0.5965329707681849;0.1291638341264446
3;0.6475186947654656;0.20734194425560845
4;0.6067301155676411;0.31271244051665537
5;0.6866077498300476;0.1291638341264446
mean;0.6447994561522774;0.21821889870836167
standard_deviation;0.03816330542028733;0.08226539500968509
