index;step_length;step_width
1;0.5387491502379333;0.3297076818490823
2;0.5829367777022434;0.06968048946295037
3;0.6373215499660095;0.1070700203942896
4;0.601631543167913;0.18524813052345343
5;0.5421481985044188;0.34160435078178114
6;0.5149558123725357;0.09857239972807615
mean;0.569623838658509;0.18864717878993884
standard_deviation;0.04179604824854009;0.10971697474299874
