index;step_length;step_width
1;0.5183548606390211;0.12236573759347383
2;0.5829367777022434;0.20904146838885113
3;0.5251529571719918;0.09347382732834807
4;0.5982324949014276;0.18014955812372535
5;0.5319510537049627;0.06968048946295037
6;0.5846363018354861;0.11896668932698845
mean;0.5568774076591888;0.13227962837072285
standard_deviation;0.03233068904006406;0.04810400575902609
