index;step_length;step_width
1;0.6815091774303196;0.11896668932698845
2;0.645819170632223;0.2362338545207342
3;0.6866077498300476;0.09687287559483344
4;0.623725356900068;0.15295717199184228
5;0.690006798096533;0.2532290958531611
mean;0.6655336505778383;0.1716519374575119
standard_deviation;0.02621016675548197;0.0625184684760004
