index;step_length;step_width
1;0.6373215499660095;0.11386811692726037
2;0.5506458191706323;0.17845003399048268
3;0.5234534330387491;0.27192386131883073
4;0.5676410605030592;0.10027192386131883
5;0.5183548606390211;0.19884432358939497
6;0.5812372535690007;0.3008157715839565
mean;0.5631089961477452;0.19402900521187402
standard_deviation;0.039973957313206715;0.07410923472536557
