index;step_length;step_width
1;0.5761386811692726;0.3212100611828688
2;0.5336505778382054;0.11556764106050306
3;0.5999320190346703;0.1971447994561523
4;0.513256288239293;0.09857239972807615
5;0.552345343303875;0.18354860639021076
6;0.5829367777022434;0.3212100611828688
mean;0.5597099478812599;0.20620892816677996
standard_deviation;0.029772679228350113;0.08836254389812388
