index;step_length;step_width
1;0.6135282121006118;0.13086335825968728
2;0.6475186947654656;0.24133242692046228
3;0.6101291638341265;0.08157715839564922
4;0.6747110808973488;0.13766145479265807
5;0.5863358259687288;0.27362338545207343
mean;0.6264445955132564;0.17301155676410607
standard_deviation;0.03103388772403351;0.07235583034202552
