index;step_length;step_width
1;0.5948334466349422;0.08837525492861999
2;0.6305234534330387;0.16485384092454114
3;0.5472467709041469;0.2787219578518015
4;0.5744391570360299;0.11216859279401768
5;0.6220258327668253;0.20904146838885113
6;0.5506458191706323;0.08497620666213461
mean;0.5866190799909359;0.15635622025832766
standard_deviation;0.03225242292938994;0.07010751632722514
