index;step_length;step_width
1;0.552345343303875;0.16995241332426922
2;0.5200543847722637;0.31441196464989807
3;0.557443915703603;0.1291638341264446
4;0.5948334466349422;0.24303195105370498
5;0.6322229775662814;0.11896668932698845
6;0.5948334466349422;0.20564242012236575
mean;0.5752889191026512;0.19686154543394518
standard_deviation;0.03628858802594835;0.06757909105673433
