index;step_length;step_width
1;0.5217539089055064;0.08327668252889191
2;0.5489462950373896;0.1257647858599592
3;0.5999320190346703;0.23963290278721958
4;0.5319510537049627;0.08497620666213461
5;0.5812372535690007;0.14106050305914344
6;0.6611148878314073;0.270224337185588
mean;0.5741559030138227;0.15748923634715611
standard_deviation;0.047327161597662315;0.07245547086746988
