index;step_length;step_width
1;0.6118286879673691;0.07477906186267845
2;0.5659415363698165;0.13766145479265807
3;0.5319510537049627;0.21074099252209383
4;0.5948334466349422;0.331407205982325
5;0.5149558123725357;0.10197144799456152
6;0.5489462950373896;0.17845003399048268
mean;0.5614094720145026;0.17250169952413327
standard_deviation;0.03381535821645904;0.0841493306964149
