index;step_length;step_width
1;0.5506458191706323;0.12236573759347383
2;0.5999320190346703;0.24133242692046228
3;0.5149558123725357;0.08327668252889191
4;0.5421481985044188;0.15295717199184228
5;0.6152277362338545;0.07477906186267845
6;0.5540448674371177;0.13766145479265807
mean;0.5628257421255382;0.13539542261500115
standard_deviation;0.03432052359941275;0.05491914932425635
