index;step_length;step_width
1;0.6424201223657376;0.27702243371855884
2;0.557443915703603;0.12236573759347383
3;0.6033310673011557;0.1920462270564242
4;0.5370496261046908;0.3297076818490823
5;0.5863358259687288;0.12236573759347383
6;0.5353501019714481;0.24133242692046228
mean;0.576988443235894;0.2141400407885792
standard_deviation;0.03823929299796057;0.07679266775280966
