index;step_length;step_width
1;0.623725356900068;0.09007477906186268
2;0.5676410605030592;0.13936097892590074
3;0.5336505778382054;0.27362338545207343
4;0.5812372535690007;0.09007477906186268
5;0.5421481985044188;0.16655336505778381
6;0.5812372535690007;0.2515295717199184
mean;0.5716066168139587;0.16853614321323362
standard_deviation;0.029512839967439627;0.07199390090608772
