index;step_length;step_width
1;0.5846363018354861;0.08837525492861999
2;0.5200543847722637;0.16485384092454114
3;0.5846363018354861;0.31271244051665537
4;0.5183548606390211;0.13086335825968728
5;0.5659415363698165;0.2141400407885792
6;0.6339225016995241;0.33650577838205303
mean;0.5679243145252663;0.20790845230002267
standard_deviation;0.04013920380449763;0.09095586133473331
