index;step_length;step_width
1;0.5047586675730795;0.23283480625424882
2;0.4775662814411965;0.08327668252889191
3;0.5030591434398368;0.16315431679129844
4;0.5319510537049627;0.2668252889191027
5;0.46906866077498305;0.1274643099932019
6;0.5319510537049627;0.2532290958531611
7;0.48606390210740996;0.10367097212780423
mean;0.5006312518209187;0.17577935320967272
standard_deviation;0.023068803574283193;0.06948098138316057
