index;step_length;step_width
1;0.5625424881033311;0.10876954452753229
2;0.5234534330387491;0.18354860639021076
3;0.5489462950373896;0.07987763426240653
4;0.6220258327668253;0.12236573759347383
5;0.5710401087695446;0.1920462270564242
6;0.5438477226376615;0.08157715839564922
mean;0.5619759800589169;0.12803081803761615
standard_deviation;0.030743175960152146;0.044832946982657114
