index;step_length;step_width
1;0.4894629503738953;0.07477906186267845
2;0.513256288239293;0.13086335825968728
3;0.5897348742352142;0.2549286199864038
4;0.5557443915703604;0.08497620666213461
5;0.6033310673011557;0.15635622025832768
6;0.5115567641060503;0.2379333786539769
mean;0.5438477226376613;0.1566394742805348
standard_deviation;0.04227228213500484;0.06924677427962157
