index;step_length;step_width
1;0.4962610469068661;0.1937457511896669
2;0.5659415363698165;0.09517335146159075
3;0.5183548606390211;0.14615907545887152
4;0.5914343983684569;0.2532290958531611
5;0.5098572399728076;0.07138001359619307
6;0.5421481985044188;0.11896668932698845
mean;0.5373328801268978;0.14644232948107863
standard_deviation;0.033092265684389936;0.06145306825189106
