index;step_length;step_width
1;0.5030591434398368;0.1342624065261727
2;0.557443915703603;0.22263766145479266
3;0.6271244051665534;0.07987763426240653
4;0.540448674371176;0.1342624065261727
5;0.5897348742352142;0.2566281441196465
6;0.5472467709041469;0.10876954452753229
mean;0.5608429639700884;0.15607296623612057
standard_deviation;0.039113678093836125;0.06263245404526008
