index;step_length;step_width
1;0.6203263086335826;0.33820530251529574
2;0.5557443915703604;0.14276002719238615
3;0.4775662814411965;0.2549286199864038
4;0.53025152957172;0.10537049626104691
5;0.5812372535690007;0.21074099252209383
6;0.49796057104010877;0.3212100611828688
mean;0.5438477226376616;0.2288692499433492
standard_deviation;0.04842898317054727;0.08578622917890838
