index;step_length;step_width
1;0.4707681849082257;0.15465669612508498
2;0.5183548606390211;0.3025152957171992
3;0.5914343983684569;0.10876954452753229
4;0.6288239292997961;0.18354860639021076
5;0.5897348742352142;0.28891910265125764
6;0.5319510537049627;0.07477906186267845
mean;0.5551778835259461;0.18553138454566054
standard_deviation;0.05315524181164697;0.08513703716655707
