index;step_length;step_width
1;0.6186267845003399;0.16825288919102652
2;0.5778382053025153;0.3161114887831407
3;0.5438477226376615;0.10367097212780423
4;0.5761386811692726;0.20564242012236575
5;0.53025152957172;0.08497620666213461
6;0.601631543167913;0.14276002719238615
mean;0.5747224110582371;0.17023566734647633
standard_deviation;0.03053499380027006;0.07636782690678151
