index;step_length;step_width
1;0.5846363018354861;0.15805574439157036
2;0.5268524813052345;0.2668252889191027
3;0.5659415363698165;0.10876954452753229
4;0.5115567641060503;0.2141400407885792
5;0.5591434398368457;0.07987763426240653
6;0.5251529571719918;0.15805574439157036
mean;0.5455472467709042;0.1642873328801269
standard_deviation;0.02597919666394313;0.06229528118690811
