index;step_length;step_width
1;0.601631543167913;0.15805574439157036
2;0.513256288239293;0.2974167233174711
3;0.5591434398368457;0.10876954452753229
4;0.6322229775662814;0.1954452753229096
5;0.5387491502379333;0.3008157715839565
6;0.4707681849082257;0.09347382732834807
mean;0.552628597326082;0.19232948107863132
standard_deviation;0.05357695732224631;0.08241329199433048
