index;step_length;step_width
1;0.47926580557443915;0.13256288239293
2;0.5064581917063222;0.26342624065261727
3;0.552345343303875;0.11726716519374576
4;0.5982324949014276;0.22773623385452074
5;0.5625424881033311;0.08327668252889191
6;0.5336505778382054;0.1495581237253569
mean;0.5387491502379335;0.1623045547246771
standard_deviation;0.038505881413928016;0.06301813180152127
