index;step_length;step_width
1;0.5336505778382054;0.2532290958531611
2;0.6050305914343984;0.10537049626104691
3;0.5251529571719918;0.18864717878993884
4;0.5693405846363019;0.33480625424881033
5;0.623725356900068;0.11386811692726037
6;0.579537729435758;0.1971447994561523
mean;0.5727396329027873;0.198844323589395
standard_deviation;0.035337571207230224;0.07906593480681547
