index;step_length;step_width
1;0.579537729435758;0.3484024473147519
2;0.5421481985044188;0.16485384092454114
3;0.48266485384092456;0.3297076818490823
4;0.5098572399728076;0.11556764106050306
5;0.5693405846363019;0.22603670972127804
6;0.6220258327668253;0.0866757307953773
mean;0.5509290731928393;0.21187400861092232
standard_deviation;0.04589152259341876;0.09990478182952867
