index;step_length;step_width
1;0.5591434398368457;0.0866757307953773
2;0.5115567641060503;0.1512576478585996
3;0.5710401087695446;0.2362338545207342
4;0.5370496261046908;0.10876954452753229
5;0.6101291638341265;0.18184908225696805
6;0.5234534330387491;0.07307953772943576
mean;0.5520620892816678;0.13964423294810788
standard_deviation;0.03282937334841173;0.05691432590823999
