index;step_length;step_width
1;0.5642420122365738;0.09857239972807615
2;0.601631543167913;0.16315431679129844
3;0.5676410605030592;0.07138001359619307
4;0.6271244051665534;0.10876954452753229
5;0.5540448674371177;0.1750509857239973
6;0.5846363018354861;0.27192386131883073
mean;0.5832200317244505;0.14814185361432133
standard_deviation;0.024908644286658885;0.06604436695291818
