index;step_length;step_width
1;0.6883072739632903;0.20564242012236575
2;0.7477906186267845;0.09687287559483344
3;0.7019034670292318;0.18694765465669613
4;0.800475866757308;0.3178110129163834
mean;0.7346193065941538;0.2018184908225697
standard_deviation;0.04394798204134051;0.07858691293843718
