index;step_length;step_width
1;0.7868796736913665;0.15805574439157036
2;0.6934058463630184;0.3025152957171992
3;0.6492182188987083;0.08837525492861999
4;0.7358939496940857;0.1495581237253569
mean;0.7163494221617948;0.17462610469068662
standard_deviation;0.05096447551792609;0.07857772390476686
