index;step_length;step_width
1;0.5982324949014276;0.31441196464989807
2;0.650917743031951;0.1512576478585996
3;0.712100611828688;0.29061862678450034
4;0.6169272603670972;0.14106050305914344
5;0.7087015635622026;0.24133242692046228
mean;0.6573759347382733;0.22773623385452074
standard_deviation;0.04648625696064925;0.07072961266718156
