index;step_length;step_width
1;0.6135282121006118;0.07307953772943576
2;0.6594153636981646;0.11386811692726037
3;0.6118286879673691;0.2158395649218219
4;0.6747110808973488;0.3467029231815092
5;0.7324949014276003;0.16995241332426922
mean;0.6583956492182189;0.18388851121685929
standard_deviation;0.04458587466928748;0.094768245338332
