index;step_length;step_width
1;0.7970768184908226;0.15635622025832768
2;0.7426920462270564;0.24983004758667574
3;0.6492182188987083;0.09517335146159075
4;0.7222977566281441;0.14445955132562882
mean;0.7278212100611829;0.16145479265805576
standard_deviation;0.05297740042873666;0.05594249011092042
