index;step_length;step_width
1;0.7494901427600272;0.1750509857239973
2;0.6577158395649219;0.28721957851801494
3;0.5982324949014276;0.09687287559483344
4;0.6832087015635623;0.18184908225696805
5;0.6050305914343984;0.33990482664853844
mean;0.6587355540448676;0.2161794697484704
standard_deviation;0.05546388611458212;0.08655501384211849
