index;step_length;step_width
1;0.7885791978246092;0.1274643099932019
2;0.6781101291638342;0.2158395649218219
3;0.7358939496940857;0.09347382732834807
4;0.7766825288919103;0.14106050305914344
mean;0.7448164513936099;0.14445955132562882
standard_deviation;0.04318555699626991;0.044707499789143124
