index;step_length;step_width
1;0.739292997960571;0.09347382732834807
2;0.6713120326308634;0.18354860639021076
3;0.6288239292997961;0.2838205302515296
4;0.7019034670292318;0.0866757307953773
5;0.6254248810333107;0.13256288239293
mean;0.6733514615907547;0.15601631543167915
standard_deviation;0.04346796696351141;0.07261086335846209
