index;step_length;step_width
1;0.7936777702243372;0.1274643099932019
2;0.7358939496940857;0.21753908905506458
3;0.7749830047586675;0.10537049626104691
4;0.6764106050305915;0.20734194425560845
mean;0.7452413324269205;0.16442895989123046
standard_deviation;0.0448767706543538;0.048776268602923153
