index;step_length;step_width
1;0.6152277362338545;0.21753908905506458
2;0.6815091774303196;0.07817811012916384
3;0.6118286879673691;0.1495581237253569
4;0.6696125084976207;0.2685248130523454
5;0.7426920462270564;0.1257647858599592
mean;0.6641740312712441;0.16791298436437802
standard_deviation;0.04823056657968516;0.06745548093218721
