index;step_length;step_width
1;0.6917063222297757;0.11726716519374576
2;0.7290958531611149;0.19884432358939497
3;0.6356220258327668;0.08497620666213461
4;0.7154996600951734;0.14785859959211423
5;0.6118286879673691;0.2855200543847723
mean;0.67675050985724;0.16689326988443237
standard_deviation;0.045544710097082435;0.07018355650809051
