index;step_length;step_width
1;0.6985044187627465;0.08497620666213461
2;0.6033310673011557;0.1291638341264446
3;0.6917063222297757;0.23113528212100612
4;0.6033310673011557;0.110469068660775
5;0.6543167912984365;0.2124405166553365
mean;0.6502379333786539;0.15363698164513936
standard_deviation;0.04114954711195529;0.057689770303767846
