index;step_length;step_width
1;0.6730115567641061;0.33310673011556763
2;0.7171991842284161;0.12236573759347383
3;0.6186267845003399;0.22943575798776344
4;0.690006798096533;0.08497620666213461
5;0.6492182188987083;0.13086335825968728
mean;0.6696125084976208;0.18014955812372535
standard_deviation;0.033785924241438975;0.09016772393858197
