index;step_length;step_width
1;0.6730115567641061;0.2583276682528892
2;0.756288239292998;0.10367097212780423
3;0.8038749150237934;0.18184908225696805
4;0.7494901427600272;0.27192386131883073
mean;0.7456662134602311;0.20394289598912305
standard_deviation;0.046889236359289994;0.06730845121792267
