index;step_length;step_width
1;0.6169272603670972;0.1070700203942896
2;0.6543167912984365;0.20734194425560845
3;0.6203263086335826;0.07307953772943576
4;0.6985044187627465;0.14106050305914344
5;0.6288239292997961;0.2158395649218219
mean;0.6437797416723317;0.14887831407205981
standard_deviation;0.03033353027508241;0.05559912095334423
