index;step_length;step_width
1;0.4741672331747111;0.1274643099932019
2;0.4316791298436438;0.20054384772263767
3;0.4758667573079538;0.33820530251529574
4;0.5455472467709042;0.1274643099932019
5;0.4894629503738953;0.23963290278721958
6;0.5608429639700884;0.11386811692726037
7;0.4928619986403807;0.17845003399048268
mean;0.49577546858308247;0.1893755462756143
standard_deviation;0.04093716145345727;0.07395710170152867
