index;step_length;step_width
1;0.46736913664174035;0.10537049626104691
2;0.5183548606390211;0.20224337185588037
3;0.4877634262406526;0.31271244051665537
4;0.5421481985044188;0.13256288239293
5;0.5098572399728076;0.21074099252209383
6;0.48096532970768185;0.3280081577158396
7;0.446974847042828;0.10367097212780423
mean;0.4933475769641643;0.19932990191317862
standard_deviation;0.02997438454160337;0.08618023516061982
