index;step_length;step_width
1;0.513256288239293;0.16485384092454114
2;0.45037389530931343;0.3229095853161115
3;0.4724677090414684;0.14445955132562882
4;0.5098572399728076;0.23113528212100612
5;0.5642420122365738;0.10027192386131883
6;0.4877634262406526;0.1733514615907546
7;0.5506458191706323;0.331407205982325
mean;0.5069437700301059;0.20976983587452658
standard_deviation;0.03779253317669361;0.08250688767325304
