index;step_length;step_width
1;0.4758667573079538;0.13086335825968728
2;0.5183548606390211;0.2532290958531611
3;0.48266485384092456;0.12406526172671653
4;0.5200543847722637;0.20734194425560845
5;0.46906866077498305;0.08327668252889191
6;0.49796057104010877;0.13086335825968728
7;0.43677770224337187;0.1971447994561523
mean;0.4858211129455182;0.1609692143342721
standard_deviation;0.027183713707445673;0.05500875921615314
