index;step_length;step_width
1;0.4945615227736234;0.08157715839564922
2;0.5421481985044188;0.13086335825968728
3;0.48436437797416726;0.24473147518694766
4;0.44867437117607073;0.07138001359619307
5;0.47926580557443915;0.12236573759347383
6;0.513256288239293;0.1903467029231815
7;0.5744391570360299;0.30931339225016996
mean;0.5052442458968632;0.16436826260075751
standard_deviation;0.03898561971772174;0.08153017672544115
