index;step_length;step_width
1;0.48266485384092456;0.1495581237253569
2;0.5557443915703604;0.07307953772943576
3;0.5064581917063222;0.13086335825968728
4;0.45037389530931343;0.23453433038749152
5;0.5013596193065941;0.10537049626104691
6;0.53025152957172;0.19884432358939497
7;0.5761386811692726;0.33310673011556763
mean;0.5147130232106439;0.17505098572399727
standard_deviation;0.03984110225651358;0.08189016058635817
