index;step_length;step_width
1;0.43847722637661457;0.33990482664853844
2;0.4945615227736234;0.15635622025832768
3;0.53025152957172;0.24473147518694766
4;0.47926580557443915;0.07477906186267845
5;0.5081577158395649;0.13256288239293
6;0.47926580557443915;0.22433718558803536
7;0.5030591434398368;0.3433038749150238
mean;0.49043410702146256;0.21656793240749733
standard_deviation;0.02679274932355893;0.09480349417869566
