index;step_length;step_width
1;0.5149558123725357;0.09857239972807615
2;0.46227056424201224;0.16315431679129844
3;0.424881033310673;0.3212100611828688
4;0.4707681849082257;0.09517335146159075
5;0.513256288239293;0.15295717199184228
6;0.5608429639700884;0.29401767505098575
7;0.5183548606390211;0.09007477906186268
mean;0.49504710109740696;0.17359425075264642
standard_deviation;0.041725844535186636;0.08910726086968326
