index;step_length;step_width
1;0.5472467709041469;0.2566281441196465
2;0.6186267845003399;0.1257647858599592
3;0.5336505778382054;0.23113528212100612
4;0.579537729435758;0.110469068660775
5;0.6152277362338545;0.20564242012236575
6;0.5421481985044188;0.07987763426240653
mean;0.5727396329027872;0.16825288919102652
standard_deviation;0.03432870475310019;0.06597569321475756
