index;step_length;step_width
1;0.5336505778382054;0.10027192386131883
2;0.5982324949014276;0.1716519374575119
3;0.5353501019714481;0.07817811012916384
4;0.4724677090414684;0.12236573759347383
5;0.5115567641060503;0.18524813052345343
6;0.5489462950373896;0.33310673011556763
mean;0.5333673238159983;0.16513709494674825
standard_deviation;0.03794441109671955;0.08392401298589719
