index;step_length;step_width
1;0.6152277362338545;0.3450033990482665
2;0.5251529571719918;0.14785859959211423
3;0.5761386811692726;0.28891910265125764
4;0.5183548606390211;0.11216859279401768
5;0.5846363018354861;0.20564242012236575
6;0.6305234534330387;0.3450033990482665
mean;0.5750056650804442;0.24076591887604804
standard_deviation;0.04181044297553826;0.09169908766328336
