index;step_length;step_width
1;0.5540448674371177;0.11896668932698845
2;0.6101291638341265;0.20904146838885113
3;0.5353501019714481;0.31271244051665537
4;0.5897348742352142;0.14785859959211423
5;0.557443915703603;0.2838205302515296
6;0.6101291638341265;0.13256288239293
mean;0.5761386811692727;0.20082710174484478
standard_deviation;0.028858567022320498;0.07487824229150378
