index;step_length;step_width
1;0.5744391570360299;0.16145479265805576
2;0.5047586675730795;0.28891910265125764
3;0.5625424881033311;0.11556764106050306
4;0.49796057104010877;0.2141400407885792
5;0.5370496261046908;0.07477906186267845
6;0.6135282121006118;0.12406526172671653
mean;0.5483797869929753;0.16315431679129844
standard_deviation;0.04020211873829633;0.07073641849954439
