index;step_length;step_width
1;0.5149558123725357;0.31101291638341266
2;0.540448674371176;0.09517335146159075
3;0.49796057104010877;0.16315431679129844
4;0.5438477226376615;0.07817811012916384
5;0.5948334466349422;0.12236573759347383
6;0.5353501019714481;0.1971447994561523
mean;0.537899388171312;0.16117153863584863
standard_deviation;0.0300316061303064;0.07799573222156715
