index;step_length;step_width
1;0.5353501019714481;0.17845003399048268
2;0.5761386811692726;0.2838205302515296
3;0.49966009517335147;0.07307953772943576
4;0.5557443915703604;0.13086335825968728
5;0.5234534330387491;0.2362338545207342
6;0.5829367777022434;0.07138001359619307
mean;0.5455472467709042;0.1623045547246771
standard_deviation;0.029256177959835386;0.07927722965399862
