index;step_length;step_width
1;0.6169272603670972;0.26172671651937457
2;0.5353501019714481;0.09007477906186268
3;0.6118286879673691;0.16995241332426922
4;0.53025152957172;0.07138001359619307
5;0.49966009517335147;0.110469068660775
6;0.5625424881033311;0.19884432358939497
mean;0.5594266938590527;0.15040788579197825
standard_deviation;0.042943589190975386;0.06658397780599923
