index;step_length;step_width
1;0.5931339225016995;0.11386811692726037
2;0.5557443915703604;0.1903467029231815
3;0.623725356900068;0.3161114887831407
4;0.5438477226376615;0.11216859279401768
5;0.4775662814411965;0.1920462270564242
6;0.5047586675730795;0.30931339225016996
mean;0.5497960571040109;0.20564242012236575
standard_deviation;0.04943005876905255;0.08218858410751025
