index;step_length;step_width
1;0.6084296397008838;0.26342624065261727
2;0.5710401087695446;0.10876954452753229
3;0.540448674371176;0.21074099252209383
4;0.5676410605030592;0.09177430319510538
5;0.5183548606390211;0.1512576478585996
6;0.5863358259687288;0.2685248130523454
mean;0.5653750283254023;0.1824155903013823
standard_deviation;0.029332865320642693;0.06998839485674799
