index;step_length;step_width
1;0.5217539089055064;0.30931339225016996
2;0.5591434398368457;0.08327668252889191
3;0.5999320190346703;0.14276002719238615
4;0.5676410605030592;0.27192386131883073
5;0.6288239292997961;0.07647858599592114
6;0.5370496261046908;0.15295717199184228
mean;0.5690573306140948;0.17278495354634038
standard_deviation;0.03625762128665228;0.08855301777697022
