index;step_length;step_width
1;0.5200543847722637;0.10537049626104691
2;0.557443915703603;0.1920462270564242
3;0.6067301155676411;0.07987763426240653
4;0.5234534330387491;0.12406526172671653
5;0.5710401087695446;0.22093813732155
6;0.5353501019714481;0.10876954452753229
mean;0.5523453433038749;0.13851121685927942
standard_deviation;0.030275071869221386;0.0504804443925192
