index;step_length;step_width
1;0.5047586675730795;0.07307953772943576
2;0.5676410605030592;0.1342624065261727
3;0.5098572399728076;0.20394289598912305
4;0.5472467709041469;0.3161114887831407
5;0.6203263086335826;0.13086335825968728
6;0.5778382053025153;0.2379333786539769
mean;0.5546113754815318;0.1826988443235894
standard_deviation;0.039937812671684954;0.07994841640678937
