index;step_length;step_width
1;0.5591434398368457;0.15975526852481306
2;0.5217539089055064;0.3025152957171992
3;0.4775662814411965;0.1495581237253569
4;0.5098572399728076;0.28891910265125764
5;0.5608429639700884;0.0866757307953773
6;0.6186267845003399;0.16995241332426922
mean;0.5412984364377974;0.19289598912304554
standard_deviation;0.04493037407844789;0.07748382583746541
