index;step_length;step_width
1;0.5149558123725357;0.30931339225016996
2;0.5591434398368457;0.07987763426240653
3;0.6322229775662814;0.15975526852481306
4;0.5710401087695446;0.3025152957171992
5;0.6118286879673691;0.08497620666213461
6;0.5438477226376615;0.15805574439157036
mean;0.5721731248583729;0.1824155903013823
standard_deviation;0.03963532551486924;0.09277423274524613
