index;step_length;step_width
1;0.43337865397688646;0.22943575798776344
2;0.4078857919782461;0.10876954452753229
3;0.4588715159755269;0.17675050985723997
4;0.43677770224337187;0.08157715839564922
5;0.4928619986403807;0.15975526852481306
6;0.4418762746431;0.07647858599592114
7;0.46736913664174035;0.1257647858599592
8;0.4078857919782461;0.2379333786539769
mean;0.4433633582596873;0.14955812372535693
standard_deviation;0.027224730880157148;0.05833726442669919
