index;step_length;step_width
1;0.4299796057104011;0.07477906186267845
2;0.4928619986403807;0.13086335825968728
3;0.4435757987763426;0.19884432358939497
4;0.3891910265125765;0.33480625424881033
5;0.4282800815771584;0.13596193065941536
6;0.4571719918422842;0.2532290958531611
7;0.491162474507138;0.11726716519374576
8;0.4452753229095853;0.22943575798776344
mean;0.44718728755948334;0.18439836845683208
standard_deviation;0.03192479860385004;0.08010331599785499
