index;step_length;step_width
1;0.4571719918422842;0.12406526172671653
2;0.48436437797416726;0.1903467029231815
3;0.4265805574439157;0.33990482664853844
4;0.46057104010876954;0.09177430319510538
5;0.43337865397688646;0.15805574439157036
6;0.4758667573079538;0.07477906186267845
7;0.4452753229095853;0.11386811692726037
8;0.4129843643779742;0.21753908905506458
mean;0.4495241332426921;0.16379163834126448
standard_deviation;0.02299073633322346;0.0804852422889931
