index;step_length;step_width
1;0.3942895989123046;0.23283480625424882
2;0.4537729435757988;0.07307953772943576
3;0.48266485384092456;0.11726716519374576
4;0.4299796057104011;0.1954452753229096
5;0.4945615227736234;0.0866757307953773
6;0.4316791298436438;0.1495581237253569
7;0.4554724677090415;0.24473147518694766
8;0.41638341264445955;0.10027192386131883
mean;0.44485044187627465;0.14998300475866758
standard_deviation;0.031334796171808794;0.06262204496871525
