index;step_length;step_width
1;0.45037389530931343;0.11896668932698845
2;0.5183548606390211;0.22263766145479266
3;0.4571719918422842;0.10876954452753229
4;0.39938817131203264;0.16655336505778381
5;0.4282800815771584;0.2532290958531611
6;0.46057104010876954;0.09347382732834807
7;0.40278721957851804;0.18184908225696805
8;0.4537729435757988;0.31101291638341266
mean;0.446337525492862;0.1820615227736234
standard_deviation;0.03536416825035287;0.07139739872372194
