index;step_length;step_width
1;0.3857919782460911;0.3263086335825969
2;0.4078857919782461;0.1512576478585996
3;0.43847722637661457;0.27532290958531613
4;0.48266485384092456;0.11556764106050306
5;0.4452753229095853;0.22603670972127804
6;0.513256288239293;0.08837525492861999
7;0.44867437117607073;0.15975526852481306
8;0.4928619986403807;0.24133242692046228
mean;0.45186097892590077;0.19799456152277362
standard_deviation;0.04020405206167286;0.07710859175408338
