index;step_length;step_width
1;0.43507817811012917;0.1971447994561523
2;0.3959891230455473;0.3195105370496261
3;0.4537729435757988;0.14106050305914344
4;0.4316791298436438;0.2532290958531611
5;0.46227056424201224;0.09517335146159075
6;0.5166553365057784;0.16315431679129844
7;0.45037389530931343;0.3229095853161115
8;0.41638341264445955;0.15465669612508498
mean;0.4452753229095853;0.2058548606390211
standard_deviation;0.03360591423060026;0.0789247255459162
