index;step_length;step_width
1;0.4520734194425561;0.07307953772943576
2;0.5064581917063222;0.14445955132562882
3;0.4418762746431;0.2685248130523454
4;0.46906866077498305;0.10027192386131883
5;0.42318150917743036;0.1903467029231815
6;0.40108769544527534;0.28721957851801494
7;0.4418762746431;0.1070700203942896
8;0.46736913664174035;0.1750509857239973
mean;0.4503738953093134;0.16825288919102652
standard_deviation;0.029790190589663663;0.07308447803958029
