index;step_length;step_width
1;0.43337865397688646;0.2566281441196465
2;0.4877634262406526;0.11726716519374576
3;0.43677770224337187;0.22093813732155
4;0.4877634262406526;0.33990482664853844
5;0.43677770224337187;0.13086335825968728
6;0.46397008837525494;0.1971447994561523
7;0.41808293677770225;0.09007477906186268
8;0.4571719918422842;0.16995241332426922
mean;0.45271074099252206;0.19034670292318154
standard_deviation;0.024198644098178356;0.07672368008358744
