index;step_length;step_width
1;0.4316791298436438;0.1716519374575119
2;0.48436437797416726;0.28721957851801494
3;0.4316791298436438;0.07477906186267845
4;0.4928619986403807;0.11386811692726037
5;0.43847722637661457;0.18694765465669613
6;0.4775662814411965;0.33820530251529574
7;0.41638341264445955;0.1070700203942896
8;0.3823929299796057;0.1716519374575119
mean;0.44442556084296403;0.18142420122365738
standard_deviation;0.035415815744688495;0.08474965551310701
