index;step_length;step_width
1;0.42148198504418766;0.2974167233174711
2;0.446974847042828;0.07647858599592114
3;0.42148198504418766;0.11896668932698845
4;0.47926580557443915;0.1971447994561523
5;0.5047586675730795;0.3212100611828688
6;0.46566961250849764;0.11726716519374576
7;0.41638341264445955;0.21753908905506458
8;0.4758667573079538;0.09857239972807615
mean;0.4539853840924541;0.18057443915703603
standard_deviation;0.030430945390890137;0.08691595554368961
