index;step_length;step_width
1;0.4265805574439157;0.1750509857239973
2;0.4520734194425561;0.29231815091774305
3;0.5115567641060503;0.1342624065261727
4;0.446974847042828;0.24473147518694766
5;0.48606390210740996;0.07817811012916384
6;0.46057104010876954;0.13596193065941536
7;0.40448674371176074;0.23963290278721958
8;0.43847722637661457;0.09347382732834807
mean;0.45334806254248816;0.17420122365737595
standard_deviation;0.03138085138118909;0.07245934645381817
