index;step_length;step_width
1;0.49966009517335147;0.09517335146159075
2;0.4520734194425561;0.16145479265805576
3;0.40448674371176074;0.2532290958531611
4;0.4554724677090415;0.09177430319510538
5;0.4299796057104011;0.18354860639021076
6;0.3840924541128484;0.27532290958531613
7;0.4129843643779742;0.09687287559483344
8;0.46736913664174035;0.16145479265805576
mean;0.4382647858599592;0.16485384092454114
standard_deviation;0.035154252045193034;0.06633589075891823
