index;step_length;step_width
1;0.5999320190346703;0.10537049626104691
2;0.6492182188987083;0.17675050985723997
3;0.5965329707681849;0.3212100611828688
4;0.6611148878314073;0.07307953772943576
5;0.7443915703602991;0.1291638341264446
mean;0.650237933378654;0.1611148878314072
standard_deviation;0.0536640724128078;0.0868947260753528
