index;step_length;step_width
1;0.6135282121006118;0.2685248130523454
2;0.6560163154316792;0.07307953772943576
3;0.6203263086335826;0.1274643099932019
4;0.6560163154316792;0.2532290958531611
5;0.7256968048946295;0.12236573759347383
mean;0.6543167912984365;0.16893269884432358
standard_deviation;0.03979935730716916;0.07758918663171799
