index;step_length;step_width
1;0.7443915703602991;0.18014955812372535
2;0.6662134602311353;0.331407205982325
3;0.7138001359619307;0.07647858599592114
4;0.7698844323589396;0.14276002719238615
mean;0.7235723997280762;0.1826988443235894
standard_deviation;0.03861278062877827;0.093539467713354
