index;step_length;step_width
1;0.6356220258327668;0.33650577838205303
2;0.6883072739632903;0.16315431679129844
3;0.6067301155676411;0.28721957851801494
4;0.6781101291638342;0.10876954452753229
5;0.7222977566281441;0.17845003399048268
mean;0.6662134602311353;0.21481985044187626
standard_deviation;0.04061827123396233;0.08400945659245
