index;step_length;step_width
1;0.6781101291638342;0.07647858599592114
2;0.7528891910265126;0.12236573759347383
3;0.8021753908905507;0.20054384772263767
4;0.6832087015635623;0.33650577838205303
mean;0.7290958531611149;0.18397348742352143
standard_deviation;0.05150707838440426;0.098604443735503
