index;step_length;step_width
1;0.7545887151597553;0.3280081577158396
2;0.6645139360978927;0.09347382732834807
3;0.7273963290278722;0.1512576478585996
4;0.6866077498300476;0.23283480625424882
mean;0.708276682528892;0.20139360978925902
standard_deviation;0.03498244512658853;0.08828941995919631
