index;step_length;step_width
1;0.7545887151597553;0.07477906186267845
2;0.7987763426240653;0.12066621346023114
3;0.7579877634262406;0.18524813052345343
4;0.6475186947654656;0.09347382732834807
mean;0.7397178789938816;0.11854180829367778
standard_deviation;0.05599893334740209;0.0418265112326991
