index;step_length;step_width
1;0.6424201223657376;0.1070700203942896
2;0.7171991842284161;0.17675050985723997
3;0.6186267845003399;0.2804214819850442
4;0.6832087015635623;0.12406526172671653
5;0.756288239292998;0.2379333786539769
mean;0.6835486063902108;0.18524813052345343
standard_deviation;0.04965868760774897;0.0659713151203757
