index;step_length;step_width
1;0.667912984364378;0.110469068660775
2;0.5982324949014276;0.21753908905506458
3;0.6305234534330387;0.0866757307953773
4;0.7053025152957172;0.14106050305914344
5;0.6271244051665534;0.21753908905506458
mean;0.645819170632223;0.15465669612508498
standard_deviation;0.037079239002840624;0.05416125038285326
