index;step_length;step_width
1;0.6730115567641061;0.29571719918422845
2;0.7715839564921823;0.13936097892590074
3;0.6730115567641061;0.27702243371855884
4;0.601631543167913;0.13086335825968728
5;0.6696125084976207;0.1971447994561523
mean;0.6777702243371857;0.20802175390890554
standard_deviation;0.05424012034077145;0.06817274105509745
