index;step_length;step_width
1;0.7936777702243372;0.1257647858599592
2;0.6883072739632903;0.23963290278721958
3;0.7817811012916384;0.11216859279401768
4;0.7053025152957172;0.1920462270564242
mean;0.7422671651937458;0.1674031271244052
standard_deviation;0.04605012665358864;0.051500068234200405
