index;step_length;step_width
1;0.6118286879673691;0.27362338545207343
2;0.6713120326308634;0.09007477906186268
3;0.6169272603670972;0.16825288919102652
4;0.6951053704962611;0.2787219578518015
5;0.601631543167913;0.13086335825968728
mean;0.6393609789259008;0.1883072739632903
standard_deviation;0.03691372677155218;0.07590159260086911
