index;step_length;step_width
1;0.7239972807613868;0.07987763426240653
2;0.6781101291638342;0.1291638341264446
3;0.6424201223657376;0.23963290278721958
4;0.6968048946295038;0.11726716519374576
5;0.6067301155676411;0.2124405166553365
mean;0.6696125084976207;0.1556764106050306
standard_deviation;0.041141123171006794;0.06032329177832499
