index;step_length;step_width
1;0.6611148878314073;0.13936097892590074
2;0.6067301155676411;0.23283480625424882
3;0.6798096532970769;0.07307953772943576
4;0.5982324949014276;0.11556764106050306
5;0.6764106050305915;0.17845003399048268
mean;0.6444595513256289;0.1478585995921142
standard_deviation;0.0349523986147798;0.05452268373837603
