index;step_length;step_width
1;0.6815091774303196;0.07987763426240653
2;0.5965329707681849;0.12406526172671653
3;0.6560163154316792;0.2158395649218219
4;0.6968048946295038;0.09347382732834807
5;0.761386811692726;0.16145479265805576
mean;0.6784500339904828;0.13494221617946975
standard_deviation;0.05373722236706369;0.04922873416786315
