index;step_length;step_width
1;0.645819170632223;0.3042148198504419
2;0.557443915703603;0.13256288239293
3;0.6356220258327668;0.2124405166553365
4;0.6866077498300476;0.07647858599592114
5;0.5999320190346703;0.14276002719238615
mean;0.6250849762066621;0.17369136641740313
standard_deviation;0.04366685751937928;0.0782770632585667
