index;step_length;step_width
1;0.5591434398368457;0.13596193065941536
2;0.5115567641060503;0.27192386131883073
3;0.5455472467709042;0.08157715839564922
4;0.5846363018354861;0.15805574439157036
5;0.6203263086335826;0.2821210061182869
6;0.5336505778382054;0.07987763426240653
mean;0.5591434398368457;0.16825288919102652
standard_deviation;0.03533757120723021;0.08183639601062476
