index;step_length;step_width
1;0.6373215499660095;0.33310673011556763
2;0.6781101291638342;0.14106050305914344
3;0.6220258327668253;0.2685248130523454
4;0.53025152957172;0.09687287559483344
5;0.5608429639700884;0.1512576478585996
mean;0.6057104010876955;0.19816451393609794
standard_deviation;0.05331848998940057;0.08818286856352515
