index;step_length;step_width
1;0.5727396329027873;0.07647858599592114
2;0.6543167912984365;0.11556764106050306
3;0.6169272603670972;0.1920462270564242
4;0.6849082256968049;0.3195105370496261
5;0.5863358259687288;0.14445955132562882
mean;0.6230455472467709;0.1696125084976207
standard_deviation;0.041762671797165626;0.08390487132878245
