index;step_length;step_width
1;0.5931339225016995;0.18524813052345343
2;0.5472467709041469;0.31101291638341266
3;0.5880353501019715;0.1512576478585996
4;0.5166553365057784;0.28891910265125764
5;0.5693405846363019;0.10027192386131883
6;0.6390210740992522;0.15975526852481306
mean;0.5755721731248584;0.19941083163380924
standard_deviation;0.038301139233821356;0.07570463859768323
