index;step_length;step_width
1;0.53025152957172;0.2549286199864038
2;0.601631543167913;0.07138001359619307
3;0.5353501019714481;0.13936097892590074
4;0.6118286879673691;0.2787219578518015
5;0.5489462950373896;0.09007477906186268
6;0.5166553365057784;0.1716519374575119
mean;0.557443915703603;0.16768638114661227
standard_deviation;0.036225520686037065;0.0775205766111716
