index;step_length;step_width
1;0.690006798096533;0.3025152957171992
2;0.5948334466349422;0.11896668932698845
3;0.5557443915703604;0.20224337185588037
4;0.6101291638341265;0.31101291638341266
5;0.6492182188987083;0.08497620666213461
mean;0.619986403806934;0.20394289598912305
standard_deviation;0.046074346876786514;0.09225770916923387
