index;step_length;step_width
1;0.5761386811692726;0.27362338545207343
2;0.5268524813052345;0.13256288239293
3;0.557443915703603;0.23283480625424882
4;0.5863358259687288;0.09347382732834807
5;0.5506458191706323;0.13936097892590074
6;0.5200543847722637;0.27192386131883073
mean;0.5529118513482891;0.19062995694538865
standard_deviation;0.023947950813333625;0.07155122191498299
