index;step_length;step_width
1;0.6322229775662814;0.3467029231815092
2;0.6730115567641061;0.1495581237253569
3;0.6339225016995241;0.2668252889191027
4;0.6662134602311353;0.11386811692726037
5;0.7205982324949014;0.20054384772263767
mean;0.6651937457511897;0.21549966009517335
standard_deviation;0.03223903657751019;0.08336611965049075
