index;step_length;step_width
1;0.6815091774303196;0.13256288239293
2;0.6339225016995241;0.24303195105370498
3;0.6849082256968049;0.07647858599592114
4;0.6186267845003399;0.14276002719238615
5;0.6883072739632903;0.27362338545207343
mean;0.6614547926580558;0.17369136641740313
standard_deviation;0.029208091174630642;0.07333914333796045
