index;step_length;step_width
1;0.6713120326308634;0.07987763426240653
2;0.7087015635622026;0.1495581237253569
3;0.650917743031951;0.23283480625424882
4;0.6866077498300476;0.09177430319510538
5;0.6220258327668253;0.14785859959211423
mean;0.6679129843643778;0.14038069340584639
standard_deviation;0.02972953039520037;0.05424225036964935
