index;step_length;step_width
1;0.7002039428959892;0.08157715839564922
2;0.5999320190346703;0.13086335825968728
3;0.6475186947654656;0.22263766145479266
4;0.5965329707681849;0.07138001359619307
5;0.6373215499660095;0.13256288239293
mean;0.636301835486064;0.12780421481985044
standard_deviation;0.037721779467043075;0.05356494582409856
