index;step_length;step_width
1;0.6407205982324949;0.3484024473147519
2;0.5999320190346703;0.16145479265805576
3;0.6543167912984365;0.31101291638341266
4;0.601631543167913;0.08157715839564922
5;0.6611148878314073;0.15975526852481306
mean;0.6315431679129844;0.21244051665533653
standard_deviation;0.02596659314042731;0.10070021105627563
