index;step_length;step_width
1;0.7273963290278722;0.1716519374575119
2;0.773283480625425;0.2838205302515296
3;0.7273963290278722;0.13596193065941536
4;0.800475866757308;0.21074099252209383
mean;0.7571380013596194;0.20054384772263767
standard_deviation;0.031256924129417954;0.05487384191353822
