index;step_length;step_width
1;0.7579877634262406;0.29061862678450034
2;0.6713120326308634;0.10876954452753229
3;0.5965329707681849;0.18184908225696805
4;0.6356220258327668;0.06968048946295037
5;0.7290958531611149;0.11726716519374576
mean;0.6781101291638342;0.15363698164513936
standard_deviation;0.05913757911842107;0.07738790185522051
