index;step_length;step_width
1;0.8276682528891911;0.29571719918422845
2;0.7698844323589396;0.1070700203942896
3;0.8769544527532291;0.18354860639021076
4;0.7800815771583957;0.08837525492861999
mean;0.8136471787899389;0.1686777702243372
standard_deviation;0.042562392565594846;0.08155391940407913
