index;step_length;step_width
1;0.7800815771583957;0.3501019714479946
2;0.8803535010197145;0.09517335146159075
3;0.8021753908905507;0.15805574439157036
4;0.8667573079537729;0.2583276682528892
mean;0.8323419442556085;0.21541468388851123
standard_deviation;0.04222171761206619;0.09712133599421297
