index;step_length;step_width
1;0.7239972807613868;0.3212100611828688
2;0.7698844323589396;0.1291638341264446
3;0.8361658735554045;0.2141400407885792
4;0.8786539768864718;0.09347382732834807
mean;0.8021753908905507;0.1894969408565602
standard_deviation;0.05949548288312135;0.08777264741893052
