index;step_length;step_width
1;0.7698844323589396;0.10027192386131883
2;0.8344663494221618;0.16995241332426922
3;0.7596872875594833;0.2974167233174711
4;0.6917063222297757;0.13256288239293
mean;0.7639360978925901;0.17505098572399727
standard_deviation;0.05060902079989155;0.07482732822145247
