index;step_length;step_width
1;0.8514615907545887;0.3008157715839565
2;0.773283480625425;0.13256288239293
3;0.7138001359619307;0.20904146838885113
4;0.8089734874235215;0.10197144799456152
mean;0.7868796736913665;0.18609789259007475
standard_deviation;0.05045898313835323;0.07686002769382054
