index;step_length;step_width
1;0.7443915703602991;0.18694765465669613
2;0.800475866757308;0.3195105370496261
3;0.7138001359619307;0.09857239972807615
4;0.7817811012916384;0.1903467029231815
mean;0.760112168592794;0.19884432358939497
standard_deviation;0.033506388752791244;0.07878536360638518
