index;step_length;step_width
1;0.6849082256968049;0.26172671651937457
2;0.7256968048946295;0.110469068660775
3;0.7953772943575799;0.1716519374575119
4;0.7290958531611149;0.29401767505098575
mean;0.7337695445275323;0.2094663494221618
standard_deviation;0.03959152634456295;0.07264720226049308
