index;step_length;step_width
1;0.7222977566281441;0.1750509857239973
2;0.7919782460910946;0.331407205982325
3;0.8956492182188988;0.09687287559483344
4;0.7715839564921823;0.15635622025832768
mean;0.7953772943575799;0.18992182188987083
standard_deviation;0.06319168063418834;0.08663719134927814
