index;step_length;step_width
1;0.7749830047586675;0.22603670972127804
2;0.8531611148878314;0.10367097212780423
3;0.8956492182188988;0.1733514615907546
4;0.8310673011556764;0.08327668252889191
mean;0.8387151597552686;0.14658395649218217
standard_deviation;0.043504166336404526;0.05674190358237495
