index;step_length;step_width
1;0.7324949014276003;0.2549286199864038
2;0.7800815771583957;0.06968048946295037
3;0.8480625424881033;0.10876954452753229
4;0.761386811692726;0.18184908225696805
mean;0.7805064581917063;0.15380693405846363
standard_deviation;0.04252844787466768;0.07091823209961362
