index;step_length;step_width
1;0.8395649218218899;0.15635622025832768
2;0.773283480625425;0.29061862678450034
3;0.7290958531611149;0.09687287559483344
4;0.690006798096533;0.15465669612508498
mean;0.7579877634262406;0.17462610469068662
standard_deviation;0.05555390594385165;0.0711203131533948
