index;step_length;step_width
1;0.8276682528891911;0.14785859959211423
2;0.778382053025153;0.27192386131883073
3;0.7154996600951734;0.07647858599592114
4;0.8089734874235215;0.13936097892590074
mean;0.7826308633582597;0.1589055064581917
standard_deviation;0.04256451320995308;0.07083672857364863
