index;step_length;step_width
1;0.8174711080897349;0.16995241332426922
2;0.7426920462270564;0.30761386811692726
3;0.7817811012916384;0.10027192386131883
4;0.7324949014276003;0.18694765465669613
mean;0.7686097892590076;0.19119646498980286
standard_deviation;0.033678355309769405;0.07464858680963651
