index;step_length;step_width
1;0.7239972807613868;0.27532290958531613
2;0.7919782460910946;0.08327668252889191
3;0.7138001359619307;0.15465669612508498
4;0.800475866757308;0.07138001359619307
mean;0.7575628823929299;0.14615907545887152
standard_deviation;0.03894794305738651;0.08108885409982866
