index;step_length;step_width
1;0.756288239292998;0.07307953772943576
2;0.6832087015635623;0.13766145479265807
3;0.7188987083616588;0.22603670972127804
4;0.7800815771583957;0.09517335146159075
mean;0.7346193065941538;0.13298776342624066
standard_deviation;0.036832554240652314;0.05852109674292009
