index;step_length;step_width
1;0.4588715159755269;0.15805574439157036
2;0.5013596193065941;0.07307953772943576
3;0.4418762746431;0.11216859279401768
4;0.41808293677770225;0.18694765465669613
5;0.46906866077498305;0.07647858599592114
6;0.4299796057104011;0.11726716519374576
7;0.3942895989123046;0.21074099252209383
8;0.41808293677770225;0.3212100611828688
mean;0.44145139360978924;0.15699354180829367
standard_deviation;0.03182639722986488;0.07735139792504041
