index;step_length;step_width
1;0.4554724677090415;0.33820530251529574
2;0.40278721957851804;0.09177430319510538
3;0.4452753229095853;0.1716519374575119
4;0.3925900747790619;0.33650577838205303
5;0.42318150917743036;0.16655336505778381
6;0.4571719918422842;0.08157715839564922
7;0.4928619986403807;0.13086335825968728
8;0.4537729435757988;0.2583276682528892
mean;0.44038919102651264;0.19693235893949695
standard_deviation;0.030537539152855054;0.0958516450158774
