index;step_length;step_width
1;0.39938817131203264;0.16485384092454114
2;0.4452753229095853;0.3195105370496261
3;0.4928619986403807;0.15465669612508498
4;0.4299796057104011;0.2549286199864038
5;0.48266485384092456;0.09007477906186268
6;0.4554724677090415;0.13766145479265807
7;0.4146838885112169;0.23283480625424882
8;0.4724677090414684;0.09517335146159075
mean;0.4490992522093814;0.18121176070700207
standard_deviation;0.030952226047945883;0.07566670762306804
