index;step_length;step_width
1;0.46227056424201224;0.22603670972127804
2;0.3942895989123046;0.3433038749150238
3;0.4265805574439157;0.16485384092454114
4;0.39768864717878993;0.2991162474507138
5;0.4316791298436438;0.14106050305914344
6;0.4758667573079538;0.22263766145479266
7;0.5047586675730795;0.10537049626104691
8;0.4401767505098573;0.17675050985723997
mean;0.4416638341264446;0.20989123045547245
standard_deviation;0.03550172793305265;0.07497675647443615
