index;step_length;step_width
1;0.41808293677770225;0.33990482664853844
2;0.4741672331747111;0.14276002719238615
3;0.4146838885112169;0.2855200543847723
4;0.4520734194425561;0.13936097892590074
5;0.5115567641060503;0.27362338545207343
6;0.47926580557443915;0.09007477906186268
7;0.45037389530931343;0.1750509857239973
8;0.4112848402447315;0.34160435078178114
mean;0.4514360978925901;0.22348742352141404
standard_deviation;0.0335084090964123;0.0919276044187599
