index;step_length;step_width
1;0.4741672331747111;0.11386811692726037
2;0.446974847042828;0.22093813732155
3;0.48606390210740996;0.33820530251529574
4;0.4401767505098573;0.1274643099932019
5;0.4078857919782461;0.2515295717199184
6;0.4418762746431;0.07647858599592114
7;0.3891910265125765;0.14276002719238615
8;0.41808293677770225;0.2668252889191027
mean;0.43805234534330395;0.19225866757307955
standard_deviation;0.030422787457415112;0.08470144865028088
