index;step_length;step_width
1;0.4894629503738953;0.07138001359619307
2;0.43337865397688646;0.14106050305914344
3;0.48096532970768185;0.27192386131883073
4;0.4520734194425561;0.09347382732834807
5;0.3874915023793338;0.18694765465669613
6;0.4316791298436438;0.07138001359619307
7;0.4894629503738953;0.13766145479265807
8;0.4265805574439157;0.2685248130523454
mean;0.44888681169272604;0.155294017675051
standard_deviation;0.03379273609481843;0.07570010113271938
