index;step_length;step_width
1;0.43507817811012917;0.20224337185588037
2;0.4741672331747111;0.07477906186267845
3;0.5081577158395649;0.12066621346023114
4;0.43507817811012917;0.18694765465669613
5;0.4112848402447315;0.3042148198504419
6;0.4452753229095853;0.11556764106050306
7;0.4078857919782461;0.18694765465669613
8;0.45037389530931343;0.3297076818490823
mean;0.44591264445955137;0.1901342624065262
standard_deviation;0.030767225437542997;0.08393067496976195
