index;step_length;step_width
1;0.4299796057104011;0.29571719918422845
2;0.4741672331747111;0.09007477906186268
3;0.4129843643779742;0.14445955132562882
4;0.46566961250849764;0.27702243371855884
5;0.4401767505098573;0.10197144799456152
6;0.48606390210740996;0.16315431679129844
7;0.4146838885112169;0.2668252889191027
8;0.46736913664174035;0.07647858599592114
mean;0.44888681169272604;0.1769629503738953
standard_deviation;0.026307479406927566;0.08419267207210976
