index;step_length;step_width
1;0.48606390210740996;0.11386811692726037
2;0.43337865397688646;0.1750509857239973
3;0.3925900747790619;0.28721957851801494
4;0.4401767505098573;0.11556764106050306
5;0.4129843643779742;0.18694765465669613
6;0.4401767505098573;0.30761386811692726
7;0.4146838885112169;0.11216859279401768
8;0.4571719918422842;0.1954452753229096
mean;0.43465329707681855;0.1867352141400408
standard_deviation;0.027042601361267102;0.07146310787338052
