index;step_length;step_width
1;0.39938817131203264;0.2855200543847723
2;0.42318150917743036;0.1257647858599592
3;0.4554724677090415;0.24473147518694766
4;0.5064581917063222;0.10197144799456152
5;0.4741672331747111;0.16655336505778381
6;0.4401767505098573;0.2787219578518015
7;0.4945615227736234;0.1274643099932019
8;0.4299796057104011;0.1937457511896669
mean;0.45292318150917743;0.19055914343983682
standard_deviation;0.0344546820746317;0.067396565574851
