index;step_length;step_width
1;0.43847722637661457;0.21923861318830729
2;0.48436437797416726;0.3467029231815092
3;0.4401767505098573;0.110469068660775
4;0.4707681849082257;0.1716519374575119
5;0.4078857919782461;0.31271244051665537
6;0.43677770224337187;0.1291638341264446
7;0.40108769544527534;0.23283480625424882
8;0.43507817811012917;0.08497620666213461
mean;0.4393269884432359;0.20096872875594834
standard_deviation;0.026205207248656145;0.08855381056103866
