index;step_length;step_width
1;0.4928619986403807;0.2583276682528892
2;0.46566961250849764;0.11556764106050306
3;0.4316791298436438;0.2141400407885792
4;0.46906866077498305;0.07138001359619307
5;0.4095853161114888;0.11896668932698845
6;0.3874915023793338;0.1954452753229096
7;0.424881033310673;0.3263086335825969
8;0.46227056424201224;0.10367097212780423
mean;0.44293847722637664;0.17547586675730797
standard_deviation;0.032987162545736415;0.08237324532979497
