index;step_length;step_width
1;0.4894629503738953;0.07307953772943576
2;0.43847722637661457;0.13766145479265807
3;0.3959891230455473;0.23453433038749152
4;0.4435757987763426;0.08837525492861999
5;0.3857919782460911;0.16995241332426922
6;0.41638341264445955;0.30931339225016996
7;0.4571719918422842;0.12406526172671653
8;0.4146838885112169;0.23453433038749152
mean;0.4301920462270564;0.17143949694085658
standard_deviation;0.03174333373762887;0.07659386611488005
