index;step_length;step_width
1;0.5693405846363019;0.33310673011556763
2;0.5047586675730795;0.06968048946295037
3;0.5659415363698165;0.13256288239293
4;0.5166553365057784;0.22773623385452074
5;0.46397008837525494;0.3450033990482665
6;0.4316791298436438;0.10027192386131883
7;0.4554724677090415;0.15635622025832768
mean;0.5011168301447023;0.194959696999126
standard_deviation;0.049851656862039816;0.10192172189892025
