index;step_length;step_width
1;0.48606390210740996;0.110469068660775
2;0.4316791298436438;0.20904146838885113
3;0.4554724677090415;0.3280081577158396
4;0.48096532970768185;0.10876954452753229
5;0.5387491502379333;0.1937457511896669
6;0.48266485384092456;0.31271244051665537
7;0.5149558123725357;0.1495581237253569
mean;0.48436437797416726;0.20175779353209672
standard_deviation;0.032779234401743546;0.0828704532520582
