index;step_length;step_width
1;0.4775662814411965;0.14106050305914344
2;0.53025152957172;0.24983004758667574
3;0.46227056424201224;0.10537049626104691
4;0.4299796057104011;0.1733514615907546
5;0.4894629503738953;0.2974167233174711
6;0.5183548606390211;0.07647858599592114
7;0.4894629503738953;0.1512576478585996
mean;0.48533553462173445;0.17068078080994467
standard_deviation;0.03116414293429163;0.07243503869351356
