index;step_length;step_width
1;0.5047586675730795;0.20734194425560845
2;0.5591434398368457;0.3484024473147519
3;0.5013596193065941;0.15635622025832768
4;0.5642420122365738;0.24643099932019036
5;0.5047586675730795;0.10537049626104691
6;0.4401767505098573;0.1971447994561523
7;0.48606390210740996;0.3229095853161115
mean;0.5086432941633484;0.22627949888316987
standard_deviation;0.03950083412647707;0.08051014541412266
