index;step_length;step_width
1;0.49796057104010877;0.22943575798776344
2;0.5319510537049627;0.09007477906186268
3;0.5608429639700884;0.16485384092454114
4;0.48266485384092456;0.3178110129163834
5;0.5200543847722637;0.07817811012916384
6;0.44867437117607073;0.14445955132562882
mean;0.5070246997507365;0.17080217539089057
standard_deviation;0.03598106618672199;0.08253781136341987
