index;step_length;step_width
1;0.46397008837525494;0.11386811692726037
2;0.5200543847722637;0.1954452753229096
3;0.4571719918422842;0.3161114887831407
4;0.5200543847722637;0.07307953772943576
5;0.48606390210740996;0.14106050305914344
6;0.513256288239293;0.2141400407885792
7;0.4707681849082257;0.3297076818490823
mean;0.49019131785957076;0.19763037777993592
standard_deviation;0.025320011312972096;0.09062379881883538
