index;step_length;step_width
1;0.5081577158395649;0.26512576478586
2;0.4571719918422842;0.1070700203942896
3;0.5030591434398368;0.1716519374575119
4;0.46906866077498305;0.3297076818490823
5;0.540448674371176;0.110469068660775
6;0.4707681849082257;0.18354860639021076
7;0.49796057104010877;0.08837525492861999
mean;0.4923764203165971;0.17942119063804993
standard_deviation;0.026605084066820855;0.0830551879313404
