index;step_length;step_width
1;0.5030591434398368;0.11216859279401768
2;0.5591434398368457;0.2158395649218219
3;0.5217539089055064;0.07307953772943576
4;0.48266485384092456;0.13936097892590074
5;0.5472467709041469;0.24983004758667574
6;0.46906866077498305;0.08327668252889191
7;0.5336505778382054;0.1342624065261727
mean;0.5166553365057783;0.1439739730018452
standard_deviation;0.03084664727432832;0.06118768585238409
