index;step_length;step_width
1;0.5098572399728076;0.12236573759347383
2;0.46057104010876954;0.21923861318830729
3;0.4316791298436438;0.07307953772943576
4;0.4741672331747111;0.1274643099932019
5;0.5047586675730795;0.2379333786539769
6;0.5370496261046908;0.07477906186267845
7;0.5676410605030592;0.12066621346023114
mean;0.49796057104010877;0.13936097892590074
standard_deviation;0.04297573914086724;0.06028606936646765
