index;step_length;step_width
1;0.3874915023793338;0.27532290958531613
2;0.4299796057104011;0.07307953772943576
3;0.4537729435757988;0.12066621346023114
4;0.4962610469068661;0.20394289598912305
5;0.43507817811012917;0.09007477906186268
6;0.48436437797416726;0.16825288919102652
7;0.43507817811012917;0.3025152957171992
8;0.46057104010876954;0.12236573759347383
mean;0.4478246091094494;0.16952753229095854
standard_deviation;0.03194246452959298;0.07928671709298728
