index;step_length;step_width
1;0.43337865397688646;0.17845003399048268
2;0.46227056424201224;0.07307953772943576
3;0.43337865397688646;0.14615907545887152
4;0.4962610469068661;0.2583276682528892
5;0.4435757987763426;0.12406526172671653
6;0.4078857919782461;0.18864717878993884
7;0.4452753229095853;0.3467029231815092
8;0.41638341264445955;0.14106050305914344
mean;0.4423011556764106;0.1820615227736234
standard_deviation;0.025827035886181408;0.0799925294100475
