index;step_length;step_width
1;0.424881033310673;0.1342624065261727
2;0.4520734194425561;0.2158395649218219
3;0.48266485384092456;0.09687287559483344
4;0.41978246091094495;0.1512576478585996
5;0.46566961250849764;0.23963290278721958
6;0.4435757987763426;0.09687287559483344
7;0.5047586675730795;0.15805574439157036
8;0.45037389530931343;0.30931339225016996
mean;0.4554724677090415;0.17526342624065264
standard_deviation;0.02660176043932448;0.06946480054440289
