index;step_length;step_width
1;0.491162474507138;0.07307953772943576
2;0.4571719918422842;0.1257647858599592
3;0.4282800815771584;0.22263766145479266
4;0.4758667573079538;0.07817811012916384
5;0.45037389530931343;0.15465669612508498
6;0.39768864717878993;0.23453433038749152
7;0.41978246091094495;0.09857239972807615
8;0.3959891230455473;0.1937457511896669
mean;0.4395394289598913;0.1476461590754589
standard_deviation;0.032745485036592845;0.05981285288247642
