index;step_length;step_width
1;0.4401767505098573;0.12406526172671653
2;0.4112848402447315;0.22093813732155
3;0.4401767505098573;0.33310673011556763
4;0.4724677090414684;0.09177430319510538
5;0.41808293677770225;0.16655336505778381
6;0.3925900747790619;0.29231815091774305
7;0.45037389530931343;0.12066621346023114
8;0.5081577158395649;0.20734194425560845
mean;0.4416638341264446;0.19459551325628827
standard_deviation;0.03416463606888626;0.0801483760880462
