index;step_length;step_width
1;0.446974847042828;0.15295717199184228
2;0.4962610469068661;0.27702243371855884
3;0.43847722637661457;0.11216859279401768
4;0.3874915023793338;0.1903467029231815
5;0.4095853161114888;0.33650577838205303
6;0.4554724677090415;0.07477906186267845
7;0.424881033310673;0.12236573759347383
8;0.44867437117607073;0.18524813052345343
mean;0.43847722637661457;0.18142420122365738
standard_deviation;0.030461332985953313;0.08196901093544243
