index;step_length;step_width
1;0.3891910265125765;0.33650577838205303
2;0.4299796057104011;0.14785859959211423
3;0.39938817131203264;0.27702243371855884
4;0.4265805574439157;0.07817811012916384
5;0.4758667573079538;0.13256288239293
6;0.5098572399728076;0.26342624065261727
7;0.446974847042828;0.10027192386131883
8;0.47926580557443915;0.19884432358939497
mean;0.4446380013596193;0.19183378653976887
standard_deviation;0.03888473983880684;0.08668171849527674
