index;step_length;step_width
1;0.41978246091094495;0.24643099932019036
2;0.46057104010876954;0.07647858599592114
3;0.48606390210740996;0.14276002719238615
4;0.43337865397688646;0.27362338545207343
5;0.491162474507138;0.11556764106050306
6;0.43847722637661457;0.17675050985723997
7;0.3942895989123046;0.2838205302515296
8;0.43677770224337187;0.07817811012916384
mean;0.44506288239293;0.17420122365737595
standard_deviation;0.030643762132626155;0.07931062040562543
