index;step_length;step_width
1;0.446974847042828;0.06968048946295037
2;0.4129843643779742;0.12236573759347383
3;0.4418762746431;0.1937457511896669
4;0.4877634262406526;0.33480625424881033
5;0.44867437117607073;0.15805574439157036
6;0.4112848402447315;0.3008157715839565
7;0.43847722637661457;0.07647858599592114
8;0.3857919782460911;0.14615907545887152
mean;0.4342284160435078;0.1752634262406526
standard_deviation;0.028804301931812184;0.09110875091038816
