index;step_length;step_width
1;0.41638341264445955;0.23963290278721958
2;0.46397008837525494;0.07987763426240653
3;0.4418762746431;0.1291638341264446
4;0.4724677090414684;0.1971447994561523
5;0.43677770224337187;0.09177430319510538
6;0.46566961250849764;0.15465669612508498
7;0.40278721957851804;0.2804214819850442
8;0.4435757987763426;0.10876954452753229
mean;0.44293847722637664;0.1601801495581237
standard_deviation;0.02287955762644034;0.06791587425946917
