index;step_length;step_width
1;0.4316791298436438;0.22433718558803536
2;0.46397008837525494;0.07307953772943576
3;0.4282800815771584;0.13256288239293
4;0.4588715159755269;0.24303195105370498
5;0.48266485384092456;0.07138001359619307
6;0.4316791298436438;0.11726716519374576
7;0.46397008837525494;0.20734194425560845
8;0.4112848402447315;0.0866757307953773
mean;0.44654996600951735;0.14445955132562885
standard_deviation;0.022590729160534402;0.06586615355226412
