index;step_length;step_width
1;0.4282800815771584;0.15975526852481306
2;0.47926580557443915;0.28721957851801494
3;0.44867437117607073;0.13766145479265807
4;0.5013596193065941;0.23963290278721958
5;0.43507817811012917;0.09687287559483344
6;0.4588715159755269;0.1512576478585996
7;0.4265805574439157;0.07477906186267845
8;0.48606390210740996;0.1495581237253569
mean;0.45802175390890554;0.16209211420802175
standard_deviation;0.026465689161110525;0.06559666431971793
