index;step_length;step_width
1;0.4282800815771584;0.1512576478585996
2;0.39768864717878993;0.24473147518694766
3;0.43507817811012917;0.110469068660775
4;0.4962610469068661;0.1954452753229096
5;0.4707681849082257;0.07138001359619307
6;0.4435757987763426;0.1342624065261727
7;0.41808293677770225;0.20564242012236575
8;0.45037389530931343;0.331407205982325
mean;0.44251359619306596;0.18057443915703603
standard_deviation;0.02875333539828743;0.07710273862085289
