index;step_length;step_width
1;0.42148198504418766;0.09007477906186268
2;0.4775662814411965;0.15975526852481306
3;0.446974847042828;0.26512576478586
4;0.5047586675730795;0.09687287559483344
5;0.4316791298436438;0.17675050985723997
6;0.39938817131203264;0.29061862678450034
7;0.44867437117607073;0.1257647858599592
8;0.4095853161114888;0.21074099252209383
mean;0.44251359619306596;0.1769629503738953
standard_deviation;0.03291045766667116;0.06956348417453785
