index;step_length;step_width
1;0.43507817811012917;0.10027192386131883
2;0.4758667573079538;0.16995241332426922
3;0.41638341264445955;0.27192386131883073
4;0.4435757987763426;0.12236573759347383
5;0.39938817131203264;0.21753908905506458
6;0.4282800815771584;0.08837525492861999
7;0.4707681849082257;0.14106050305914344
8;0.4962610469068661;0.22943575798776344
mean;0.445700203942896;0.1676155676410605
standard_deviation;0.030659222235347488;0.062014803669341284
