index;step_length;step_width
1;0.6917063222297757;0.14276002719238615
2;0.7851801495581238;0.2787219578518015
3;0.8633582596872876;0.0866757307953773
4;0.7817811012916384;0.13936097892590074
mean;0.7805064581917063;0.1618796736913664
standard_deviation;0.06077284192783259;0.0710288759785716
