index;step_length;step_width
1;0.7681849082256968;0.22603670972127804
2;0.7138001359619307;0.09517335146159075
3;0.7919782460910946;0.14445955132562882
4;0.690006798096533;0.26002719238613187
mean;0.7409925220938138;0.18142420122365738
standard_deviation;0.04085933133980732;0.06514272898969756
