index;step_length;step_width
1;0.7409925220938137;0.270224337185588
2;0.6917063222297757;0.08157715839564922
3;0.7800815771583957;0.13766145479265807
4;0.822569680489463;0.26172671651937457
mean;0.7588375254928621;0.18779741672331746
standard_deviation;0.048317025750610136;0.08070950461862882
