index;step_length;step_width
1;0.756288239292998;0.28891910265125764
2;0.6985044187627465;0.09517335146159075
3;0.7545887151597553;0.16485384092454114
4;0.7987763426240653;0.31101291638341266
mean;0.7520394289598913;0.21498980285520056
standard_deviation;0.03561912290131658;0.08881944663650099
