index;step_length;step_width
1;0.8140720598232495;0.07138001359619307
2;0.7070020394289599;0.13766145479265807
3;0.8021753908905507;0.2515295717199184
4;0.7053025152957172;0.09857239972807615
mean;0.7571380013596193;0.13978585995921142
standard_deviation;0.0511624514734547;0.06868238372435083
