index;step_length;step_width
1;0.6917063222297757;0.33650577838205303
2;0.7511896668932699;0.11216859279401768
3;0.7970768184908226;0.1733514615907546
4;0.9092454112848403;0.07477906186267845
mean;0.7873045547246771;0.17420122365737595
standard_deviation;0.07970002637541244;0.10009533471609235
