index;step_length;step_width
1;0.7715839564921823;0.33480625424881033
2;0.7070020394289599;0.15635622025832768
3;0.8021753908905507;0.29571719918422845
4;0.7053025152957172;0.14445955132562882
mean;0.7465159755268526;0.23283480625424882
standard_deviation;0.04179196884114975;0.08368322912379457
