index;step_length;step_width
1;0.7987763426240653;0.0866757307953773
2;0.7070020394289599;0.14276002719238615
3;0.8038749150237934;0.2515295717199184
4;0.8820530251529572;0.10876954452753229
mean;0.7979265805574438;0.14743371855880355
standard_deviation;0.06200934534044201;0.06333293271851145
