index;step_length;step_width
1;0.8684568320870156;0.1257647858599592
2;0.8140720598232495;0.1954452753229096
3;0.7239972807613868;0.09687287559483344
4;0.6815091774303196;0.16485384092454114
mean;0.7720088375254929;0.14573419442556085
standard_deviation;0.07342824454061408;0.03749319339082309
