index;step_length;step_width
1;0.910944935418083;0.11216859279401768
2;0.7987763426240653;0.22093813732155
3;0.6849082256968049;0.09007477906186268
4;0.7426920462270564;0.1716519374575119
mean;0.7843303874915023;0.14870836165873558
standard_deviation;0.08345424957054294;0.05127523739478447
