index;step_length;step_width
1;0.6815091774303196;0.3229095853161115
2;0.778382053025153;0.13256288239293
3;0.8837525492862;0.23113528212100612
4;0.7579877634262406;0.07307953772943576
mean;0.7754078857919782;0.18992182188987083
standard_deviation;0.07222852600190614;0.09529751024210799
