index;step_length;step_width
1;0.8599592114208022;0.09007477906186268
2;0.7630863358259687;0.16485384092454114
3;0.7188987083616588;0.30931339225016996
4;0.8174711080897349;0.13256288239293
mean;0.7898538409245411;0.17420122365737595
standard_deviation;0.05345233059537729;0.08239187127583965
