index;step_length;step_width
1;0.7851801495581238;0.1257647858599592
2;0.8820530251529572;0.1903467029231815
3;0.7834806254248811;0.29231815091774305
4;0.8259687287559484;0.10197144799456152
mean;0.8191706322229777;0.1776002719238613
standard_deviation;0.040092202964260554;0.07370430769040122
