index;step_length;step_width
1;0.761386811692726;0.08837525492861999
2;0.7002039428959892;0.13936097892590074
3;0.8021753908905507;0.22263766145479266
4;0.7070020394289599;0.09177430319510538
mean;0.7426920462270564;0.1355370496261047
standard_deviation;0.04173361372470657;0.05417691360370499
