index;step_length;step_width
1;0.7019034670292318;0.12236573759347383
2;0.7647858599592114;0.18694765465669613
3;0.8293677770224338;0.3178110129163834
4;0.9007477906186269;0.13256288239293
mean;0.799201223657376;0.18992182188987086
standard_deviation;0.0739476113659008;0.07781125130375159
