index;step_length;step_width
1;0.42148198504418766;0.2362338545207342
2;0.3908905506458192;0.09007477906186268
3;0.4452753229095853;0.16145479265805576
4;0.48266485384092456;0.2566281441196465
5;0.42148198504418766;0.07987763426240653
6;0.48096532970768185;0.14106050305914344
7;0.446974847042828;0.2124405166553365
8;0.48096532970768185;0.07817811012916384
mean;0.446337525492862;0.15699354180829367
standard_deviation;0.031680715129936865;0.06725982169359017
