index;step_length;step_width
1;0.41808293677770225;0.14615907545887152
2;0.4418762746431;0.2838205302515296
3;0.3874915023793338;0.14106050305914344
4;0.4299796057104011;0.2362338545207342
5;0.46906866077498305;0.09177430319510538
6;0.43677770224337187;0.15805574439157036
7;0.48096532970768185;0.07647858599592114
8;0.44867437117607073;0.14276002719238615
mean;0.43911454792658056;0.15954282800815772
standard_deviation;0.027257865111223467;0.06482987068818631
