index;step_length;step_width
1;0.4724677090414684;0.09177430319510538
2;0.43507817811012917;0.14106050305914344
3;0.3857919782460911;0.2158395649218219
4;0.4435757987763426;0.3467029231815092
5;0.3891910265125765;0.14445955132562882
6;0.4401767505098573;0.2379333786539769
7;0.48096532970768185;0.1070700203942896
8;0.5166553365057784;0.20904146838885113
mean;0.44548776342624063;0.1867352141400408
standard_deviation;0.04172009396196392;0.07809695960741271
