index;step_length;step_width
1;0.424881033310673;0.10027192386131883
2;0.48266485384092456;0.18184908225696805
3;0.41638341264445955;0.2787219578518015
4;0.3908905506458192;0.1274643099932019
5;0.4418762746431;0.2158395649218219
6;0.40278721957851804;0.09517335146159075
7;0.4520734194425561;0.1512576478585996
8;0.5098572399728076;0.26342624065261727
mean;0.4401767505098573;0.17675050985723997
standard_deviation;0.037802475220148235;0.06618877414178842
