index;step_length;step_width
1;0.43337865397688646;0.1512576478585996
2;0.40448674371176074;0.2821210061182869
3;0.4435757987763426;0.10197144799456152
4;0.4112848402447315;0.18524813052345343
5;0.4571719918422842;0.08327668252889191
6;0.5166553365057784;0.14615907545887152
7;0.46736913664174035;0.24983004758667574
8;0.4962610469068661;0.08327668252889191
mean;0.45377294357579884;0.16039259007477907
standard_deviation;0.036589140281459875;0.06984577681620426
