index;step_length;step_width
1;0.4299796057104011;0.3263086335825969
2;0.3908905506458192;0.15465669612508498
3;0.4435757987763426;0.23963290278721958
4;0.40448674371176074;0.09347382732834807
5;0.4588715159755269;0.1750509857239973
6;0.48096532970768185;0.07477906186267845
7;0.42318150917743036;0.1291638341264446
8;0.45037389530931343;0.22433718558803536
mean;0.43529061862678453;0.17717539089055068
standard_deviation;0.027462405061367365;0.0780012611937794
