index;step_length;step_width
1;0.46057104010876954;0.17845003399048268
2;0.48606390210740996;0.08157715839564922
3;0.4554724677090415;0.16315431679129844
4;0.4112848402447315;0.3025152957171992
5;0.3891910265125765;0.10197144799456152
6;0.424881033310673;0.20564242012236575
7;0.48096532970768185;0.33480625424881033
8;0.4452753229095853;0.15805574439157036
mean;0.44421312032630866;0.19077158395649219
standard_deviation;0.031589411937946274;0.08310199459899047
