index;step_length;step_width
1;0.46057104010876954;0.2583276682528892
2;0.5064581917063222;0.09007477906186268
3;0.43847722637661457;0.14106050305914344
4;0.4894629503738953;0.21753908905506458
5;0.42318150917743036;0.33820530251529574
6;0.3959891230455473;0.15635622025832768
7;0.4299796057104011;0.24983004758667574
8;0.40278721957851804;0.09517335146159075
mean;0.4433633582596873;0.19332087015635624
standard_deviation;0.03691761445643297;0.0816910443857401
