index;step_length;step_width
1;0.4299796057104011;0.14785859959211423
2;0.46057104010876954;0.2685248130523454
3;0.491162474507138;0.09007477906186268
4;0.424881033310673;0.14106050305914344
5;0.446974847042828;0.2787219578518015
6;0.42318150917743036;0.10537049626104691
7;0.45037389530931343;0.16315431679129844
8;0.41978246091094495;0.30591434398368456
mean;0.4433633582596873;0.18758497620666215
standard_deviation;0.022713259424793793;0.07863370291301015
