index;step_length;step_width
1;0.5064581917063222;0.22263766145479266
2;0.4554724677090415;0.08497620666213461
3;0.4299796057104011;0.16315431679129844
4;0.46566961250849764;0.3212100611828688
5;0.43677770224337187;0.09007477906186268
6;0.3925900747790619;0.16825288919102652
7;0.41978246091094495;0.2583276682528892
8;0.4707681849082257;0.11896668932698845
mean;0.44718728755948334;0.17845003399048268
standard_deviation;0.03281707499893723;0.07837183752664059
