index;step_length;step_width
1;0.4571719918422842;0.2549286199864038
2;0.41808293677770225;0.10876954452753229
3;0.4758667573079538;0.20564242012236575
4;0.5149558123725357;0.33310673011556763
5;0.43847722637661457;0.07647858599592114
6;0.4112848402447315;0.12236573759347383
7;0.3874915023793338;0.21923861318830729
8;0.41808293677770225;0.0866757307953773
mean;0.4401767505098573;0.17590074779061862
standard_deviation;0.038314752948998984;0.08583438180221917
