index;step_length;step_width
1;0.4282800815771584;0.14276002719238615
2;0.48096532970768185;0.23963290278721958
3;0.4401767505098573;0.09177430319510538
4;0.4877634262406526;0.14276002719238615
5;0.424881033310673;0.26172671651937457
6;0.3942895989123046;0.07307953772943576
7;0.4401767505098573;0.11726716519374576
8;0.4894629503738953;0.17675050985723997
mean;0.44824949014276005;0.15571889870836167
standard_deviation;0.03224340392573788;0.06270378973364613
