index;step_length;step_width
1;0.43337865397688646;0.28891910265125764
2;0.3908905506458192;0.110469068660775
3;0.424881033310673;0.2124405166553365
4;0.46397008837525494;0.09687287559483344
5;0.3942895989123046;0.18014955812372535
6;0.41638341264445955;0.29401767505098575
7;0.4588715159755269;0.13936097892590074
8;0.5149558123725357;0.21923861318830729
mean;0.43720258327668254;0.1926835486063902
standard_deviation;0.0384347110312885;0.07032487061528656
