index;step_length;step_width
1;0.4537729435757988;0.13256288239293
2;0.3874915023793338;0.20904146838885113
3;0.4146838885112169;0.09177430319510538
4;0.4554724677090415;0.14276002719238615
5;0.40278721957851804;0.270224337185588
6;0.4401767505098573;0.10027192386131883
7;0.5013596193065941;0.1512576478585996
8;0.46736913664174035;0.2804214819850442
mean;0.4403891910265126;0.1722892590074779
standard_deviation;0.03486549527685845;0.06818744931005027
