index;step_length;step_width
1;0.43507817811012917;0.15635622025832768
2;0.4775662814411965;0.2515295717199184
3;0.4418762746431;0.1257647858599592
4;0.40278721957851804;0.23453433038749152
5;0.4282800815771584;0.09687287559483344
6;0.4928619986403807;0.1920462270564242
7;0.424881033310673;0.29401767505098575
8;0.4724677090414684;0.07138001359619307
mean;0.446974847042828;0.17781271244051666
standard_deviation;0.028829360050454413;0.07365990076710259
