index;step_length;step_width
1;0.7239972807613868;0.22943575798776344
2;0.66281441196465;0.3501019714479946
3;0.7087015635622026;0.10537049626104691
4;0.623725356900068;0.16145479265805576
5;0.6611148878314073;0.3178110129163834
mean;0.676070700203943;0.23283480625424882
standard_deviation;0.036058759919444815;0.09200690617928281
