index;step_length;step_width
1;0.7800815771583957;0.16655336505778381
2;0.6832087015635623;0.27192386131883073
3;0.7800815771583957;0.13596193065941536
4;0.7239972807613868;0.21074099252209383
mean;0.7418422841604351;0.1962950373895309
standard_deviation;0.04086816674510891;0.05112009259923533
