index;step_length;step_width
1;0.7681849082256968;0.0866757307953773
2;0.6713120326308634;0.14445955132562882
3;0.734194425560843;0.24473147518694766
4;0.7817811012916384;0.11386811692726037
mean;0.7388681169272604;0.14743371855880355
standard_deviation;0.0426809863860474;0.059778511619035316
