index;step_length;step_width
1;0.6305234534330387;0.1257647858599592
2;0.6883072739632903;0.2158395649218219
3;0.5999320190346703;0.10367097212780423
4;0.6747110808973488;0.16995241332426922
5;0.7104010876954453;0.3042148198504419
mean;0.6607749830047587;0.18388851121685929
standard_deviation;0.04007995369947975;0.07142370227533976
