index;step_length;step_width
1;0.6883072739632903;0.331407205982325
2;0.7460910944935418;0.16315431679129844
3;0.6747110808973488;0.24813052345343306
4;0.5999320190346703;0.08327668252889191
5;0.6662134602311353;0.13936097892590074
mean;0.6750509857239972;0.19306594153636983
standard_deviation;0.04678355005869545;0.08718144679632196
