index;step_length;step_width
1;0.5965329707681849;0.09007477906186268
2;0.6645139360978927;0.15295717199184228
3;0.6305234534330387;0.2974167233174711
4;0.6866077498300476;0.14445955132562882
5;0.6169272603670972;0.27362338545207343
mean;0.6390210740992522;0.19170632222977566
standard_deviation;0.03249603916442454;0.07993474678362295
