index;step_length;step_width
1;0.5625424881033311;0.1070700203942896
2;0.5319510537049627;0.19884432358939497
3;0.5880353501019715;0.07647858599592114
4;0.645819170632223;0.12236573759347383
5;0.5540448674371177;0.18864717878993884
6;0.6356220258327668;0.33990482664853844
mean;0.5863358259687287;0.17221844550192614
standard_deviation;0.04190628146137986;0.08659608686450052
