index;step_length;step_width
1;0.6118286879673691;0.07477906186267845
2;0.5336505778382054;0.1342624065261727
3;0.5982324949014276;0.2668252889191027
4;0.5438477226376615;0.1070700203942896
5;0.6152277362338545;0.19884432358939497
6;0.5455472467709042;0.3467029231815092
mean;0.5747224110582371;0.1880806707455246
standard_deviation;0.03430649422550618;0.09466957949544533
