index;step_length;step_width
1;0.5965329707681849;0.2838205302515296
2;0.5285520054384772;0.10876954452753229
3;0.5625424881033311;0.19884432358939497
4;0.5200543847722637;0.09517335146159075
5;0.5608429639700884;0.14445955132562882
6;0.5914343983684569;0.21753908905506458
mean;0.559993201903467;0.17476773170179016
standard_deviation;0.02861987202546967;0.0657155436104701
