index;step_length;step_width
1;0.5608429639700884;0.21753908905506458
2;0.6339225016995241;0.08327668252889191
3;0.667912984364378;0.14106050305914344
4;0.5727396329027873;0.270224337185588
5;0.5319510537049627;0.12066621346023114
6;0.5693405846363019;0.1937457511896669
mean;0.589451620213007;0.17108542941309768
standard_deviation;0.04644415929780237;0.06278790393155409
