index;step_length;step_width
1;0.513256288239293;0.3008157715839565
2;0.552345343303875;0.11216859279401768
3;0.6118286879673691;0.18864717878993884
4;0.5268524813052345;0.07477906186267845
5;0.5693405846363019;0.12066621346023114
6;0.6169272603670972;0.1920462270564242
mean;0.5650917743031951;0.16485384092454114
standard_deviation;0.03915980454340362;0.07374838189580943
