index;step_length;step_width
1;0.6254248810333107;0.26342624065261727
2;0.5353501019714481;0.09347382732834807
3;0.5931339225016995;0.16655336505778381
4;0.5098572399728076;0.2821210061182869
5;0.552345343303875;0.08157715839564922
6;0.5217539089055064;0.14615907545887152
mean;0.5563108996147745;0.17221844550192614
standard_deviation;0.04070193733670079;0.076947142517172
