index;step_length;step_width
1;0.5965329707681849;0.07817811012916384
2;0.5217539089055064;0.13766145479265807
3;0.5659415363698165;0.21074099252209383
4;0.6475186947654656;0.3263086335825969
5;0.6101291638341265;0.14276002719238615
6;0.5421481985044188;0.2158395649218219
mean;0.5806707455245864;0.18524813052345346
standard_deviation;0.04234813412878033;0.07854670297954684
