index;step_length;step_width
1;0.540448674371176;0.31441196464989807
2;0.5744391570360299;0.07647858599592114
3;0.6118286879673691;0.1291638341264446
4;0.5387491502379333;0.1954452753229096
5;0.6101291638341265;0.30931339225016996
6;0.5540448674371177;0.07987763426240653
mean;0.5716066168139587;0.184115114434625
standard_deviation;0.03019014863918929;0.09853169390628569
