index;step_length;step_width
1;0.6594153636981646;0.14785859959211423
2;0.5880353501019715;0.2566281441196465
3;0.5336505778382054;0.08327668252889191
4;0.579537729435758;0.15295717199184228
5;0.5489462950373896;0.23963290278721958
6;0.5166553365057784;0.07477906186267845
mean;0.5710401087695446;0.15918876048039884
standard_deviation;0.046574403827480355;0.06954679426588942
