index;step_length;step_width
1;0.6254248810333107;0.3263086335825969
2;0.5489462950373896;0.08327668252889191
3;0.5761386811692726;0.13086335825968728
4;0.5115567641060503;0.23283480625424882
5;0.5591434398368457;0.09347382732834807
6;0.6271244051665534;0.15635622025832768
mean;0.5747224110582371;0.17051892136868343
standard_deviation;0.04126282977340525;0.08512148620497374
