index;step_length;step_width
1;0.5829367777022434;0.20904146838885113
2;0.6713120326308634;0.3450033990482665
3;0.5880353501019715;0.110469068660775
4;0.6730115567641061;0.18354860639021076
5;0.6050305914343984;0.2838205302515296
mean;0.6240652617267166;0.2263766145479266
standard_deviation;0.03995002518580347;0.0811682477585278
