index;step_length;step_width
1;0.6492182188987083;0.3229095853161115
2;0.5846363018354861;0.1495581237253569
3;0.5438477226376615;0.29571719918422845
4;0.5761386811692726;0.12406526172671653
5;0.513256288239293;0.24133242692046228
6;0.5472467709041469;0.07138001359619307
mean;0.5690573306140947;0.20082710174484478
standard_deviation;0.04270753067840539;0.09203838110163888
