index;step_length;step_width
1;0.5319510537049627;0.18694765465669613
2;0.5846363018354861;0.30931339225016996
3;0.5115567641060503;0.13766145479265807
4;0.5659415363698165;0.270224337185588
5;0.5183548606390211;0.08157715839564922
6;0.5557443915703604;0.15465669612508498
mean;0.5446974847042828;0.1900634489009744
standard_deviation;0.026214390780477798;0.07791545367619541
