index;step_length;step_width
1;0.5880353501019715;0.26172671651937457
2;0.5217539089055064;0.07477906186267845
3;0.5880353501019715;0.14615907545887152
4;0.6373215499660095;0.29231815091774305
5;0.5608429639700884;0.10537049626104691
6;0.6152277362338545;0.20904146838885113
mean;0.5852028098799003;0.18156582823476095
standard_deviation;0.037087893277436924;0.0794874581522707
