index;step_length;step_width
1;0.5166553365057784;0.07987763426240653
2;0.5642420122365738;0.1291638341264446
3;0.5948334466349422;0.24133242692046228
4;0.5183548606390211;0.110469068660775
5;0.552345343303875;0.18864717878993884
6;0.6050305914343984;0.08327668252889191
mean;0.5585769317924315;0.13879447088148653
standard_deviation;0.03395742028245117;0.05837782248778483
