index;step_length;step_width
1;0.7036029911624745;0.13766145479265807
2;0.6424201223657376;0.21923861318830729
3;0.601631543167913;0.1070700203942896
4;0.645819170632223;0.18524813052345343
5;0.712100611828688;0.07987763426240653
mean;0.6611148878314073;0.145819170632223
standard_deviation;0.04129528905095156;0.05071762733812233
