index;step_length;step_width
1;0.6866077498300476;0.1937457511896669
2;0.7409925220938137;0.07138001359619307
3;0.6849082256968049;0.11556764106050306
4;0.6305234534330387;0.20734194425560845
5;0.7053025152957172;0.3263086335825969
mean;0.6896668932698844;0.18286879673691367
standard_deviation;0.03580151561511784;0.08746590673346313
