index;step_length;step_width
1;0.6951053704962611;0.3195105370496261
2;0.5982324949014276;0.14106050305914344
3;0.645819170632223;0.24303195105370498
4;0.7239972807613868;0.1070700203942896
5;0.645819170632223;0.1733514615907546
mean;0.6617946974847043;0.19680489462950373
standard_deviation;0.04365627289735505;0.07603086714518474
