index;step_length;step_width
1;0.7987763426240653;0.31271244051665537
2;0.7324949014276003;0.0866757307953773
3;0.6798096532970769;0.14106050305914344
4;0.7681849082256968;0.2804214819850442
mean;0.7448164513936097;0.20521753908905505
standard_deviation;0.044259064124323635;0.09404662732617146
