index;step_length;step_width
1;0.7885791978246092;0.27532290958531613
2;0.6985044187627465;0.1291638341264446
3;0.6050305914343984;0.24643099932019036
4;0.6696125084976207;0.0866757307953773
mean;0.6904316791298437;0.18439836845683208
standard_deviation;0.06600168216890144;0.07860643606833634
