index;step_length;step_width
1;0.650917743031951;0.1920462270564242
2;0.6152277362338545;0.07987763426240653
3;0.6492182188987083;0.12406526172671653
4;0.5965329707681849;0.24473147518694766
5;0.6560163154316792;0.11386811692726037
mean;0.6335825968728755;0.15091774303195105
standard_deviation;0.02348543123062502;0.059385176836875456
