index;step_length;step_width
1;0.6985044187627465;0.1971447994561523
2;0.6492182188987083;0.30931339225016996
3;0.6866077498300476;0.07987763426240653
4;0.6033310673011557;0.1495581237253569
5;0.6645139360978927;0.2685248130523454
mean;0.6604350781781102;0.20088375254928623
standard_deviation;0.03327944262215993;0.08200375654676402
