index;step_length;step_width
1;0.7494901427600272;0.07477906186267845
2;0.712100611828688;0.11556764106050306
3;0.8038749150237934;0.20904146838885113
4;0.6951053704962611;0.3263086335825969
mean;0.7401427600271924;0.18142420122365738
standard_deviation;0.04172496158120638;0.09677872241806511
