index;step_length;step_width
1;0.7273963290278722;0.13936097892590074
2;0.7919782460910946;0.2549286199864038
3;0.739292997960571;0.09177430319510538
4;0.7953772943575799;0.16485384092454114
mean;0.7635112168592794;0.16272943575798776
standard_deviation;0.03048206808155243;0.05934205566338768
