index;step_length;step_width
1;0.6713120326308634;0.10876954452753229
2;0.5965329707681849;0.1750509857239973
3;0.6730115567641061;0.29061862678450034
4;0.6186267845003399;0.14106050305914344
5;0.6730115567641061;0.21753908905506458
mean;0.6464989802855201;0.18660774983004758
standard_deviation;0.032542226090826465;0.06331177925286326
