index;step_length;step_width
1;0.6696125084976207;0.22943575798776344
2;0.7426920462270564;0.09177430319510538
3;0.6798096532970769;0.16485384092454114
4;0.6135282121006118;0.2821210061182869
5;0.6594153636981646;0.07477906186267845
mean;0.6730115567641061;0.16859279401767507
standard_deviation;0.04156022862215324;0.0791285003658812
