index;step_length;step_width
1;0.6067301155676411;0.23453433038749152
2;0.6866077498300476;0.09857239972807615
3;0.6373215499660095;0.17675050985723997
4;0.7290958531611149;0.3484024473147519
5;0.6883072739632903;0.08157715839564922
mean;0.6696125084976208;0.18796736913664175
standard_deviation;0.04283340313262641;0.09730781224477256
