index;step_length;step_width
1;0.6152277362338545;0.11386811692726037
2;0.6781101291638342;0.1971447994561523
3;0.6441196464989803;0.3229095853161115
4;0.7188987083616588;0.1274643099932019
5;0.6169272603670972;0.20394289598912305
mean;0.654656696125085;0.19306594153636986
standard_deviation;0.03941137468561728;0.07425656406545932
