index;step_length;step_width
1;0.8021753908905507;0.27702243371855884
2;0.7087015635622026;0.08497620666213461
3;0.7494901427600272;0.13766145479265807
4;0.7953772943575799;0.26342624065261727
mean;0.7639360978925901;0.19077158395649219
standard_deviation;0.0377833685850029;0.08174847995676279
