index;step_length;step_width
1;0.6849082256968049;0.270224337185588
2;0.6084296397008838;0.13256288239293
3;0.6407205982324949;0.26172671651937457
4;0.6968048946295038;0.09517335146159075
5;0.6220258327668253;0.17845003399048268
mean;0.6505778382053025;0.18762746430999322
standard_deviation;0.034653626311170437;0.06924888299225085
