index;step_length;step_width
1;0.7426920462270564;0.3212100611828688
2;0.8021753908905507;0.0866757307953773
3;0.7256968048946295;0.16655336505778381
4;0.6424201223657376;0.2855200543847723
mean;0.7282460910944935;0.21498980285520058
standard_deviation;0.057111344661952924;0.09363205815197295
