index;step_length;step_width
1;0.7766825288919103;0.11386811692726037
2;0.6662134602311353;0.22263766145479266
3;0.7290958531611149;0.10027192386131883
4;0.690006798096533;0.1733514615907546
mean;0.7154996600951733;0.1525322909585316
standard_deviation;0.04185455593482241;0.048924087014699406
