index;step_length;step_width
1;0.761386811692726;0.07987763426240653
2;0.8310673011556764;0.14615907545887152
3;0.7290958531611149;0.22943575798776344
4;0.667912984364378;0.09857239972807615
mean;0.7473657375934738;0.13851121685927942
standard_deviation;0.05884103783608323;0.05779006844296161
