index;step_length;step_width
1;0.7715839564921823;0.14276002719238615
2;0.6798096532970769;0.22433718558803536
3;0.7715839564921823;0.10537049626104691
4;0.7104010876954453;0.16995241332426922
mean;0.7333446634942217;0.1606050305914344
standard_deviation;0.03973943899078832;0.04335452419722671
