index;step_length;step_width
1;0.8259687287559484;0.15975526852481306
2;0.7104010876954453;0.2821210061182869
3;0.7477906186267845;0.10537049626104691
4;0.8089734874235215;0.1954452753229096
mean;0.773283480625425;0.1856730115567641
standard_deviation;0.04651234596670297;0.06426106161732738
