index;step_length;step_width
1;0.8123725356900068;0.10537049626104691
2;0.7494901427600272;0.17845003399048268
3;0.8599592114208022;0.33310673011556763
4;0.8191706322229776;0.0866757307953773
mean;0.8102481305234535;0.17590074779061862
standard_deviation;0.039518504447072306;0.09702556335511114
