index;step_length;step_width
1;0.7443915703602991;0.10876954452753229
2;0.8140720598232495;0.17675050985723997
3;0.7256968048946295;0.331407205982325
4;0.7749830047586675;0.13256288239293
mean;0.7647858599592113;0.1873725356900068
standard_deviation;0.033455166018065134;0.08666219186191083
