index;step_length;step_width
1;0.6781101291638342;0.22773623385452074
2;0.7630863358259687;0.110469068660775
3;0.8344663494221618;0.21753908905506458
4;0.7919782460910946;0.10367097212780423
mean;0.7669102651257648;0.16485384092454114
standard_deviation;0.05721082672293601;0.05794604731894058
