index;step_length;step_width
1;0.6985044187627465;0.09687287559483344
2;0.7800815771583957;0.17845003399048268
3;0.8378653976886472;0.31271244051665537
4;0.7511896668932699;0.08497620666213461
mean;0.7669102651257649;0.16825288919102652
standard_deviation;0.050335403353667305;0.09083316564624624
