index;step_length;step_width
1;0.8514615907545887;0.3280081577158396
2;0.7970768184908226;0.1512576478585996
3;0.7138001359619307;0.27362338545207343
4;0.7698844323589396;0.10027192386131883
mean;0.7830557443915703;0.21329027872195788
standard_deviation;0.04961293454120128;0.09140770120153635
