index;step_length;step_width
1;0.7375934738273284;0.2787219578518015
2;0.7800815771583957;0.10876954452753229
3;0.6883072739632903;0.16825288919102652
4;0.7596872875594833;0.29401767505098575
mean;0.7414174031271245;0.2124405166553365
standard_deviation;0.03414679811410275;0.07705238332108535
