index;step_length;step_width
1;0.6951053704962611;0.3229095853161115
2;0.7851801495581238;0.13936097892590074
3;0.6747110808973488;0.23453433038749152
4;0.7171991842284161;0.07817811012916384
mean;0.7180489462950373;0.19374575118966691
standard_deviation;0.041568915053144154;0.09308677048014381
