index;step_length;step_width
1;0.8599592114208022;0.3229095853161115
2;0.756288239292998;0.0866757307953773
3;0.6781101291638342;0.14276002719238615
4;0.7477906186267845;0.2532290958531611
mean;0.7605370496261048;0.20139360978925902
standard_deviation;0.06492204434029251;0.09226475314647899
