index;step_length;step_width
1;0.7715839564921823;0.07307953772943576
2;0.7273963290278722;0.14276002719238615
3;0.8089734874235215;0.24303195105370498
4;0.8480625424881033;0.11216859279401768
mean;0.7890040788579199;0.14276002719238615
standard_deviation;0.04468124580620104;0.06293978309701294
