index;step_length;step_width
1;0.6764106050305915;0.16825288919102652
2;0.7545887151597553;0.31441196464989807
3;0.6543167912984365;0.08837525492861999
4;0.7104010876954453;0.14106050305914344
mean;0.6989292997960571;0.178025152957172
standard_deviation;0.03783827415669127;0.0838157937107259
