index;step_length;step_width
1;0.43847722637661457;0.15635622025832768
2;0.40448674371176074;0.28891910265125764
3;0.4418762746431;0.11556764106050306
4;0.4894629503738953;0.18354860639021076
5;0.42148198504418766;0.3263086335825969
6;0.3925900747790619;0.110469068660775
7;0.45037389530931343;0.1937457511896669
8;0.4724677090414684;0.33990482664853844
mean;0.4389021074099253;0.21435248130523454
standard_deviation;0.030529409702905665;0.08598331443440843
