index;step_length;step_width
1;0.44867437117607073;0.33480625424881033
2;0.42318150917743036;0.13766145479265807
3;0.4537729435757988;0.23453433038749152
4;0.491162474507138;0.08497620666213461
5;0.4435757987763426;0.15295717199184228
6;0.39768864717878993;0.24643099932019036
7;0.4401767505098573;0.07647858599592114
8;0.41808293677770225;0.1342624065261727
mean;0.4395394289598913;0.1752634262406526
standard_deviation;0.026093888008745555;0.08331758895910567
