index;step_length;step_width
1;0.3891910265125765;0.23453433038749152
2;0.4316791298436438;0.1070700203942896
3;0.4707681849082257;0.16825288919102652
4;0.4962610469068661;0.28891910265125764
5;0.4418762746431;0.13596193065941536
6;0.4928619986403807;0.2668252889191027
7;0.4588715159755269;0.110469068660775
8;0.42148198504418766;0.20054384772263767
mean;0.4503738953093134;0.18907205982324948
standard_deviation;0.03427607754945396;0.06554607628855895
