index;step_length;step_width
1;0.4401767505098573;0.11896668932698845
2;0.48436437797416726;0.21074099252209383
3;0.4316791298436438;0.06968048946295037
4;0.46057104010876954;0.1257647858599592
5;0.39938817131203264;0.24303195105370498
6;0.41808293677770225;0.11386811692726037
7;0.4775662814411965;0.2141400407885792
8;0.4299796057104011;0.07138001359619307
mean;0.4427260367097213;0.14594663494221619
standard_deviation;0.027482939545880748;0.063062637274999
