index;step_length;step_width
1;0.4112848402447315;0.22943575798776344
2;0.44867437117607073;0.08157715839564922
3;0.41978246091094495;0.15975526852481306
4;0.4707681849082257;0.27362338545207343
5;0.42148198504418766;0.10367097212780423
6;0.4724677090414684;0.15805574439157036
7;0.4299796057104011;0.07817811012916384
8;0.4775662814411965;0.13936097892590074
mean;0.4440006798096533;0.15295717199184228
standard_deviation;0.025089575784236276;0.06498318930763142
