index;step_length;step_width
1;0.4707681849082257;0.33480625424881033
2;0.5047586675730795;0.11896668932698845
3;0.43847722637661457;0.22433718558803536
4;0.4724677090414684;0.10197144799456152
5;0.4112848402447315;0.1903467029231815
6;0.4520734194425561;0.33820530251529574
7;0.4078857919782461;0.16655336505778381
8;0.43507817811012917;0.3263086335825969
mean;0.4490992522093814;0.2251869476546567
standard_deviation;0.030741544806100828;0.09092057019099425
