index;step_length;step_width
1;0.4401767505098573;0.21074099252209383
2;0.48266485384092456;0.3501019714479946
3;0.4146838885112169;0.11216859279401768
4;0.4435757987763426;0.18184908225696805
5;0.41638341264445955;0.07307953772943576
6;0.46906866077498305;0.13936097892590074
7;0.40448674371176074;0.2124405166553365
8;0.43847722637661457;0.3212100611828688
mean;0.43868966689326994;0.200118966689327
standard_deviation;0.025314317831718253;0.09036191775400436
