index;step_length;step_width
1;0.41808293677770225;0.3433038749150238
2;0.3908905506458192;0.1070700203942896
3;0.4299796057104011;0.1971447994561523
4;0.4520734194425561;0.3263086335825969
5;0.5047586675730795;0.15975526852481306
6;0.46397008837525494;0.3042148198504419
7;0.39768864717878993;0.1342624065261727
8;0.43337865397688646;0.2158395649218219
mean;0.4363528212100612;0.223487423521414
standard_deviation;0.03470266397048396;0.08498045536625276
