index;step_length;step_width
1;0.4707681849082257;0.14276002719238615
2;0.41808293677770225;0.22773623385452074
3;0.4537729435757988;0.3450033990482665
4;0.4112848402447315;0.16655336505778381
5;0.44867437117607073;0.27532290958531613
6;0.4112848402447315;0.11896668932698845
7;0.4571719918422842;0.22093813732155
8;0.4078857919782461;0.09517335146159075
mean;0.43486573759347386;0.19905676410605033
standard_deviation;0.02360194062318803;0.07893844810488614
