index;step_length;step_width
1;0.4928619986403807;0.21923861318830729
2;0.5285520054384772;0.33310673011556763
3;0.4775662814411965;0.09687287559483344
4;0.513256288239293;0.15975526852481306
5;0.47926580557443915;0.07138001359619307
6;0.4418762746431;0.10876954452753229
7;0.5064581917063222;0.20564242012236575
mean;0.49140526366902976;0.17068078080994464
standard_deviation;0.02639822787340145;0.08385615707415847
