index;step_length;step_width
1;0.5353501019714481;0.1971447994561523
2;0.4707681849082257;0.07647858599592114
3;0.5183548606390211;0.11726716519374576
4;0.4452753229095853;0.22263766145479266
5;0.48436437797416726;0.07307953772943576
6;0.4418762746431;0.12236573759347383
7;0.4758667573079538;0.2379333786539769
mean;0.4816936971933573;0.1495581237253569
standard_deviation;0.032282742815567;0.06368114886198231
