index;step_length;step_width
1;0.552345343303875;0.26512576478586
2;0.48606390210740996;0.07477906186267845
3;0.4452753229095853;0.14785859959211423
4;0.46736913664174035;0.29231815091774305
5;0.5166553365057784;0.08837525492861999
6;0.4894629503738953;0.16995241332426922
7;0.5336505778382054;0.26342624065261727
mean;0.4986889385257842;0.1859764980091289
standard_deviation;0.03485187467532632;0.082090746073472
