index;step_length;step_width
1;0.48266485384092456;0.3263086335825969
2;0.4418762746431;0.13596193065941536
3;0.491162474507138;0.26342624065261727
4;0.4282800815771584;0.10027192386131883
5;0.46397008837525494;0.1920462270564242
6;0.4894629503738953;0.3501019714479946
7;0.5540448674371177;0.07817811012916384
mean;0.47878022725065555;0.20661357676993303
standard_deviation;0.03794507995813667;0.1008192043925948
