index;step_length;step_width
1;0.5370496261046908;0.13766145479265807
2;0.4894629503738953;0.22603670972127804
3;0.5200543847722637;0.08497620666213461
4;0.5625424881033311;0.1342624065261727
5;0.49796057104010877;0.20904146838885113
6;0.4520734194425561;0.32460910944935417
7;0.48606390210740996;0.14276002719238615
mean;0.5064581917063223;0.17990676896183352
standard_deviation;0.03380790041679582;0.0738486250590376
