index;step_length;step_width
1;0.4894629503738953;0.2583276682528892
2;0.4265805574439157;0.07138001359619307
3;0.4741672331747111;0.11556764106050306
4;0.43337865397688646;0.18694765465669613
5;0.491162474507138;0.331407205982325
6;0.5166553365057784;0.16145479265805576
7;0.5506458191706323;0.3042148198504419
mean;0.48315043216470815;0.20418568515101487
standard_deviation;0.04060317560525761;0.09002863075526445
