index;step_length;step_width
1;0.48436437797416726;0.24643099932019036
2;0.5353501019714481;0.08837525492861999
3;0.4588715159755269;0.1342624065261727
4;0.49796057104010877;0.2532290958531611
5;0.5506458191706323;0.110469068660775
6;0.4962610469068661;0.1750509857239973
7;0.5455472467709042;0.31441196464989807
mean;0.5098572399728076;0.18888996795183063
standard_deviation;0.03198925724385861;0.07804302677853012
