index;step_length;step_width
1;0.46057104010876954;0.12406526172671653
2;0.5268524813052345;0.24643099932019036
3;0.46736913664174035;0.09347382732834807
4;0.5234534330387491;0.1716519374575119
5;0.4571719918422842;0.331407205982325
6;0.5217539089055064;0.11726716519374576
7;0.46906866077498305;0.22943575798776344
mean;0.4894629503738953;0.1876760221423716
standard_deviation;0.03018407355136456;0.07927279921197444
