index;step_length;step_width
1;0.4537729435757988;0.16825288919102652
2;0.5030591434398368;0.3280081577158396
3;0.5336505778382054;0.12066621346023114
4;0.48436437797416726;0.20224337185588037
5;0.4401767505098573;0.3025152957171992
6;0.46566961250849764;0.07987763426240653
7;0.5285520054384772;0.14106050305914344
mean;0.48703505875497716;0.19180343789453239
standard_deviation;0.03363484366426906;0.08588630140575602
