index;step_length;step_width
1;0.5268524813052345;0.0866757307953773
2;0.49796057104010877;0.16145479265805576
3;0.46736913664174035;0.3042148198504419
4;0.4928619986403807;0.09517335146159075
5;0.46566961250849764;0.18354860639021076
6;0.4945615227736234;0.28891910265125764
7;0.5676410605030592;0.13086335825968728
mean;0.5018451976303778;0.17869282315237447
standard_deviation;0.032951418038892004;0.08102613143096496
