index;step_length;step_width
1;0.5540448674371177;0.09857239972807615
2;0.4962610469068661;0.15975526852481306
3;0.5625424881033311;0.07138001359619307
4;0.49966009517335147;0.12236573759347383
5;0.4452753229095853;0.18694765465669613
6;0.5064581917063222;0.34160435078178114
7;0.4435757987763426;0.1274643099932019
mean;0.5011168301447023;0.15829853355346218
standard_deviation;0.04319054734456785;0.0826246868918751
