index;step_length;step_width
1;0.5149558123725357;0.33480625424881033
2;0.4571719918422842;0.1291638341264446
3;0.4316791298436438;0.20564242012236575
4;0.4758667573079538;0.08837525492861999
5;0.5081577158395649;0.1716519374575119
6;0.5608429639700884;0.2821210061182869
7;0.47926580557443915;0.13766145479265807
mean;0.4897057395357871;0.1927745945420996
standard_deviation;0.039214771505428694;0.08172299057835697
