index;step_length;step_width
1;0.5693405846363019;0.3008157715839565
2;0.5064581917063222;0.14615907545887152
3;0.4588715159755269;0.2668252889191027
4;0.4945615227736234;0.10027192386131883
5;0.5268524813052345;0.16655336505778381
6;0.46566961250849764;0.07477906186267845
7;0.5183548606390211;0.13086335825968728
mean;0.5057298242206469;0.16946683500048557
standard_deviation;0.035005448796190275;0.07794401853603489
