index;step_length;step_width
1;0.48606390210740996;0.07477906186267845
2;0.43677770224337187;0.12406526172671653
3;0.48266485384092456;0.24303195105370498
4;0.5455472467709042;0.11216859279401768
5;0.5047586675730795;0.20224337185588037
6;0.5455472467709042;0.30591434398368456
7;0.48266485384092456;0.10537049626104691
mean;0.49771778187821697;0.16679615421967564
standard_deviation;0.035712296801392436;0.0788059361998358
