index;step_length;step_width
1;0.4962610469068661;0.1274643099932019
2;0.4401767505098573;0.22943575798776344
3;0.4894629503738953;0.07138001359619307
4;0.5387491502379333;0.11726716519374576
5;0.5030591434398368;0.20054384772263767
6;0.5540448674371177;0.34160435078178114
7;0.4707681849082257;0.10367097212780423
mean;0.4989317276876761;0.17019520248616102
standard_deviation;0.03582107048947847;0.0867087084836035
