index;step_length;step_width
1;0.8174711080897349;0.20054384772263767
2;0.7528891910265126;0.08327668252889191
3;0.7902787219578519;0.16315431679129844
4;0.6866077498300476;0.3042148198504419
mean;0.7618116927260368;0.18779741672331748
standard_deviation;0.04910088170184652;0.07944707279831818
