index;step_length;step_width
1;0.8276682528891911;0.13766145479265807
2;0.7477906186267845;0.2532290958531611
3;0.7002039428959892;0.11216859279401768
4;0.7851801495581238;0.1954452753229096
mean;0.7652107409925222;0.1746261046906866
standard_deviation;0.04698154566631226;0.05449585814515637
