index;step_length;step_width
1;0.6798096532970769;0.15635622025832768
2;0.7222977566281441;0.07307953772943576
3;0.778382053025153;0.11386811692726037
4;0.849762066621346;0.20734194425560845
mean;0.7575628823929299;0.13766145479265807
standard_deviation;0.06368540093348984;0.04985431728032845
