index;step_length;step_width
1;0.822569680489463;0.07817811012916384
2;0.7070020394289599;0.11896668932698845
3;0.773283480625425;0.18864717878993884
4;0.6917063222297757;0.07307953772943576
mean;0.7486403806934059;0.11471787899388172
standard_deviation;0.05255488135984444;0.04623986356360568
