index;step_length;step_width
1;0.7834806254248811;0.3433038749150238
2;0.7205982324949014;0.1716519374575119
3;0.7681849082256968;0.31101291638341266
4;0.8803535010197145;0.15295717199184228
mean;0.7881543167912984;0.24473147518694766
standard_deviation;0.05806275649522627;0.08347587824774176
