index;step_length;step_width
1;0.7087015635622026;0.1512576478585996
2;0.8055744391570361;0.28891910265125764
3;0.6934058463630184;0.07138001359619307
4;0.7902787219578519;0.1274643099932019
mean;0.7494901427600272;0.15975526852481306
standard_deviation;0.04903649913750344;0.08001311968955364
