index;step_length;step_width
1;0.7324949014276003;0.07477906186267845
2;0.8293677770224338;0.11726716519374576
3;0.7205982324949014;0.1954452753229096
4;0.8072739632902788;0.3263086335825969
mean;0.7724337185588035;0.17845003399048268
standard_deviation;0.04673691366417407;0.09571052397387039
