index;step_length;step_width
1;0.8123725356900068;0.2583276682528892
2;0.7205982324949014;0.1257647858599592
3;0.822569680489463;0.2158395649218219
4;0.888851121685928;0.33310673011556763
mean;0.8110978925900748;0.23325968728755947
standard_deviation;0.05993533962699907;0.07492738172281045
