index;step_length;step_width
1;0.8378653976886472;0.1342624065261727
2;0.7749830047586675;0.2158395649218219
3;0.7053025152957172;0.07647858599592114
4;0.7885791978246092;0.14445955132562882
mean;0.7766825288919103;0.14276002719238615
standard_deviation;0.04738899895852716;0.049520062149331974
