index;step_length;step_width
1;0.8565601631543168;0.2838205302515296
2;0.761386811692726;0.11896668932698845
3;0.844663494221618;0.21074099252209383
4;0.761386811692726;0.3212100611828688
mean;0.8059993201903468;0.23368456832087015
standard_deviation;0.04481034764328501;0.07723491116512239
