index;step_length;step_width
1;0.7902787219578519;0.13086335825968728
2;0.8310673011556764;0.20054384772263767
3;0.7477906186267845;0.09007477906186268
4;0.7885791978246092;0.1750509857239973
mean;0.7894289598912305;0.14913324269204625
standard_deviation;0.029448884179407626;0.042238816617571055
