index;step_length;step_width
1;0.6866077498300476;0.29571719918422845
2;0.773283480625425;0.11726716519374576
3;0.7239972807613868;0.22433718558803536
4;0.8106730115567642;0.1070700203942896
mean;0.7486403806934059;0.18609789259007478
standard_deviation;0.04719814438136923;0.07820119808044512
