index;step_length;step_width
1;0.7290958531611149;0.10876954452753229
2;0.6849082256968049;0.19884432358939497
3;0.7460910944935418;0.33990482664853844
4;0.8072739632902788;0.13256288239293
mean;0.7418422841604351;0.19502039428959891
standard_deviation;0.04388426693975311;0.08992534549872896
