index;step_length;step_width
1;0.800475866757308;0.13596193065941536
2;0.7053025152957172;0.2515295717199184
3;0.7919782460910946;0.1070700203942896
4;0.8990482664853842;0.1903467029231815
mean;0.7992012236573759;0.17122705642420122
standard_deviation;0.06862979584961833;0.0551674931740024
