index;step_length;step_width
1;0.7460910944935418;0.07987763426240653
2;0.7036029911624745;0.14785859959211423
3;0.7834806254248811;0.2787219578518015
4;0.8599592114208022;0.13596193065941536
mean;0.7732834806254248;0.16060503059143438
standard_deviation;0.05747055886781415;0.07286678753206892
