index;step_length;step_width
1;0.6832087015635623;0.31441196464989807
2;0.6356220258327668;0.14106050305914344
3;0.5540448674371177;0.21923861318830729
4;0.5914343983684569;0.07647858599592114
5;0.6339225016995241;0.1342624065261727
mean;0.6196464989802857;0.17709041468388853
standard_deviation;0.04381477374390759;0.08232716636519971
