index;step_length;step_width
1;0.579537729435758;0.11726716519374576
2;0.5285520054384772;0.20054384772263767
3;0.5608429639700884;0.08837525492861999
4;0.601631543167913;0.1495581237253569
5;0.5591434398368457;0.24983004758667574
6;0.6339225016995241;0.1070700203942896
mean;0.5772716972581011;0.15210740992522093
standard_deviation;0.03361546272183729;0.05657781951637425
