index;step_length;step_width
1;0.5863358259687288;0.17675050985723997
2;0.5472467709041469;0.3195105370496261
3;0.6084296397008838;0.13086335825968728
4;0.5778382053025153;0.22773623385452074
5;0.5115567641060503;0.10367097212780423
6;0.5642420122365738;0.16995241332426922
mean;0.5659415363698165;0.1880806707455246
standard_deviation;0.030748395071633614;0.07035883949906085
