index;step_length;step_width
1;0.5591434398368457;0.11556764106050306
2;0.6390210740992522;0.23113528212100612
3;0.5999320190346703;0.10027192386131883
4;0.6322229775662814;0.1733514615907546
5;0.5438477226376615;0.30591434398368456
6;0.513256288239293;0.10537049626104691
mean;0.5812372535690007;0.17193519147971903
standard_deviation;0.046179962281764686;0.07549928606087265
