index;step_length;step_width
1;0.5540448674371177;0.18354860639021076
2;0.6322229775662814;0.33480625424881033
3;0.5897348742352142;0.14106050305914344
4;0.5591434398368457;0.23113528212100612
5;0.5166553365057784;0.08497620666213461
6;0.5472467709041469;0.16825288919102652
mean;0.5665080444142307;0.19062995694538862
standard_deviation;0.036340508588193106;0.07810058734966142
