index;step_length;step_width
1;0.513256288239293;0.22773623385452074
2;0.5897348742352142;0.1070700203942896
3;0.6560163154316792;0.1920462270564242
4;0.5880353501019715;0.0866757307953773
5;0.552345343303875;0.1342624065261727
6;0.5251529571719918;0.22773623385452074
mean;0.5707568547473375;0.1625878087468842
standard_deviation;0.04770202937337249;0.05627851841622867
