index;step_length;step_width
1;0.6067301155676411;0.23963290278721958
2;0.6832087015635623;0.0866757307953773
3;0.6424201223657376;0.13256288239293
4;0.5982324949014276;0.24813052345343306
5;0.6356220258327668;0.10197144799456152
mean;0.6332426920462271;0.1617946974847043
standard_deviation;0.03005035500380742;0.06868601080279871
