index;step_length;step_width
1;0.6424201223657376;0.3297076818490823
2;0.6050305914343984;0.1495581237253569
3;0.5251529571719918;0.24983004758667574
4;0.5591434398368457;0.11216859279401768
5;0.5217539089055064;0.2124405166553365
6;0.5727396329027873;0.09177430319510538
mean;0.5710401087695446;0.19091321096759573
standard_deviation;0.04268028144536001;0.0826014576557044
