index;step_length;step_width
1;0.5387491502379333;0.09687287559483344
2;0.5863358259687288;0.18524813052345343
3;0.5319510537049627;0.3280081577158396
4;0.5863358259687288;0.11896668932698845
5;0.5268524813052345;0.23113528212100612
6;0.6050305914343984;0.11216859279401768
mean;0.5625424881033312;0.17873328801268976
standard_deviation;0.030857792502597618;0.08142013568890102
