index;step_length;step_width
1;0.557443915703603;0.07138001359619307
2;0.6050305914343984;0.1291638341264446
3;0.5200543847722637;0.22433718558803536
4;0.5540448674371177;0.07138001359619307
5;0.5115567641060503;0.10876954452753229
6;0.5370496261046908;0.18354860639021076
mean;0.547530024926354;0.13142986630410153
standard_deviation;0.03056650838039647;0.056389608602444165
