index;step_length;step_width
1;0.5897348742352142;0.16315431679129844
2;0.53025152957172;0.30931339225016996
3;0.5863358259687288;0.14615907545887152
4;0.5285520054384772;0.27532290958531613
5;0.601631543167913;0.1291638341264446
6;0.552345343303875;0.2379333786539769
mean;0.564808520280988;0.2101744844776796
standard_deviation;0.029168288379460693;0.0679644401699022
