index;step_length;step_width
1;0.5863358259687288;0.15975526852481306
2;0.5455472467709042;0.26172671651937457
3;0.579537729435758;0.12406526172671653
4;0.5489462950373896;0.23113528212100612
5;0.5166553365057784;0.110469068660775
6;0.5778382053025153;0.2141400407885792
mean;0.5591434398368457;0.18354860639021076
standard_deviation;0.024491237617513338;0.05591236375332718
