index;step_length;step_width
1;0.5965329707681849;0.20054384772263767
2;0.5336505778382054;0.09347382732834807
3;0.6084296397008838;0.16145479265805576
4;0.6764106050305915;0.07138001359619307
5;0.6373215499660095;0.11386811692726037
mean;0.6104690686607751;0.128144119646499
standard_deviation;0.04726266306138772;0.04686004421836966
