index;step_length;step_width
1;0.5115567641060503;0.23963290278721958
2;0.5846363018354861;0.07138001359619307
3;0.5166553365057784;0.11386811692726037
4;0.5846363018354861;0.22603670972127804
5;0.6543167912984365;0.11216859279401768
6;0.557443915703603;0.20564242012236575
mean;0.5682075685474733;0.16145479265805576
standard_deviation;0.04819648550907138;0.06460427535264518
