index;step_length;step_width
1;0.5965329707681849;0.3297076818490823
2;0.540448674371176;0.11896668932698845
3;0.5710401087695446;0.1954452753229096
4;0.5149558123725357;0.3008157715839565
5;0.5421481985044188;0.1512576478585996
6;0.5727396329027873;0.22603670972127804
mean;0.5563108996147746;0.22037162927713574
standard_deviation;0.02666803148864677;0.07543071098166867
