index;step_length;step_width
1;0.5557443915703604;0.1274643099932019
2;0.5234534330387491;0.2124405166553365
3;0.5999320190346703;0.0866757307953773
4;0.6747110808973488;0.14445955132562882
5;0.5965329707681849;0.2532290958531611
6;0.5370496261046908;0.12406526172671653
mean;0.5812372535690007;0.15805574439157036
standard_deviation;0.05043512658974616;0.05684309084346672
