index;step_length;step_width
1;0.6288239292997961;0.08157715839564922
2;0.6781101291638342;0.13936097892590074
3;0.6152277362338545;0.2532290958531611
4;0.645819170632223;0.10027192386131883
5;0.5880353501019715;0.19884432358939497
mean;0.6312032630863359;0.15465669612508498
standard_deviation;0.030127151334004548;0.06356311141321422
