index;step_length;step_width
1;0.7511896668932699;0.11556764106050306
2;0.8242692046227057;0.1920462270564242
3;0.7545887151597553;0.3484024473147519
4;0.6594153636981646;0.1733514615907546
mean;0.7473657375934739;0.20734194425560842
standard_deviation;0.05855810223541593;0.08618280009182938
