index;step_length;step_width
1;0.7970768184908226;0.3229095853161115
2;0.7443915703602991;0.14615907545887152
3;0.7036029911624745;0.2549286199864038
4;0.7749830047586675;0.1274643099932019
mean;0.7550135961930659;0.21286539768864718
standard_deviation;0.035085501602990704;0.08003455051670945
