index;step_length;step_width
1;0.6050305914343984;0.23113528212100612
2;0.6424201223657376;0.07307953772943576
3;0.5863358259687288;0.1291638341264446
4;0.6526172671651937;0.22773623385452074
5;0.6883072739632903;0.09517335146159075
mean;0.6349422161794698;0.1512576478585996
standard_deviation;0.03598177973574361;0.06629451317000624
