index;step_length;step_width
1;0.6152277362338545;0.07477906186267845
2;0.5778382053025153;0.11556764106050306
3;0.5421481985044188;0.2141400407885792
4;0.513256288239293;0.10197144799456152
5;0.5676410605030592;0.16655336505778381
6;0.6407205982324949;0.32460910944935417
mean;0.5761386811692727;0.1662701110355767
standard_deviation;0.04258995270612396;0.0841016442915651
