index;step_length;step_width
1;0.5761386811692726;0.33990482664853844
2;0.6254248810333107;0.11216859279401768
3;0.5506458191706323;0.21074099252209383
4;0.5914343983684569;0.3484024473147519
5;0.5591434398368457;0.12066621346023114
6;0.6169272603670972;0.21753908905506458
mean;0.5866190799909359;0.22490369363244964
standard_deviation;0.02770826693339905;0.09336905045132611
