index;step_length;step_width
1;0.5931339225016995;0.3212100611828688
2;0.6662134602311353;0.13936097892590074
3;0.5948334466349422;0.2532290958531611
4;0.6390210740992522;0.10197144799456152
5;0.6849082256968049;0.15975526852481306
mean;0.6356220258327668;0.19510537049626103
standard_deviation;0.03700125944438688;0.08038874906853989
