index;step_length;step_width
1;0.5234534330387491;0.20564242012236575
2;0.5557443915703604;0.3484024473147519
3;0.5234534330387491;0.1342624065261727
4;0.5829367777022434;0.24813052345343306
5;0.6594153636981646;0.07987763426240653
6;0.5829367777022434;0.15465669612508498
mean;0.5713233627917518;0.1951620213007025
standard_deviation;0.04628842211052645;0.08663915924376282
