index;step_length;step_width
1;0.5948334466349422;0.20054384772263767
2;0.513256288239293;0.3467029231815092
3;0.5676410605030592;0.16655336505778381
4;0.5166553365057784;0.3195105370496261
5;0.552345343303875;0.11726716519374576
6;0.513256288239293;0.21753908905506458
mean;0.5429979605710401;0.22801948787672788
standard_deviation;0.03121068605065763;0.0809992599656616
