index;step_length;step_width
1;0.5387491502379333;0.09347382732834807
2;0.6135282121006118;0.1733514615907546
3;0.5625424881033311;0.2685248130523454
4;0.6475186947654656;0.09857239972807615
5;0.5710401087695446;0.15975526852481306
6;0.5336505778382054;0.30761386811692726
mean;0.5778382053025153;0.18354860639021076
standard_deviation;0.04059930402712193;0.08022642029133514
