index;step_length;step_width
1;0.5744391570360299;0.3484024473147519
2;0.6441196464989803;0.08327668252889191
3;0.5761386811692726;0.15975526852481306
4;0.5217539089055064;0.2583276682528892
5;0.5557443915703604;0.10197144799456152
6;0.5863358259687288;0.18524813052345343
mean;0.5764219351914798;0.1894969408565602
standard_deviation;0.03674559133846061;0.09113607377516166
