index;step_length;step_width
1;0.6169272603670972;0.08327668252889191
2;0.6747110808973488;0.1495581237253569
3;0.6254248810333107;0.2532290958531611
4;0.6798096532970769;0.0866757307953773
5;0.6390210740992522;0.1512576478585996
mean;0.6471787899388171;0.14479945615227735
standard_deviation;0.025603656812055047;0.06161941097824424
