index;step_length;step_width
1;0.6305234534330387;0.10876954452753229
2;0.5727396329027873;0.18694765465669613
3;0.5217539089055064;0.3484024473147519
4;0.5880353501019715;0.1291638341264446
5;0.5540448674371177;0.21923861318830729
6;0.5115567641060503;0.33650577838205303
mean;0.5631089961477453;0.22150464536596423
standard_deviation;0.040226060448848244;0.09288313591511335
