index;step_length;step_width
1;0.6101291638341265;0.2379333786539769
2;0.6815091774303196;0.11556764106050306
3;0.6033310673011557;0.1920462270564242
4;0.6373215499660095;0.31271244051665537
5;0.6832087015635623;0.10537049626104691
mean;0.6430999320190348;0.19272603670972127
standard_deviation;0.03401766418272415;0.07749233700385025
