index;step_length;step_width
1;0.5965329707681849;0.3501019714479946
2;0.6730115567641061;0.10197144799456152
3;0.6339225016995241;0.1920462270564242
4;0.6883072739632903;0.08837525492861999
5;0.6152277362338545;0.1495581237253569
mean;0.641400407885792;0.17641060503059144
standard_deviation;0.03450661836359071;0.094260946488075
