index;step_length;step_width
1;0.5625424881033311;0.1937457511896669
2;0.5251529571719918;0.2974167233174711
3;0.5982324949014276;0.1342624065261727
4;0.5472467709041469;0.2141400407885792
5;0.5880353501019715;0.3501019714479946
6;0.5285520054384772;0.08837525492861999
mean;0.5582936777702243;0.21300702469975077
standard_deviation;0.027696681998458275;0.08946702833531536
