index;step_length;step_width
1;0.6288239292997961;0.14445955132562882
2;0.6696125084976207;0.24983004758667574
3;0.5931339225016995;0.09687287559483344
4;0.6781101291638342;0.15805574439157036
5;0.6050305914343984;0.2583276682528892
mean;0.6349422161794698;0.18150917743031952
standard_deviation;0.03389858413069881;0.06269747002131247
