index;step_length;step_width
1;0.5812372535690007;0.16315431679129844
2;0.6169272603670972;0.2668252889191027
3;0.6832087015635623;0.08157715839564922
4;0.6203263086335826;0.14276002719238615
5;0.6713120326308634;0.2685248130523454
mean;0.6346023113528212;0.18456832087015637
standard_deviation;0.03761442776086995;0.07297749503912791
