index;step_length;step_width
1;0.557443915703603;0.12066621346023114
2;0.5285520054384772;0.22433718558803536
3;0.4775662814411965;0.07817811012916384
4;0.5489462950373896;0.12066621346023114
5;0.4741672331747111;0.20224337185588037
6;0.4435757987763426;0.33650577838205303
7;0.47926580557443915;0.1512576478585996
mean;0.5013596193065941;0.17626493153345635
standard_deviation;0.04014619922167816;0.08026008939067451
