index;step_length;step_width
1;0.5030591434398368;0.22433718558803536
2;0.43847722637661457;0.33650577838205303
3;0.46736913664174035;0.07987763426240653
4;0.5319510537049627;0.13596193065941536
5;0.4571719918422842;0.2124405166553365
6;0.5149558123725357;0.3195105370496261
7;0.5659415363698165;0.11726716519374576
mean;0.49698941439254146;0.20370010682723125
standard_deviation;0.04178654697157839;0.09176274107812153
