index;step_length;step_width
1;0.5455472467709042;0.3433038749150238
2;0.4928619986403807;0.16315431679129844
3;0.4282800815771584;0.3195105370496261
4;0.4724677090414684;0.1342624065261727
5;0.43507817811012917;0.24473147518694766
6;0.48436437797416726;0.09347382732834807
7;0.5098572399728076;0.18014955812372535
mean;0.48120811886957365;0.21122657084587743
standard_deviation;0.03800716799762849;0.08730760376544609
