index;step_length;step_width
1;0.5727396329027873;0.22603670972127804
2;0.4962610469068661;0.10367097212780423
3;0.46397008837525494;0.17845003399048268
4;0.43507817811012917;0.31271244051665537
5;0.4707681849082257;0.10876954452753229
6;0.4282800815771584;0.20224337185588037
7;0.48606390210740996;0.3195105370496261
mean;0.47902301641254735;0.20734194425560842
standard_deviation;0.044609824523087725;0.08049769767503095
