index;step_length;step_width
1;0.43847722637661457;0.20224337185588037
2;0.5030591434398368;0.07817811012916384
3;0.46057104010876954;0.14276002719238615
4;0.5200543847722637;0.2787219578518015
5;0.5506458191706323;0.13766145479265807
6;0.4775662814411965;0.27362338545207343
7;0.5183548606390211;0.06968048946295037
mean;0.49553267942119067;0.16898125667670194
standard_deviation;0.035890118465829624;0.07916862796149127
