index;step_length;step_width
1;0.4537729435757988;0.29401767505098575
2;0.49966009517335147;0.09177430319510538
3;0.46397008837525494;0.14276002719238615
4;0.5183548606390211;0.23113528212100612
5;0.4877634262406526;0.10367097212780423
6;0.5557443915703604;0.18354860639021076
7;0.47926580557443915;0.3042148198504419
mean;0.49407594444983977;0.19301738370399146
standard_deviation;0.03210146509777836;0.08006007126551402
