index;step_length;step_width
1;0.5149558123725357;0.07647858599592114
2;0.4401767505098573;0.13766145479265807
3;0.5081577158395649;0.20904146838885113
4;0.4588715159755269;0.07987763426240653
5;0.5268524813052345;0.14785859959211423
6;0.491162474507138;0.27362338545207343
7;0.4418762746431;0.09857239972807615
mean;0.4831504321647082;0.14615907545887152
standard_deviation;0.03327540390213035;0.06738962973198093
