index;step_length;step_width
1;0.48096532970768185;0.29571719918422845
2;0.4418762746431;0.11216859279401768
3;0.5047586675730795;0.17675050985723997
4;0.5625424881033311;0.07138001359619307
5;0.513256288239293;0.11556764106050306
6;0.5608429639700884;0.2124405166553365
7;0.5234534330387491;0.3212100611828688
mean;0.5125279207536175;0.1864620763329125
standard_deviation;0.039648295284408094;0.08835991252344297
