index;step_length;step_width
1;0.5166553365057784;0.1342624065261727
2;0.5540448674371177;0.21753908905506458
3;0.5234534330387491;0.10197144799456152
4;0.46227056424201224;0.16995241332426922
5;0.4265805574439157;0.26002719238613187
6;0.46736913664174035;0.07987763426240653
7;0.5370496261046908;0.14445955132562882
mean;0.4982033602020007;0.15829853355346218
standard_deviation;0.043056588936020705;0.0586585850524596
