index;step_length;step_width
1;0.5489462950373896;0.15465669612508498
2;0.4724677090414684;0.28891910265125764
3;0.5217539089055064;0.11216859279401768
4;0.4928619986403807;0.17675050985723997
5;0.43507817811012917;0.33990482664853844
6;0.4877634262406526;0.1342624065261727
7;0.43337865397688646;0.21753908905506458
mean;0.4846071671360591;0.2034573176653394
standard_deviation;0.03931985281027234;0.0777691243805066
