index;step_length;step_width
1;0.48606390210740996;0.13936097892590074
2;0.5353501019714481;0.2566281441196465
3;0.4945615227736234;0.12236573759347383
4;0.46397008837525494;0.21923861318830729
5;0.491162474507138;0.1070700203942896
6;0.5353501019714481;0.1903467029231815
7;0.4945615227736234;0.3297076818490823
mean;0.5001456734971351;0.19495969699912594
standard_deviation;0.024286198771814496;0.07431252338634706
