index;step_length;step_width
1;0.424881033310673;0.27192386131883073
2;0.4520734194425561;0.07307953772943576
3;0.5013596193065941;0.12406526172671653
4;0.5455472467709042;0.21074099252209383
5;0.5030591434398368;0.07817811012916384
6;0.5608429639700884;0.1495581237253569
7;0.5234534330387491;0.2515295717199184
mean;0.5016024084684859;0.16558220841021656
standard_deviation;0.045133976254393054;0.07455722712597374
