index;step_length;step_width
1;0.5200543847722637;0.14276002719238615
2;0.45037389530931343;0.2532290958531611
3;0.48096532970768185;0.10027192386131883
4;0.5166553365057784;0.18184908225696805
5;0.46397008837525494;0.30591434398368456
6;0.43677770224337187;0.13596193065941536
7;0.491162474507138;0.24643099932019036
mean;0.4799941730601146;0.19520248616101776
standard_deviation;0.029462642360245494;0.06938334858758775
