index;step_length;step_width
1;0.4894629503738953;0.07987763426240653
2;0.5166553365057784;0.12406526172671653
3;0.5591434398368457;0.22433718558803536
4;0.48436437797416726;0.10876954452753229
5;0.4537729435757988;0.20564242012236575
6;0.4894629503738953;0.0866757307953773
7;0.4588715159755269;0.1512576478585996
mean;0.4931047878022725;0.1400893464115762
standard_deviation;0.03324704820554276;0.052421098164246734
