index;step_length;step_width
1;0.491162474507138;0.1512576478585996
2;0.5353501019714481;0.24303195105370498
3;0.46906866077498305;0.08497620666213461
4;0.4928619986403807;0.16485384092454114
5;0.46227056424201224;0.3161114887831407
6;0.4877634262406526;0.0866757307953773
7;0.5591434398368457;0.15975526852481306
mean;0.4996600951733515;0.17238030494318737
standard_deviation;0.03252649944841056;0.07680891371248524
