index;step_length;step_width
1;0.6169272603670972;0.24813052345343306
2;0.5642420122365738;0.11216859279401768
3;0.5285520054384772;0.21923861318830729
4;0.5829367777022434;0.10537049626104691
5;0.49796057104010877;0.17675050985723997
6;0.5676410605030592;0.2685248130523454
mean;0.5597099478812599;0.1883639247677317
standard_deviation;0.038036279926568134;0.06295444107959546
