index;step_length;step_width
1;0.513256288239293;0.09347382732834807
2;0.5863358259687288;0.1733514615907546
3;0.53025152957172;0.3042148198504419
4;0.5965329707681849;0.08327668252889191
5;0.5268524813052345;0.15465669612508498
6;0.5642420122365738;0.27362338545207343
mean;0.5529118513482891;0.18043281214593251
standard_deviation;0.03139395196577704;0.08338884880482125
