index;step_length;step_width
1;0.5030591434398368;0.12406526172671653
2;0.5438477226376615;0.1971447994561523
3;0.6169272603670972;0.3263086335825969
4;0.5727396329027873;0.08837525492861999
5;0.5166553365057784;0.13936097892590074
6;0.4877634262406526;0.22263766145479266
mean;0.540165420348969;0.18298209834579648
standard_deviation;0.04405032646779217;0.07814526218228135
