index;step_length;step_width
1;0.5013596193065941;0.1257647858599592
2;0.5489462950373896;0.24473147518694766
3;0.49796057104010877;0.10367097212780423
4;0.5710401087695446;0.20054384772263767
5;0.6220258327668253;0.3195105370496261
6;0.5625424881033311;0.14106050305914344
mean;0.5506458191706323;0.18921368683435305
standard_deviation;0.042544716418578286;0.07511093432079065
