index;step_length;step_width
1;0.5336505778382054;0.07307953772943576
2;0.4724677090414684;0.1342624065261727
3;0.53025152957172;0.2362338545207342
4;0.5013596193065941;0.10876954452753229
5;0.552345343303875;0.1971447994561523
6;0.46906866077498305;0.33310673011556763
7;0.5268524813052345;0.14785859959211423
mean;0.5122851315917257;0.17577935320967272
standard_deviation;0.029685877587252326;0.08141948209291947
