index;step_length;step_width
1;0.5642420122365738;0.1903467029231815
2;0.4928619986403807;0.31101291638341266
3;0.552345343303875;0.09857239972807615
4;0.5863358259687288;0.18694765465669613
5;0.5166553365057784;0.32460910944935417
6;0.5472467709041469;0.14785859959211423
mean;0.5432812145932472;0.2098912304554725
standard_deviation;0.030664782693687647;0.08219297690902279
