index;step_length;step_width
1;0.5200543847722637;0.07987763426240653
2;0.5659415363698165;0.12066621346023114
3;0.6322229775662814;0.20904146838885113
4;0.5948334466349422;0.3484024473147519
5;0.5455472467709042;0.14276002719238615
6;0.6254248810333107;0.23453433038749152
mean;0.5806707455245865;0.18921368683435305
standard_deviation;0.04079644660636492;0.08812796955644712
