index;step_length;step_width
1;0.5761386811692726;0.33310673011556763
2;0.6152277362338545;0.07477906186267845
3;0.552345343303875;0.12406526172671653
4;0.6220258327668253;0.18694765465669613
5;0.5812372535690007;0.2804214819850442
6;0.5064581917063222;0.1291638341264446
mean;0.5755721731248584;0.18808067074552462
standard_deviation;0.0388997607072352;0.09125704342379959
