index;step_length;step_width
1;0.5812372535690007;0.2141400407885792
2;0.6322229775662814;0.3467029231815092
3;0.5387491502379333;0.0866757307953773
4;0.5693405846363019;0.1716519374575119
5;0.5285520054384772;0.3263086335825969
6;0.557443915703603;0.13766145479265807
mean;0.5679243145252663;0.21385678676637207
standard_deviation;0.03372626555409312;0.0949171506835614
