index;step_length;step_width
1;0.5506458191706323;0.3433038749150238
2;0.5999320190346703;0.14785859959211423
3;0.6305234534330387;0.24133242692046228
4;0.5846363018354861;0.0866757307953773
5;0.5115567641060503;0.14785859959211423
6;0.4724677090414684;0.2532290958531611
mean;0.5582936777702243;0.2033763879447088
standard_deviation;0.05362485671533284;0.08494032024169954
