index;step_length;step_width
1;0.5812372535690007;0.14106050305914344
2;0.5200543847722637;0.2379333786539769
3;0.5625424881033311;0.08327668252889191
4;0.4877634262406526;0.14445955132562882
5;0.552345343303875;0.22773623385452074
6;0.6135282121006118;0.07477906186267845
mean;0.5529118513482892;0.1515409018808067
standard_deviation;0.040607208106633645;0.06322151093500367
