index;step_length;step_width
1;0.5557443915703604;0.1342624065261727
2;0.5914343983684569;0.24303195105370498
3;0.5353501019714481;0.110469068660775
4;0.5897348742352142;0.2124405166553365
5;0.5387491502379333;0.09347382732834807
6;0.4894629503738953;0.1716519374575119
mean;0.550079311126218;0.16088828461364155
standard_deviation;0.034963231643348025;0.05372276761228541
