index;step_length;step_width
1;0.46906866077498305;0.3178110129163834
2;0.5047586675730795;0.15465669612508498
3;0.4758667573079538;0.28721957851801494
4;0.5455472467709042;0.0866757307953773
5;0.4775662814411965;0.16485384092454114
6;0.513256288239293;0.26512576478586
7;0.5489462950373896;0.10197144799456152
mean;0.5050014567349713;0.19690201029426047
standard_deviation;0.030556730547833876;0.08569391277078187
