index;step_length;step_width
1;0.5115567641060503;0.09347382732834807
2;0.5472467709041469;0.16145479265805576
3;0.6152277362338545;0.3161114887831407
4;0.5336505778382054;0.12236573759347383
5;0.5608429639700884;0.20904146838885113
6;0.5948334466349422;0.3178110129163834
mean;0.5605597099478813;0.2033763879447088
standard_deviation;0.03527507806604766;0.08778315892170381
