index;step_length;step_width
1;0.5200543847722637;0.26512576478586
2;0.5727396329027873;0.11216859279401768
3;0.6152277362338545;0.2141400407885792
4;0.5234534330387491;0.09347382732834807
5;0.4928619986403807;0.15295717199184228
6;0.5540448674371177;0.28891910265125764
mean;0.5463970088375255;0.18779741672331748
standard_deviation;0.03995086867557268;0.07385763760986774
