index;step_length;step_width
1;0.7002039428959892;0.09007477906186268
2;0.645819170632223;0.13766145479265807
3;0.7273963290278722;0.24643099932019036
4;0.8327668252889191;0.11896668932698845
mean;0.726546566961251;0.1482834806254249
standard_deviation;0.06799689650174132;0.059147041448586485
