index;step_length;step_width
1;0.7460910944935418;0.09347382732834807
2;0.8259687287559484;0.1750509857239973
3;0.7579877634262406;0.3229095853161115
4;0.844663494221618;0.14276002719238615
mean;0.7936777702243372;0.18354860639021076
standard_deviation;0.04236896962038721;0.08554365262863284
