index;step_length;step_width
1;0.7443915703602991;0.15975526852481306
2;0.7953772943575799;0.26512576478586
3;0.6781101291638342;0.12236573759347383
4;0.7596872875594833;0.2124405166553365
mean;0.7443915703602991;0.18992182188987083
standard_deviation;0.04250509517471038;0.05393646750676249
