index;step_length;step_width
1;0.7324949014276003;0.1495581237253569
2;0.8021753908905507;0.26342624065261727
3;0.7545887151597553;0.1070700203942896
4;0.8378653976886472;0.18524813052345343
mean;0.7817811012916384;0.1763256288239293
standard_deviation;0.041018077451214024;0.05739983938494835
