index;step_length;step_width
1;0.7817811012916384;0.11216859279401768
2;0.7307953772943576;0.1733514615907546
3;0.6373215499660095;0.07307953772943576
4;0.7138001359619307;0.110469068660775
mean;0.715924541128484;0.11726716519374576
standard_deviation;0.051819811852695734;0.03595206628366108
