index;step_length;step_width
1;0.8480625424881033;0.33820530251529574
2;0.7579877634262406;0.09177430319510538
3;0.8480625424881033;0.14445955132562882
4;0.7460910944935418;0.2379333786539769
mean;0.8000509857239972;0.2030931339225017
standard_deviation;0.0481954450583741;0.09394003384800288
