index;step_length;step_width
1;0.6764106050305915;0.11556764106050306
2;0.7171991842284161;0.17845003399048268
3;0.7834806254248811;0.34160435078178114
4;0.8412644459551326;0.14445955132562882
mean;0.7545887151597553;0.19502039428959894
standard_deviation;0.06296272451680049;0.08750795960690567
