index;step_length;step_width
1;0.7154996600951734;0.07647858599592114
2;0.7987763426240653;0.14106050305914344
3;0.7205982324949014;0.2124405166553365
4;0.8123725356900068;0.10537049626104691
mean;0.7618116927260368;0.133837525492862
standard_deviation;0.044062846747391915;0.050820815907730625
