index;step_length;step_width
1;0.6883072739632903;0.3450033990482665
2;0.7868796736913665;0.15295717199184228
3;0.8395649218218899;0.29571719918422845
4;0.7222977566281441;0.12066621346023114
mean;0.7592624065261728;0.22858599592114207
standard_deviation;0.058335717162799644;0.09410899087992682
