index;step_length;step_width
1;0.7953772943575799;0.2379333786539769
2;0.7324949014276003;0.11386811692726037
3;0.6594153636981646;0.22433718558803536
4;0.7070020394289599;0.10197144799456152
mean;0.7235723997280761;0.16952753229095854
standard_deviation;0.04905674276263673;0.061937978969444134
