index;step_length;step_width
1;0.822569680489463;0.21074099252209383
2;0.7409925220938137;0.3280081577158396
3;0.822569680489463;0.14785859959211423
4;0.7256968048946295;0.29231815091774305
mean;0.7779571719918423;0.24473147518694766
standard_deviation;0.04493907859569392;0.07024813965139491
