index;step_length;step_width
1;0.7579877634262406;0.30761386811692726
2;0.8480625424881033;0.09517335146159075
3;0.7511896668932699;0.15805574439157036
4;0.8106730115567642;0.30931339225016996
mean;0.7919782460910945;0.21753908905506458
standard_deviation;0.039730352574986263;0.09360506206816681
