index;step_length;step_width
1;0.7868796736913665;0.07987763426240653
2;0.7477906186267845;0.12236573759347383
3;0.6441196464989803;0.18524813052345343
4;0.7358939496940857;0.34160435078178114
mean;0.7286709721278042;0.18227396329027873
standard_deviation;0.05233285748570452;0.09933405981012602
