index;step_length;step_width
1;0.7715839564921823;0.22433718558803536
2;0.8293677770224338;0.09007477906186268
3;0.7188987083616588;0.14615907545887152
4;0.6594153636981646;0.26002719238613187
mean;0.7448164513936099;0.18014955812372535
standard_deviation;0.06290965978732699;0.06633589075891823
