index;step_length;step_width
1;0.623725356900068;0.1495581237253569
2;0.5489462950373896;0.2787219578518015
3;0.6254248810333107;0.09007477906186268
4;0.5591434398368457;0.13766145479265807
5;0.5217539089055064;0.26342624065261727
6;0.5914343983684569;0.08157715839564922
mean;0.5784047133469296;0.16683661907999095
standard_deviation;0.038476699233598324;0.0776307245443586
