index;step_length;step_width
1;0.5846363018354861;0.20224337185588037
2;0.5183548606390211;0.33650577838205303
3;0.5965329707681849;0.09007477906186268
4;0.5115567641060503;0.15295717199184228
5;0.5812372535690007;0.26172671651937457
6;0.513256288239293;0.07138001359619307
mean;0.5509290731928395;0.18581463856786765
standard_deviation;0.036889418778802786;0.09316775521900865
