index;step_length;step_width
1;0.5744391570360299;0.32460910944935417
2;0.6373215499660095;0.11216859279401768
3;0.6781101291638342;0.2124405166553365
4;0.5914343983684569;0.08327668252889191
5;0.6594153636981646;0.16485384092454114
mean;0.628144119646499;0.17946974847042826
standard_deviation;0.039472888630547806;0.08502785649900514
