index;step_length;step_width
1;0.6390210740992522;0.3280081577158396
2;0.6883072739632903;0.1274643099932019
3;0.6271244051665534;0.24643099932019036
4;0.5948334466349422;0.0866757307953773
5;0.6594153636981646;0.16485384092454114
mean;0.6417403127124406;0.19068660774983007
standard_deviation;0.03131185847158812;0.08654166462106991
