index;step_length;step_width
1;0.53025152957172;0.14445955132562882
2;0.5999320190346703;0.27362338545207343
3;0.5455472467709042;0.1342624065261727
4;0.5200543847722637;0.23113528212100612
5;0.5455472467709042;0.0866757307953773
6;0.5829367777022434;0.16485384092454114
mean;0.5540448674371176;0.17250169952413322
standard_deviation;0.0283027328275477;0.062365434639994825
