index;step_length;step_width
1;0.5115567641060503;0.31271244051665537
2;0.5591434398368457;0.14615907545887152
3;0.6135282121006118;0.07307953772943576
4;0.5438477226376615;0.13596193065941536
5;0.5727396329027873;0.22773623385452074
6;0.6526172671651937;0.08497620666213461
mean;0.5755721731248584;0.16343757081350557
standard_deviation;0.046113894006274005;0.08345809507837593
