index;step_length;step_width
1;0.5744391570360299;0.16825288919102652
2;0.5455472467709042;0.270224337185588
3;0.5829367777022434;0.12236573759347383
4;0.5336505778382054;0.24133242692046228
5;0.5778382053025153;0.08327668252889191
6;0.5285520054384772;0.12406526172671653
mean;0.5571606616813959;0.16825288919102652
standard_deviation;0.021971822975749962;0.06710430667029106
