index;step_length;step_width
1;0.6101291638341265;0.12236573759347383
2;0.5557443915703604;0.22433718558803536
3;0.5880353501019715;0.3450033990482665
4;0.5183548606390211;0.08157715839564922
5;0.5761386811692726;0.1495581237253569
6;0.6441196464989803;0.28721957851801494
mean;0.582087015635622;0.20167686381146613
standard_deviation;0.03970914285236703;0.09291940860809181
