index;step_length;step_width
1;0.5608429639700884;0.09517335146159075
2;0.6373215499660095;0.17845003399048268
3;0.557443915703603;0.32460910944935417
4;0.5217539089055064;0.09857239972807615
5;0.5642420122365738;0.18014955812372535
6;0.6067301155676411;0.32460910944935417
mean;0.574722411058237;0.20026059370043056
standard_deviation;0.0373046730158428;0.09415331316481741
